id;9pnkdbv1unungvuf2kun9akb36;ip;165.225.94.223;time(s);16.354.196.446.276;data;submit;Ich möchte an dem Experiment teilnehmen!;;;;;;;;;;;;;;;;;;;;;;
id;9pnkdbv1unungvuf2kun9akb36;ip;165.225.94.223;time(s);16.354.197.523.349;data;expectedness1;26;expectedness2;100;expectedness3;11;expectedness4;0;expectedness5;11;submit;Experiment starten;;;;;;;;;;;;
id;9pnkdbv1unungvuf2kun9akb36;ip;165.225.94.223;time(s);16.354.197.931.045;data;<id:c1-t12>;<id:c1-t12>;<id:pq3>;<id:pq3>;expectedness1;0;<id:irr>;<id:irr>;expectedness2;0;<id:then>;<id:then>;expectedness3;100;<id:pq1>;<id:pq1>;expectedness4;100;<id:pq2>;<id:pq2>;expectedness5;100;submit;weiter
id;9pnkdbv1unungvuf2kun9akb36;ip;165.225.94.223;time(s);16.354.198.282.404;data;<id:c3-t2>;<id:c3-t2>;<id:irr>;<id:irr>;expectedness1;0;<id:pq3>;<id:pq3>;expectedness2;97;<id:then>;<id:then>;expectedness3;100;<id:pq1>;<id:pq1>;expectedness4;0;<id:pq2>;<id:pq2>;expectedness5;49;submit;weiter
id;9pnkdbv1unungvuf2kun9akb36;ip;165.225.94.223;time(s);16.354.198.547.096;data;<id:c1-t11>;<id:c1-t11>;<id:pq1>;<id:pq1>;expectedness1;83;<id:irr>;<id:irr>;expectedness2;0;<id:then>;<id:then>;expectedness3;59;<id:pq2>;<id:pq2>;expectedness4;100;<id:pq3>;<id:pq3>;expectedness5;42;submit;weiter
id;9pnkdbv1unungvuf2kun9akb36;ip;165.225.94.223;time(s);16.354.198.859.661;data;<id:c1-t10>;<id:c1-t10>;<id:pq2>;<id:pq2>;expectedness1;3;<id:then>;<id:then>;expectedness2;49;<id:pq1>;<id:pq1>;expectedness3;84;<id:pq3>;<id:pq3>;expectedness4;9;<id:irr>;<id:irr>;expectedness5;0;submit;weiter
id;9pnkdbv1unungvuf2kun9akb36;ip;165.225.94.234;time(s);16.354.199.100.788;data;<id:c1-t13>;<id:c1-t13>;<id:then>;<id:then>;expectedness1;36;<id:pq3>;<id:pq3>;expectedness2;0;<id:pq1>;<id:pq1>;expectedness3;100;<id:pq2>;<id:pq2>;expectedness4;66;<id:irr>;<id:irr>;expectedness5;0;submit;weiter
id;9pnkdbv1unungvuf2kun9akb36;ip;165.225.94.223;time(s);16.354.199.522.789;data;<id:c1-t15>;<id:c1-t15>;<id:pq2>;<id:pq2>;expectedness1;0;<id:then>;<id:then>;expectedness2;49;<id:pq1>;<id:pq1>;expectedness3;100;<id:irr>;<id:irr>;expectedness4;0;<id:pq3>;<id:pq3>;expectedness5;0;submit;weiter
id;9pnkdbv1unungvuf2kun9akb36;ip;165.225.94.223;time(s);16.354.199.864.773;data;<id:f1>;<id:f1>;<id:q4>;<id:q4>;expectedness1;85;<id:q2>;<id:q2>;expectedness2;0;<id:q1>;<id:q1>;expectedness3;21;<id:q3>;<id:q3>;expectedness4;100;<id:q5>;<id:q5>;expectedness5;11;submit;weiter
id;9pnkdbv1unungvuf2kun9akb36;ip;165.225.94.223;time(s);16.354.200.043.435;data;<id:c1-t16>;<id:c1-t16>;<id:pq1>;<id:pq1>;expectedness1;100;<id:irr>;<id:irr>;expectedness2;0;<id:pq3>;<id:pq3>;expectedness3;0;<id:then>;<id:then>;expectedness4;16;<id:pq2>;<id:pq2>;expectedness5;9;submit;weiter
id;9pnkdbv1unungvuf2kun9akb36;ip;165.225.94.223;time(s);16.354.200.558.864;data;<id:f10>;<id:f10>;<id:q2>;<id:q2>;expectedness1;24;<id:q3>;<id:q3>;expectedness2;0;<id:q1>;<id:q1>;expectedness3;77;<id:q4>;<id:q4>;expectedness4;41;<id:q5>;<id:q5>;expectedness5;86;submit;weiter
id;9pnkdbv1unungvuf2kun9akb36;ip;165.225.94.223;time(s);16.354.201.074.919;data;<id:f5>;<id:f5>;<id:q2>;<id:q2>;expectedness1;7;<id:q1>;<id:q1>;expectedness2;19;<id:q4>;<id:q4>;expectedness3;0;<id:q3>;<id:q3>;expectedness4;35;<id:q5>;<id:q5>;expectedness5;73;submit;weiter
id;9pnkdbv1unungvuf2kun9akb36;ip;165.225.94.223;time(s);16.354.201.381.737;data;<id:f12>;<id:f12>;<id:q3>;<id:q3>;expectedness1;62;<id:q2>;<id:q2>;expectedness2;39;<id:q5>;<id:q5>;expectedness3;0;<id:q1>;<id:q1>;expectedness4;63;<id:q4>;<id:q4>;expectedness5;0;submit;weiter
id;9pnkdbv1unungvuf2kun9akb36;ip;165.225.94.223;time(s);16.354.201.628.896;data;<id:c3-t1>;<id:c3-t1>;<id:pq1>;<id:pq1>;expectedness1;33;<id:then>;<id:then>;expectedness2;39;<id:pq3>;<id:pq3>;expectedness3;73;<id:pq2>;<id:pq2>;expectedness4;57;<id:irr>;<id:irr>;expectedness5;0;submit;weiter
id;9pnkdbv1unungvuf2kun9akb36;ip;165.225.94.223;time(s);16.354.201.837.372;data;<id:f13>;<id:f13>;<id:q2>;<id:q2>;expectedness1;0;<id:q3>;<id:q3>;expectedness2;0;<id:q1>;<id:q1>;expectedness3;100;<id:q4>;<id:q4>;expectedness4;100;<id:q5>;<id:q5>;expectedness5;0;submit;weiter
id;9pnkdbv1unungvuf2kun9akb36;ip;165.225.94.223;time(s);16.354.201.977.310;data;<id:f4>;<id:f4>;<id:q1>;<id:q1>;expectedness1;100;<id:q5>;<id:q5>;expectedness2;0;<id:q2>;<id:q2>;expectedness3;0;<id:q3>;<id:q3>;expectedness4;100;<id:q4>;<id:q4>;expectedness5;0;submit;weiter
id;9pnkdbv1unungvuf2kun9akb36;ip;165.225.94.223;time(s);16.354.202.197.364;data;<id:c3-t5>;<id:c3-t5>;<id:irr>;<id:irr>;expectedness1;0;<id:then>;<id:then>;expectedness2;0;<id:pq1>;<id:pq1>;expectedness3;100;<id:pq3>;<id:pq3>;expectedness4;80;<id:pq2>;<id:pq2>;expectedness5;0;submit;weiter
id;9pnkdbv1unungvuf2kun9akb36;ip;165.225.94.223;time(s);16.354.202.417.224;data;<id:f6>;<id:f6>;<id:q5>;<id:q5>;expectedness1;0;<id:q2>;<id:q2>;expectedness2;45;<id:q1>;<id:q1>;expectedness3;100;<id:q4>;<id:q4>;expectedness4;0;<id:q3>;<id:q3>;expectedness5;0;submit;weiter
id;9pnkdbv1unungvuf2kun9akb36;ip;165.225.94.223;time(s);16.354.202.616.765;data;<id:f3>;<id:f3>;<id:q4>;<id:q4>;expectedness1;0;<id:q2>;<id:q2>;expectedness2;0;<id:q3>;<id:q3>;expectedness3;12;<id:q1>;<id:q1>;expectedness4;100;<id:q5>;<id:q5>;expectedness5;0;submit;weiter
id;9pnkdbv1unungvuf2kun9akb36;ip;165.225.94.223;time(s);16.354.202.847.033;data;<id:f14>;<id:f14>;<id:q3>;<id:q3>;expectedness1;0;<id:q5>;<id:q5>;expectedness2;0;<id:q1>;<id:q1>;expectedness3;100;<id:q2>;<id:q2>;expectedness4;0;<id:q4>;<id:q4>;expectedness5;0;submit;weiter
id;9pnkdbv1unungvuf2kun9akb36;ip;165.225.94.223;time(s);16.354.203.004.751;data;<id:f11>;<id:f11>;<id:q3>;<id:q3>;expectedness1;0;<id:q5>;<id:q5>;expectedness2;0;<id:q1>;<id:q1>;expectedness3;0;<id:q2>;<id:q2>;expectedness4;100;<id:q4>;<id:q4>;expectedness5;0;submit;weiter
id;9pnkdbv1unungvuf2kun9akb36;ip;165.225.94.223;time(s);16.354.203.159.004;data;<id:c1-t14>;<id:c1-t14>;<id:pq3>;<id:pq3>;expectedness1;0;<id:pq2>;<id:pq2>;expectedness2;0;<id:irr>;<id:irr>;expectedness3;0;<id:pq1>;<id:pq1>;expectedness4;100;<id:then>;<id:then>;expectedness5;100;submit;weiter
id;9pnkdbv1unungvuf2kun9akb36;ip;165.225.94.223;time(s);16.354.203.416.311;data;<id:f8>;<id:f8>;<id:q5>;<id:q5>;expectedness1;0;<id:q2>;<id:q2>;expectedness2;52;<id:q4>;<id:q4>;expectedness3;93;<id:q3>;<id:q3>;expectedness4;53;<id:q1>;<id:q1>;expectedness5;53;submit;weiter
id;9pnkdbv1unungvuf2kun9akb36;ip;165.225.94.223;time(s);16.354.203.695.256;data;<id:c3-t3>;<id:c3-t3>;<id:then>;<id:then>;expectedness1;0;<id:irr>;<id:irr>;expectedness2;0;<id:pq2>;<id:pq2>;expectedness3;0;<id:pq3>;<id:pq3>;expectedness4;100;<id:pq1>;<id:pq1>;expectedness5;100;submit;weiter
id;9pnkdbv1unungvuf2kun9akb36;ip;165.225.94.223;time(s);16.354.203.870.254;data;<id:f7>;<id:f7>;<id:q1>;<id:q1>;expectedness1;0;<id:q5>;<id:q5>;expectedness2;0;<id:q4>;<id:q4>;expectedness3;100;<id:q3>;<id:q3>;expectedness4;0;<id:q2>;<id:q2>;expectedness5;49;submit;weiter
id;9pnkdbv1unungvuf2kun9akb36;ip;165.225.94.223;time(s);16.354.204.082.456;data;<id:c3-t8>;<id:c3-t8>;<id:pq1>;<id:pq1>;expectedness1;50;<id:pq3>;<id:pq3>;expectedness2;61;<id:pq2>;<id:pq2>;expectedness3;0;<id:irr>;<id:irr>;expectedness4;0;<id:then>;<id:then>;expectedness5;32;submit;weiter
id;9pnkdbv1unungvuf2kun9akb36;ip;165.225.94.223;time(s);16.354.204.262.938;data;<id:c3-t4>;<id:c3-t4>;<id:then>;<id:then>;expectedness1;63;<id:pq3>;<id:pq3>;expectedness2;100;<id:pq2>;<id:pq2>;expectedness3;0;<id:irr>;<id:irr>;expectedness4;0;<id:pq1>;<id:pq1>;expectedness5;0;submit;weiter
id;9pnkdbv1unungvuf2kun9akb36;ip;165.225.94.223;time(s);16.354.204.474.861;data;<id:f2>;<id:f2>;<id:q4>;<id:q4>;expectedness1;78;<id:q1>;<id:q1>;expectedness2;0;<id:q2>;<id:q2>;expectedness3;80;<id:q5>;<id:q5>;expectedness4;0;<id:q3>;<id:q3>;expectedness5;100;submit;weiter
id;9pnkdbv1unungvuf2kun9akb36;ip;165.225.94.223;time(s);16.354.204.689.949;data;<id:f9>;<id:f9>;<id:q5>;<id:q5>;expectedness1;83;<id:q2>;<id:q2>;expectedness2;12;<id:q4>;<id:q4>;expectedness3;84;<id:q3>;<id:q3>;expectedness4;0;<id:q1>;<id:q1>;expectedness5;100;submit;weiter
id;9pnkdbv1unungvuf2kun9akb36;ip;165.225.94.223;time(s);16.354.204.896.174;data;<id:c3-t6>;<id:c3-t6>;<id:irr>;<id:irr>;expectedness1;0;<id:pq3>;<id:pq3>;expectedness2;100;<id:pq2>;<id:pq2>;expectedness3;100;<id:pq1>;<id:pq1>;expectedness4;58;<id:then>;<id:then>;expectedness5;30;submit;weiter
id;9pnkdbv1unungvuf2kun9akb36;ip;165.225.94.223;time(s);16.354.205.225.775;data;<id:c1-t9>;<id:c1-t9>;<id:pq1>;<id:pq1>;expectedness1;14;<id:pq3>;<id:pq3>;expectedness2;0;<id:irr>;<id:irr>;expectedness3;0;<id:pq2>;<id:pq2>;expectedness4;100;<id:then>;<id:then>;expectedness5;64;submit;weiter
id;9pnkdbv1unungvuf2kun9akb36;ip;165.225.94.223;time(s);16.354.205.418.663;data;<id:c3-t7>;<id:c3-t7>;<id:pq2>;<id:pq2>;expectedness1;0;<id:pq3>;<id:pq3>;expectedness2;86;<id:pq1>;<id:pq1>;expectedness3;0;<id:then>;<id:then>;expectedness4;54;<id:irr>;<id:irr>;expectedness5;0;submit;weiter
id;9pnkdbv1unungvuf2kun9akb36;ip;165.225.94.223;time(s);16.354.205.643.141;data;<id:prolificID>;<id:prolificID>;prolificID;6155b137f40e36cb83f4016b;<id:age>;<id:age>;age;28;<id:sex>;<id:sex>;sex;male;<id:edu>;<id:edu>;edu;Bachelor;<id:natLang>;<id:natLang>;natLang;Deutsch;submit;weiter;;
id;9pnkdbv1unungvuf2kun9akb36;ip;165.225.94.223;time(s);16.354.205.660.497;data;feedback;;;;;;;;;;;;;;;;;;;;;;;
id;daorarnj58i6splt1c5c9826s0;ip;94.10.146.44;time(s);16.354.209.458.989;data;submit;Ich möchte an dem Experiment teilnehmen!;;;;;;;;;;;;;;;;;;;;;;
id;daorarnj58i6splt1c5c9826s0;ip;94.10.146.44;time(s);16.354.210.675.437;data;expectedness1;1;expectedness2;0;expectedness3;0;expectedness4;0;expectedness5;71;submit;Experiment starten;;;;;;;;;;;;
id;daorarnj58i6splt1c5c9826s0;ip;94.10.146.44;time(s);16.354.211.408.276;data;<id:c1-t11>;<id:c1-t11>;<id:then>;<id:then>;expectedness1;0;<id:pq2>;<id:pq2>;expectedness2;52;<id:pq1>;<id:pq1>;expectedness3;88;<id:irr>;<id:irr>;expectedness4;0;<id:pq3>;<id:pq3>;expectedness5;0;submit;weiter
id;daorarnj58i6splt1c5c9826s0;ip;94.10.146.44;time(s);16.354.211.812.537;data;<id:c3-t3>;<id:c3-t3>;<id:pq3>;<id:pq3>;expectedness1;70;<id:irr>;<id:irr>;expectedness2;0;<id:then>;<id:then>;expectedness3;0;<id:pq1>;<id:pq1>;expectedness4;66;<id:pq2>;<id:pq2>;expectedness5;60;submit;weiter
id;daorarnj58i6splt1c5c9826s0;ip;94.10.146.44;time(s);16.354.212.068.432;data;<id:c1-t15>;<id:c1-t15>;<id:then>;<id:then>;expectedness1;73;<id:irr>;<id:irr>;expectedness2;0;<id:pq1>;<id:pq1>;expectedness3;85;<id:pq3>;<id:pq3>;expectedness4;0;<id:pq2>;<id:pq2>;expectedness5;48;submit;weiter
id;daorarnj58i6splt1c5c9826s0;ip;94.10.146.44;time(s);16.354.212.354.524;data;<id:c3-t6>;<id:c3-t6>;<id:pq3>;<id:pq3>;expectedness1;80;<id:then>;<id:then>;expectedness2;65;<id:pq2>;<id:pq2>;expectedness3;95;<id:pq1>;<id:pq1>;expectedness4;73;<id:irr>;<id:irr>;expectedness5;0;submit;weiter
id;daorarnj58i6splt1c5c9826s0;ip;94.10.146.44;time(s);16.354.212.635.954;data;<id:f12>;<id:f12>;<id:q5>;<id:q5>;expectedness1;0;<id:q3>;<id:q3>;expectedness2;84;<id:q4>;<id:q4>;expectedness3;0;<id:q2>;<id:q2>;expectedness4;88;<id:q1>;<id:q1>;expectedness5;96;submit;weiter
id;daorarnj58i6splt1c5c9826s0;ip;94.10.146.44;time(s);16.354.212.818.105;data;<id:c1-t12>;<id:c1-t12>;<id:then>;<id:then>;expectedness1;74;<id:pq1>;<id:pq1>;expectedness2;85;<id:pq3>;<id:pq3>;expectedness3;55;<id:irr>;<id:irr>;expectedness4;0;<id:pq2>;<id:pq2>;expectedness5;88;submit;weiter
id;daorarnj58i6splt1c5c9826s0;ip;94.10.146.44;time(s);16.354.213.120.106;data;<id:c3-t4>;<id:c3-t4>;<id:pq3>;<id:pq3>;expectedness1;80;<id:then>;<id:then>;expectedness2;67;<id:irr>;<id:irr>;expectedness3;0;<id:pq1>;<id:pq1>;expectedness4;89;<id:pq2>;<id:pq2>;expectedness5;92;submit;weiter
id;daorarnj58i6splt1c5c9826s0;ip;94.10.146.44;time(s);16.354.213.319.483;data;<id:c1-t13>;<id:c1-t13>;<id:pq2>;<id:pq2>;expectedness1;84;<id:irr>;<id:irr>;expectedness2;0;<id:pq3>;<id:pq3>;expectedness3;87;<id:pq1>;<id:pq1>;expectedness4;91;<id:then>;<id:then>;expectedness5;62;submit;weiter
id;daorarnj58i6splt1c5c9826s0;ip;94.10.146.44;time(s);16.354.213.510.586;data;<id:c3-t2>;<id:c3-t2>;<id:pq2>;<id:pq2>;expectedness1;92;<id:pq3>;<id:pq3>;expectedness2;80;<id:then>;<id:then>;expectedness3;68;<id:pq1>;<id:pq1>;expectedness4;90;<id:irr>;<id:irr>;expectedness5;0;submit;weiter
id;daorarnj58i6splt1c5c9826s0;ip;94.10.146.44;time(s);16.354.213.786.213;data;<id:c3-t1>;<id:c3-t1>;<id:pq3>;<id:pq3>;expectedness1;94;<id:pq2>;<id:pq2>;expectedness2;84;<id:then>;<id:then>;expectedness3;67;<id:irr>;<id:irr>;expectedness4;0;<id:pq1>;<id:pq1>;expectedness5;94;submit;weiter
id;daorarnj58i6splt1c5c9826s0;ip;94.10.146.44;time(s);16.354.214.071.099;data;<id:f13>;<id:f13>;<id:q3>;<id:q3>;expectedness1;71;<id:q5>;<id:q5>;expectedness2;0;<id:q1>;<id:q1>;expectedness3;96;<id:q2>;<id:q2>;expectedness4;94;<id:q4>;<id:q4>;expectedness5;99;submit;weiter
id;daorarnj58i6splt1c5c9826s0;ip;94.10.146.44;time(s);16.354.214.283.420;data;<id:c1-t9>;<id:c1-t9>;<id:pq2>;<id:pq2>;expectedness1;84;<id:pq1>;<id:pq1>;expectedness2;95;<id:then>;<id:then>;expectedness3;77;<id:irr>;<id:irr>;expectedness4;0;<id:pq3>;<id:pq3>;expectedness5;52;submit;weiter
id;daorarnj58i6splt1c5c9826s0;ip;94.10.146.44;time(s);16.354.214.483.719;data;<id:c1-t10>;<id:c1-t10>;<id:pq2>;<id:pq2>;expectedness1;87;<id:then>;<id:then>;expectedness2;66;<id:irr>;<id:irr>;expectedness3;0;<id:pq3>;<id:pq3>;expectedness4;93;<id:pq1>;<id:pq1>;expectedness5;96;submit;weiter
id;daorarnj58i6splt1c5c9826s0;ip;94.10.146.44;time(s);16.354.214.705.761;data;<id:f4>;<id:f4>;<id:q2>;<id:q2>;expectedness1;0;<id:q1>;<id:q1>;expectedness2;92;<id:q3>;<id:q3>;expectedness3;96;<id:q4>;<id:q4>;expectedness4;0;<id:q5>;<id:q5>;expectedness5;90;submit;weiter
id;daorarnj58i6splt1c5c9826s0;ip;94.10.146.44;time(s);16.354.214.864.456;data;<id:c1-t14>;<id:c1-t14>;<id:pq3>;<id:pq3>;expectedness1;0;<id:then>;<id:then>;expectedness2;64;<id:irr>;<id:irr>;expectedness3;0;<id:pq2>;<id:pq2>;expectedness4;96;<id:pq1>;<id:pq1>;expectedness5;94;submit;weiter
id;daorarnj58i6splt1c5c9826s0;ip;94.10.146.44;time(s);16.354.215.061.051;data;<id:f7>;<id:f7>;<id:q3>;<id:q3>;expectedness1;0;<id:q2>;<id:q2>;expectedness2;94;<id:q5>;<id:q5>;expectedness3;90;<id:q1>;<id:q1>;expectedness4;97;<id:q4>;<id:q4>;expectedness5;81;submit;weiter
id;daorarnj58i6splt1c5c9826s0;ip;94.10.146.44;time(s);16.354.215.255.926;data;<id:f8>;<id:f8>;<id:q4>;<id:q4>;expectedness1;95;<id:q1>;<id:q1>;expectedness2;93;<id:q3>;<id:q3>;expectedness3;96;<id:q5>;<id:q5>;expectedness4;0;<id:q2>;<id:q2>;expectedness5;100;submit;weiter
id;daorarnj58i6splt1c5c9826s0;ip;94.10.146.44;time(s);16.354.215.553.509;data;<id:f2>;<id:f2>;<id:q2>;<id:q2>;expectedness1;93;<id:q1>;<id:q1>;expectedness2;92;<id:q5>;<id:q5>;expectedness3;73;<id:q4>;<id:q4>;expectedness4;91;<id:q3>;<id:q3>;expectedness5;100;submit;weiter
id;daorarnj58i6splt1c5c9826s0;ip;94.10.146.44;time(s);16.354.215.835.292;data;<id:f1>;<id:f1>;<id:q4>;<id:q4>;expectedness1;96;<id:q5>;<id:q5>;expectedness2;87;<id:q3>;<id:q3>;expectedness3;94;<id:q1>;<id:q1>;expectedness4;57;<id:q2>;<id:q2>;expectedness5;82;submit;weiter
id;daorarnj58i6splt1c5c9826s0;ip;94.10.146.44;time(s);16.354.216.160.446;data;<id:f5>;<id:f5>;<id:q2>;<id:q2>;expectedness1;89;<id:q3>;<id:q3>;expectedness2;73;<id:q1>;<id:q1>;expectedness3;75;<id:q4>;<id:q4>;expectedness4;85;<id:q5>;<id:q5>;expectedness5;7;submit;weiter
id;daorarnj58i6splt1c5c9826s0;ip;94.10.146.44;time(s);16.354.216.362.425;data;<id:f6>;<id:f6>;<id:q3>;<id:q3>;expectedness1;36;<id:q1>;<id:q1>;expectedness2;94;<id:q4>;<id:q4>;expectedness3;11;<id:q5>;<id:q5>;expectedness4;82;<id:q2>;<id:q2>;expectedness5;100;submit;weiter
id;daorarnj58i6splt1c5c9826s0;ip;94.10.146.44;time(s);16.354.216.655.843;data;<id:f10>;<id:f10>;<id:q3>;<id:q3>;expectedness1;91;<id:q4>;<id:q4>;expectedness2;95;<id:q1>;<id:q1>;expectedness3;100;<id:q5>;<id:q5>;expectedness4;84;<id:q2>;<id:q2>;expectedness5;76;submit;weiter
id;daorarnj58i6splt1c5c9826s0;ip;94.10.146.44;time(s);16.354.216.944.905;data;<id:f11>;<id:f11>;<id:q5>;<id:q5>;expectedness1;65;<id:q1>;<id:q1>;expectedness2;65;<id:q2>;<id:q2>;expectedness3;100;<id:q3>;<id:q3>;expectedness4;84;<id:q4>;<id:q4>;expectedness5;70;submit;weiter
id;daorarnj58i6splt1c5c9826s0;ip;94.10.146.44;time(s);16.354.217.159.882;data;<id:c3-t7>;<id:c3-t7>;<id:pq1>;<id:pq1>;expectedness1;77;<id:pq2>;<id:pq2>;expectedness2;91;<id:irr>;<id:irr>;expectedness3;0;<id:pq3>;<id:pq3>;expectedness4;96;<id:then>;<id:then>;expectedness5;73;submit;weiter
id;daorarnj58i6splt1c5c9826s0;ip;94.10.146.44;time(s);16.354.217.345.691;data;<id:c1-t16>;<id:c1-t16>;<id:then>;<id:then>;expectedness1;67;<id:pq1>;<id:pq1>;expectedness2;93;<id:pq2>;<id:pq2>;expectedness3;93;<id:pq3>;<id:pq3>;expectedness4;75;<id:irr>;<id:irr>;expectedness5;0;submit;weiter
id;daorarnj58i6splt1c5c9826s0;ip;94.10.146.44;time(s);16.354.217.693.147;data;<id:c3-t5>;<id:c3-t5>;<id:pq1>;<id:pq1>;expectedness1;81;<id:irr>;<id:irr>;expectedness2;0;<id:then>;<id:then>;expectedness3;66;<id:pq2>;<id:pq2>;expectedness4;86;<id:pq3>;<id:pq3>;expectedness5;79;submit;weiter
id;daorarnj58i6splt1c5c9826s0;ip;94.10.146.44;time(s);16.354.217.979.811;data;<id:f9>;<id:f9>;<id:q4>;<id:q4>;expectedness1;43;<id:q1>;<id:q1>;expectedness2;91;<id:q5>;<id:q5>;expectedness3;77;<id:q2>;<id:q2>;expectedness4;63;<id:q3>;<id:q3>;expectedness5;85;submit;weiter
id;daorarnj58i6splt1c5c9826s0;ip;94.10.146.44;time(s);16.354.218.182.900;data;<id:f3>;<id:f3>;<id:q4>;<id:q4>;expectedness1;0;<id:q3>;<id:q3>;expectedness2;83;<id:q5>;<id:q5>;expectedness3;0;<id:q1>;<id:q1>;expectedness4;100;<id:q2>;<id:q2>;expectedness5;87;submit;weiter
id;daorarnj58i6splt1c5c9826s0;ip;94.10.146.44;time(s);16.354.218.403.213;data;<id:f14>;<id:f14>;<id:q1>;<id:q1>;expectedness1;71;<id:q2>;<id:q2>;expectedness2;83;<id:q5>;<id:q5>;expectedness3;0;<id:q4>;<id:q4>;expectedness4;0;<id:q3>;<id:q3>;expectedness5;89;submit;weiter
id;daorarnj58i6splt1c5c9826s0;ip;94.10.146.44;time(s);16.354.218.673.418;data;<id:c3-t8>;<id:c3-t8>;<id:then>;<id:then>;expectedness1;66;<id:pq3>;<id:pq3>;expectedness2;87;<id:irr>;<id:irr>;expectedness3;0;<id:pq1>;<id:pq1>;expectedness4;96;<id:pq2>;<id:pq2>;expectedness5;32;submit;weiter
id;daorarnj58i6splt1c5c9826s0;ip;94.10.146.44;time(s);16.354.219.245.552;data;<id:prolificID>;<id:prolificID>;prolificID;61507e42dcca22e52eac77a3;<id:age>;<id:age>;age;23;<id:sex>;<id:sex>;sex;female;<id:edu>;<id:edu>;edu;Magister;<id:natLang>;<id:natLang>;natLang;Deutscg;submit;weiter;;
id;daorarnj58i6splt1c5c9826s0;ip;94.10.146.44;time(s);16.354.219.321.789;data;feedback;;;;;;;;;;;;;;;;;;;;;;;
id;nibceue099bj6quqcl2a141362;ip;95.223.77.207;time(s);16.354.222.872.506;data;submit;Ich möchte an dem Experiment teilnehmen!;;;;;;;;;;;;;;;;;;;;;;
id;nibceue099bj6quqcl2a141362;ip;95.223.77.207;time(s);16.354.223.563.104;data;expectedness1;55;expectedness2;13;expectedness3;23;expectedness4;0;expectedness5;75;submit;Experiment starten;;;;;;;;;;;;
id;nibceue099bj6quqcl2a141362;ip;95.223.77.207;time(s);16.354.223.795.759;data;<id:c1-t12>;<id:c1-t12>;<id:irr>;<id:irr>;expectedness1;0;<id:pq3>;<id:pq3>;expectedness2;89;<id:pq1>;<id:pq1>;expectedness3;100;<id:then>;<id:then>;expectedness4;100;<id:pq2>;<id:pq2>;expectedness5;98;submit;weiter
id;nibceue099bj6quqcl2a141362;ip;95.223.77.207;time(s);16.354.223.992.317;data;<id:f12>;<id:f12>;<id:q2>;<id:q2>;expectedness1;55;<id:q4>;<id:q4>;expectedness2;0;<id:q1>;<id:q1>;expectedness3;100;<id:q5>;<id:q5>;expectedness4;0;<id:q3>;<id:q3>;expectedness5;80;submit;weiter
id;nibceue099bj6quqcl2a141362;ip;95.223.77.207;time(s);16.354.224.207.875;data;<id:c1-t15>;<id:c1-t15>;<id:irr>;<id:irr>;expectedness1;0;<id:pq3>;<id:pq3>;expectedness2;15;<id:then>;<id:then>;expectedness3;100;<id:pq1>;<id:pq1>;expectedness4;78;<id:pq2>;<id:pq2>;expectedness5;90;submit;weiter
id;nibceue099bj6quqcl2a141362;ip;95.223.77.207;time(s);16.354.224.478.332;data;<id:c1-t10>;<id:c1-t10>;<id:pq2>;<id:pq2>;expectedness1;78;<id:then>;<id:then>;expectedness2;100;<id:pq3>;<id:pq3>;expectedness3;88;<id:irr>;<id:irr>;expectedness4;0;<id:pq1>;<id:pq1>;expectedness5;100;submit;weiter
id;nibceue099bj6quqcl2a141362;ip;95.223.77.207;time(s);16.354.224.632.813;data;<id:c1-t16>;<id:c1-t16>;<id:pq2>;<id:pq2>;expectedness1;84;<id:pq3>;<id:pq3>;expectedness2;0;<id:pq1>;<id:pq1>;expectedness3;100;<id:irr>;<id:irr>;expectedness4;0;<id:then>;<id:then>;expectedness5;100;submit;weiter
id;nibceue099bj6quqcl2a141362;ip;95.223.77.207;time(s);16.354.224.844.537;data;<id:f8>;<id:f8>;<id:q2>;<id:q2>;expectedness1;92;<id:q4>;<id:q4>;expectedness2;84;<id:q1>;<id:q1>;expectedness3;93;<id:q5>;<id:q5>;expectedness4;0;<id:q3>;<id:q3>;expectedness5;100;submit;weiter
id;nibceue099bj6quqcl2a141362;ip;95.223.77.207;time(s);16.354.225.048.314;data;<id:f9>;<id:f9>;<id:q5>;<id:q5>;expectedness1;0;<id:q4>;<id:q4>;expectedness2;21;<id:q1>;<id:q1>;expectedness3;100;<id:q3>;<id:q3>;expectedness4;24;<id:q2>;<id:q2>;expectedness5;100;submit;weiter
id;nibceue099bj6quqcl2a141362;ip;95.223.77.207;time(s);16.354.225.226.929;data;<id:c1-t11>;<id:c1-t11>;<id:then>;<id:then>;expectedness1;100;<id:pq1>;<id:pq1>;expectedness2;94;<id:pq2>;<id:pq2>;expectedness3;100;<id:pq3>;<id:pq3>;expectedness4;0;<id:irr>;<id:irr>;expectedness5;0;submit;weiter
id;nibceue099bj6quqcl2a141362;ip;95.223.77.207;time(s);16.354.225.443.054;data;<id:c3-t8>;<id:c3-t8>;<id:pq1>;<id:pq1>;expectedness1;87;<id:then>;<id:then>;expectedness2;100;<id:pq2>;<id:pq2>;expectedness3;76;<id:irr>;<id:irr>;expectedness4;0;<id:pq3>;<id:pq3>;expectedness5;25;submit;weiter
id;nibceue099bj6quqcl2a141362;ip;95.223.77.207;time(s);16.354.225.640.522;data;<id:f6>;<id:f6>;<id:q4>;<id:q4>;expectedness1;0;<id:q2>;<id:q2>;expectedness2;71;<id:q1>;<id:q1>;expectedness3;81;<id:q5>;<id:q5>;expectedness4;74;<id:q3>;<id:q3>;expectedness5;88;submit;weiter
id;nibceue099bj6quqcl2a141362;ip;95.223.77.207;time(s);16.354.225.940.462;data;<id:f1>;<id:f1>;<id:q3>;<id:q3>;expectedness1;92;<id:q4>;<id:q4>;expectedness2;92;<id:q1>;<id:q1>;expectedness3;63;<id:q2>;<id:q2>;expectedness4;79;<id:q5>;<id:q5>;expectedness5;0;submit;weiter
id;nibceue099bj6quqcl2a141362;ip;95.223.77.207;time(s);16.354.226.184.190;data;<id:c3-t7>;<id:c3-t7>;<id:pq2>;<id:pq2>;expectedness1;58;<id:irr>;<id:irr>;expectedness2;0;<id:pq1>;<id:pq1>;expectedness3;100;<id:then>;<id:then>;expectedness4;99;<id:pq3>;<id:pq3>;expectedness5;100;submit;weiter
id;nibceue099bj6quqcl2a141362;ip;95.223.77.207;time(s);16.354.226.363.979;data;<id:f4>;<id:f4>;<id:q2>;<id:q2>;expectedness1;92;<id:q5>;<id:q5>;expectedness2;78;<id:q1>;<id:q1>;expectedness3;100;<id:q3>;<id:q3>;expectedness4;91;<id:q4>;<id:q4>;expectedness5;22;submit;weiter
id;nibceue099bj6quqcl2a141362;ip;95.223.77.207;time(s);16.354.226.626.104;data;<id:c3-t1>;<id:c3-t1>;<id:pq1>;<id:pq1>;expectedness1;82;<id:pq3>;<id:pq3>;expectedness2;90;<id:then>;<id:then>;expectedness3;94;<id:irr>;<id:irr>;expectedness4;0;<id:pq2>;<id:pq2>;expectedness5;100;submit;weiter
id;nibceue099bj6quqcl2a141362;ip;95.223.77.207;time(s);16.354.226.862.197;data;<id:c3-t4>;<id:c3-t4>;<id:irr>;<id:irr>;expectedness1;0;<id:pq2>;<id:pq2>;expectedness2;7;<id:then>;<id:then>;expectedness3;79;<id:pq3>;<id:pq3>;expectedness4;100;<id:pq1>;<id:pq1>;expectedness5;29;submit;weiter
id;nibceue099bj6quqcl2a141362;ip;95.223.77.207;time(s);16.354.227.056.126;data;<id:c1-t9>;<id:c1-t9>;<id:pq3>;<id:pq3>;expectedness1;15;<id:then>;<id:then>;expectedness2;87;<id:pq1>;<id:pq1>;expectedness3;94;<id:irr>;<id:irr>;expectedness4;0;<id:pq2>;<id:pq2>;expectedness5;31;submit;weiter
id;nibceue099bj6quqcl2a141362;ip;95.223.77.207;time(s);16.354.227.265.790;data;<id:f13>;<id:f13>;<id:q5>;<id:q5>;expectedness1;0;<id:q2>;<id:q2>;expectedness2;61;<id:q4>;<id:q4>;expectedness3;84;<id:q3>;<id:q3>;expectedness4;85;<id:q1>;<id:q1>;expectedness5;100;submit;weiter
id;nibceue099bj6quqcl2a141362;ip;95.223.77.207;time(s);16.354.227.457.161;data;<id:c3-t6>;<id:c3-t6>;<id:irr>;<id:irr>;expectedness1;0;<id:pq3>;<id:pq3>;expectedness2;62;<id:pq1>;<id:pq1>;expectedness3;74;<id:then>;<id:then>;expectedness4;80;<id:pq2>;<id:pq2>;expectedness5;100;submit;weiter
id;nibceue099bj6quqcl2a141362;ip;95.223.77.207;time(s);16.354.227.678.173;data;<id:f7>;<id:f7>;<id:q3>;<id:q3>;expectedness1;36;<id:q4>;<id:q4>;expectedness2;90;<id:q5>;<id:q5>;expectedness3;67;<id:q2>;<id:q2>;expectedness4;100;<id:q1>;<id:q1>;expectedness5;23;submit;weiter
id;nibceue099bj6quqcl2a141362;ip;95.223.77.207;time(s);16.354.227.886.540;data;<id:f11>;<id:f11>;<id:q5>;<id:q5>;expectedness1;0;<id:q4>;<id:q4>;expectedness2;6;<id:q3>;<id:q3>;expectedness3;18;<id:q2>;<id:q2>;expectedness4;100;<id:q1>;<id:q1>;expectedness5;87;submit;weiter
id;nibceue099bj6quqcl2a141362;ip;95.223.77.207;time(s);16.354.228.113.535;data;<id:c3-t3>;<id:c3-t3>;<id:pq2>;<id:pq2>;expectedness1;84;<id:pq3>;<id:pq3>;expectedness2;88;<id:then>;<id:then>;expectedness3;90;<id:irr>;<id:irr>;expectedness4;0;<id:pq1>;<id:pq1>;expectedness5;96;submit;weiter
id;nibceue099bj6quqcl2a141362;ip;95.223.77.207;time(s);16.354.228.293.616;data;<id:f14>;<id:f14>;<id:q4>;<id:q4>;expectedness1;0;<id:q2>;<id:q2>;expectedness2;53;<id:q1>;<id:q1>;expectedness3;100;<id:q5>;<id:q5>;expectedness4;0;<id:q3>;<id:q3>;expectedness5;42;submit;weiter
id;nibceue099bj6quqcl2a141362;ip;95.223.77.207;time(s);16.354.228.503.341;data;<id:c3-t2>;<id:c3-t2>;<id:pq3>;<id:pq3>;expectedness1;85;<id:irr>;<id:irr>;expectedness2;0;<id:pq2>;<id:pq2>;expectedness3;95;<id:then>;<id:then>;expectedness4;95;<id:pq1>;<id:pq1>;expectedness5;62;submit;weiter
id;nibceue099bj6quqcl2a141362;ip;95.223.77.207;time(s);16.354.228.659.628;data;<id:c1-t13>;<id:c1-t13>;<id:irr>;<id:irr>;expectedness1;0;<id:pq3>;<id:pq3>;expectedness2;23;<id:pq1>;<id:pq1>;expectedness3;79;<id:then>;<id:then>;expectedness4;82;<id:pq2>;<id:pq2>;expectedness5;49;submit;weiter
id;nibceue099bj6quqcl2a141362;ip;95.223.77.207;time(s);16.354.228.818.605;data;<id:f10>;<id:f10>;<id:q1>;<id:q1>;expectedness1;84;<id:q2>;<id:q2>;expectedness2;13;<id:q5>;<id:q5>;expectedness3;74;<id:q4>;<id:q4>;expectedness4;81;<id:q3>;<id:q3>;expectedness5;0;submit;weiter
id;nibceue099bj6quqcl2a141362;ip;95.223.77.207;time(s);16.354.228.991.520;data;<id:f5>;<id:f5>;<id:q5>;<id:q5>;expectedness1;0;<id:q2>;<id:q2>;expectedness2;68;<id:q3>;<id:q3>;expectedness3;78;<id:q1>;<id:q1>;expectedness4;61;<id:q4>;<id:q4>;expectedness5;72;submit;weiter
id;nibceue099bj6quqcl2a141362;ip;95.223.77.207;time(s);16.354.229.224.954;data;<id:f2>;<id:f2>;<id:q5>;<id:q5>;expectedness1;100;<id:q3>;<id:q3>;expectedness2;83;<id:q2>;<id:q2>;expectedness3;71;<id:q1>;<id:q1>;expectedness4;71;<id:q4>;<id:q4>;expectedness5;92;submit;weiter
id;nibceue099bj6quqcl2a141362;ip;95.223.77.207;time(s);16.354.229.348.113;data;<id:c1-t14>;<id:c1-t14>;<id:pq1>;<id:pq1>;expectedness1;93;<id:then>;<id:then>;expectedness2;97;<id:irr>;<id:irr>;expectedness3;0;<id:pq2>;<id:pq2>;expectedness4;71;<id:pq3>;<id:pq3>;expectedness5;0;submit;weiter
id;nibceue099bj6quqcl2a141362;ip;95.223.77.207;time(s);16.354.229.574.498;data;<id:c3-t5>;<id:c3-t5>;<id:pq1>;<id:pq1>;expectedness1;90;<id:irr>;<id:irr>;expectedness2;0;<id:then>;<id:then>;expectedness3;96;<id:pq3>;<id:pq3>;expectedness4;27;<id:pq2>;<id:pq2>;expectedness5;100;submit;weiter
id;nibceue099bj6quqcl2a141362;ip;95.223.77.207;time(s);16.354.229.731.210;data;<id:f3>;<id:f3>;<id:q3>;<id:q3>;expectedness1;54;<id:q1>;<id:q1>;expectedness2;91;<id:q5>;<id:q5>;expectedness3;0;<id:q4>;<id:q4>;expectedness4;0;<id:q2>;<id:q2>;expectedness5;84;submit;weiter
id;nibceue099bj6quqcl2a141362;ip;95.223.77.207;time(s);16.354.229.959.419;data;<id:prolificID>;<id:prolificID>;prolificID;616f3558ec186de0053214b3;<id:age>;<id:age>;age;37;<id:sex>;<id:sex>;sex;female;<id:edu>;<id:edu>;edu;Bachelor;<id:natLang>;<id:natLang>;natLang;Deutsch;submit;weiter;;
id;nibceue099bj6quqcl2a141362;ip;95.223.77.207;time(s);16.354.229.994.483;data;feedback;;;;;;;;;;;;;;;;;;;;;;;
id;rs0fjkgh2kkgg6gr6ssf40v8k0;ip;91.42.86.164;time(s);16.354.241.426.170;data;submit;Ich möchte an dem Experiment teilnehmen!;;;;;;;;;;;;;;;;;;;;;;
id;rs0fjkgh2kkgg6gr6ssf40v8k0;ip;91.42.86.164;time(s);16.354.242.449.138;data;expectedness1;61;expectedness2;100;expectedness3;0;expectedness4;0;expectedness5;23;submit;Experiment starten;;;;;;;;;;;;
id;rs0fjkgh2kkgg6gr6ssf40v8k0;ip;91.42.86.164;time(s);16.354.242.821.779;data;<id:c3-t3>;<id:c3-t3>;<id:pq2>;<id:pq2>;expectedness1;100;<id:irr>;<id:irr>;expectedness2;0;<id:pq1>;<id:pq1>;expectedness3;100;<id:pq3>;<id:pq3>;expectedness4;51;<id:then>;<id:then>;expectedness5;100;submit;weiter
id;arcq9q54p7nedt0qj7tvuld0h6;ip;87.123.196.112;time(s);16.354.242.978.512;data;submit;Ich möchte an dem Experiment teilnehmen!;;;;;;;;;;;;;;;;;;;;;;
id;rs0fjkgh2kkgg6gr6ssf40v8k0;ip;91.42.86.164;time(s);16.354.243.117.978;data;<id:c3-t4>;<id:c3-t4>;<id:then>;<id:then>;expectedness1;100;<id:pq1>;<id:pq1>;expectedness2;51;<id:pq3>;<id:pq3>;expectedness3;100;<id:irr>;<id:irr>;expectedness4;0;<id:pq2>;<id:pq2>;expectedness5;12;submit;weiter
id;rs0fjkgh2kkgg6gr6ssf40v8k0;ip;91.42.86.164;time(s);16.354.243.371.982;data;<id:f3>;<id:f3>;<id:q5>;<id:q5>;expectedness1;0;<id:q2>;<id:q2>;expectedness2;100;<id:q4>;<id:q4>;expectedness3;0;<id:q1>;<id:q1>;expectedness4;100;<id:q3>;<id:q3>;expectedness5;59;submit;weiter
id;arcq9q54p7nedt0qj7tvuld0h6;ip;87.123.196.112;time(s);16.354.243.540.886;data;expectedness1;85;expectedness2;67;expectedness3;80;expectedness4;6;expectedness5;81;submit;Experiment starten;;;;;;;;;;;;
id;rs0fjkgh2kkgg6gr6ssf40v8k0;ip;91.42.86.164;time(s);16.354.243.575.308;data;<id:c1-t9>;<id:c1-t9>;<id:irr>;<id:irr>;expectedness1;0;<id:then>;<id:then>;expectedness2;100;<id:pq2>;<id:pq2>;expectedness3;52;<id:pq1>;<id:pq1>;expectedness4;70;<id:pq3>;<id:pq3>;expectedness5;0;submit;weiter
id;arcq9q54p7nedt0qj7tvuld0h6;ip;87.123.196.112;time(s);16.354.243.679.650;data;<id:c1-t9>;<id:c1-t9>;<id:then>;<id:then>;expectedness1;84;<id:pq1>;<id:pq1>;expectedness2;30;<id:pq3>;<id:pq3>;expectedness3;28;<id:pq2>;<id:pq2>;expectedness4;8;<id:irr>;<id:irr>;expectedness5;0;submit;weiter
id;arcq9q54p7nedt0qj7tvuld0h6;ip;87.123.196.112;time(s);16.354.243.838.314;data;<id:c3-t4>;<id:c3-t4>;<id:pq3>;<id:pq3>;expectedness1;97;<id:irr>;<id:irr>;expectedness2;0;<id:pq1>;<id:pq1>;expectedness3;70;<id:then>;<id:then>;expectedness4;68;<id:pq2>;<id:pq2>;expectedness5;75;submit;weiter
id;rs0fjkgh2kkgg6gr6ssf40v8k0;ip;91.42.86.164;time(s);16.354.243.893.297;data;<id:f2>;<id:f2>;<id:q2>;<id:q2>;expectedness1;54;<id:q4>;<id:q4>;expectedness2;72;<id:q1>;<id:q1>;expectedness3;74;<id:q5>;<id:q5>;expectedness4;72;<id:q3>;<id:q3>;expectedness5;76;submit;weiter
id;arcq9q54p7nedt0qj7tvuld0h6;ip;87.123.196.112;time(s);16.354.243.972.692;data;<id:c1-t11>;<id:c1-t11>;<id:pq2>;<id:pq2>;expectedness1;88;<id:pq1>;<id:pq1>;expectedness2;85;<id:then>;<id:then>;expectedness3;55;<id:irr>;<id:irr>;expectedness4;0;<id:pq3>;<id:pq3>;expectedness5;54;submit;weiter
id;rs0fjkgh2kkgg6gr6ssf40v8k0;ip;91.42.86.164;time(s);16.354.244.058.467;data;<id:c1-t14>;<id:c1-t14>;<id:irr>;<id:irr>;expectedness1;0;<id:pq3>;<id:pq3>;expectedness2;0;<id:pq2>;<id:pq2>;expectedness3;49;<id:then>;<id:then>;expectedness4;100;<id:pq1>;<id:pq1>;expectedness5;100;submit;weiter
id;arcq9q54p7nedt0qj7tvuld0h6;ip;87.123.196.112;time(s);16.354.244.129.568;data;<id:c1-t14>;<id:c1-t14>;<id:irr>;<id:irr>;expectedness1;0;<id:then>;<id:then>;expectedness2;94;<id:pq1>;<id:pq1>;expectedness3;92;<id:pq3>;<id:pq3>;expectedness4;0;<id:pq2>;<id:pq2>;expectedness5;89;submit;weiter
id;rs0fjkgh2kkgg6gr6ssf40v8k0;ip;91.42.86.164;time(s);16.354.244.267.758;data;<id:f12>;<id:f12>;<id:q1>;<id:q1>;expectedness1;100;<id:q5>;<id:q5>;expectedness2;0;<id:q3>;<id:q3>;expectedness3;83;<id:q2>;<id:q2>;expectedness4;43;<id:q4>;<id:q4>;expectedness5;0;submit;weiter
id;arcq9q54p7nedt0qj7tvuld0h6;ip;87.123.196.112;time(s);16.354.244.286.288;data;<id:c3-t6>;<id:c3-t6>;<id:pq2>;<id:pq2>;expectedness1;96;<id:pq1>;<id:pq1>;expectedness2;73;<id:then>;<id:then>;expectedness3;94;<id:irr>;<id:irr>;expectedness4;0;<id:pq3>;<id:pq3>;expectedness5;85;submit;weiter
id;arcq9q54p7nedt0qj7tvuld0h6;ip;87.123.196.112;time(s);16.354.244.401.738;data;<id:f3>;<id:f3>;<id:q2>;<id:q2>;expectedness1;89;<id:q3>;<id:q3>;expectedness2;78;<id:q4>;<id:q4>;expectedness3;0;<id:q5>;<id:q5>;expectedness4;0;<id:q1>;<id:q1>;expectedness5;100;submit;weiter
id;rs0fjkgh2kkgg6gr6ssf40v8k0;ip;91.42.86.164;time(s);16.354.244.447.120;data;<id:c1-t16>;<id:c1-t16>;<id:pq2>;<id:pq2>;expectedness1;39;<id:pq3>;<id:pq3>;expectedness2;0;<id:pq1>;<id:pq1>;expectedness3;100;<id:irr>;<id:irr>;expectedness4;0;<id:then>;<id:then>;expectedness5;78;submit;weiter
id;arcq9q54p7nedt0qj7tvuld0h6;ip;87.123.196.112;time(s);16.354.244.549.736;data;<id:f13>;<id:f13>;<id:q3>;<id:q3>;expectedness1;77;<id:q5>;<id:q5>;expectedness2;0;<id:q4>;<id:q4>;expectedness3;92;<id:q2>;<id:q2>;expectedness4;84;<id:q1>;<id:q1>;expectedness5;100;submit;weiter
id;arcq9q54p7nedt0qj7tvuld0h6;ip;87.123.196.112;time(s);16.354.244.690.301;data;<id:c1-t16>;<id:c1-t16>;<id:pq1>;<id:pq1>;expectedness1;88;<id:then>;<id:then>;expectedness2;94;<id:pq3>;<id:pq3>;expectedness3;70;<id:pq2>;<id:pq2>;expectedness4;85;<id:irr>;<id:irr>;expectedness5;0;submit;weiter
id;rs0fjkgh2kkgg6gr6ssf40v8k0;ip;91.42.86.164;time(s);16.354.244.713.761;data;<id:f10>;<id:f10>;<id:q1>;<id:q1>;expectedness1;48;<id:q4>;<id:q4>;expectedness2;69;<id:q5>;<id:q5>;expectedness3;73;<id:q2>;<id:q2>;expectedness4;47;<id:q3>;<id:q3>;expectedness5;6;submit;weiter
id;rs0fjkgh2kkgg6gr6ssf40v8k0;ip;91.42.86.164;time(s);16.354.244.927.855;data;<id:c3-t5>;<id:c3-t5>;<id:pq2>;<id:pq2>;expectedness1;35;<id:irr>;<id:irr>;expectedness2;0;<id:pq1>;<id:pq1>;expectedness3;29;<id:pq3>;<id:pq3>;expectedness4;55;<id:then>;<id:then>;expectedness5;37;submit;weiter
id;rs0fjkgh2kkgg6gr6ssf40v8k0;ip;91.42.86.164;time(s);16.354.245.115.574;data;<id:c1-t13>;<id:c1-t13>;<id:pq2>;<id:pq2>;expectedness1;31;<id:irr>;<id:irr>;expectedness2;0;<id:then>;<id:then>;expectedness3;65;<id:pq1>;<id:pq1>;expectedness4;100;<id:pq3>;<id:pq3>;expectedness5;0;submit;weiter
id;rs0fjkgh2kkgg6gr6ssf40v8k0;ip;91.42.86.164;time(s);16.354.245.350.704;data;<id:f11>;<id:f11>;<id:q3>;<id:q3>;expectedness1;6;<id:q5>;<id:q5>;expectedness2;0;<id:q1>;<id:q1>;expectedness3;23;<id:q4>;<id:q4>;expectedness4;34;<id:q2>;<id:q2>;expectedness5;100;submit;weiter
id;rs0fjkgh2kkgg6gr6ssf40v8k0;ip;91.42.86.164;time(s);16.354.245.544.499;data;<id:f14>;<id:f14>;<id:q5>;<id:q5>;expectedness1;0;<id:q4>;<id:q4>;expectedness2;0;<id:q3>;<id:q3>;expectedness3;0;<id:q1>;<id:q1>;expectedness4;100;<id:q2>;<id:q2>;expectedness5;0;submit;weiter
id;rs0fjkgh2kkgg6gr6ssf40v8k0;ip;91.42.86.164;time(s);16.354.245.728.943;data;<id:f8>;<id:f8>;<id:q3>;<id:q3>;expectedness1;52;<id:q4>;<id:q4>;expectedness2;40;<id:q5>;<id:q5>;expectedness3;0;<id:q2>;<id:q2>;expectedness4;49;<id:q1>;<id:q1>;expectedness5;67;submit;weiter
id;rs0fjkgh2kkgg6gr6ssf40v8k0;ip;91.42.86.164;time(s);16.354.245.899.989;data;<id:c1-t15>;<id:c1-t15>;<id:irr>;<id:irr>;expectedness1;0;<id:pq3>;<id:pq3>;expectedness2;0;<id:pq2>;<id:pq2>;expectedness3;59;<id:pq1>;<id:pq1>;expectedness4;80;<id:then>;<id:then>;expectedness5;81;submit;weiter
id;lh74r0qpdbs67jfi93nqmupuf4;ip;88.152.128.131;time(s);16.354.246.063.686;data;submit;Ich möchte an dem Experiment teilnehmen!;;;;;;;;;;;;;;;;;;;;;;
id;rs0fjkgh2kkgg6gr6ssf40v8k0;ip;91.42.86.164;time(s);16.354.246.104.309;data;<id:f7>;<id:f7>;<id:q5>;<id:q5>;expectedness1;0;<id:q2>;<id:q2>;expectedness2;50;<id:q4>;<id:q4>;expectedness3;93;<id:q3>;<id:q3>;expectedness4;0;<id:q1>;<id:q1>;expectedness5;0;submit;weiter
id;arcq9q54p7nedt0qj7tvuld0h6;ip;87.123.196.112;time(s);16.354.246.178.808;data;<id:c3-t3>;<id:c3-t3>;<id:pq2>;<id:pq2>;expectedness1;90;<id:pq1>;<id:pq1>;expectedness2;89;<id:then>;<id:then>;expectedness3;67;<id:pq3>;<id:pq3>;expectedness4;96;<id:irr>;<id:irr>;expectedness5;0;submit;weiter
id;arcq9q54p7nedt0qj7tvuld0h6;ip;87.123.196.112;time(s);16.354.246.341.666;data;<id:f5>;<id:f5>;<id:q2>;<id:q2>;expectedness1;95;<id:q4>;<id:q4>;expectedness2;86;<id:q5>;<id:q5>;expectedness3;66;<id:q1>;<id:q1>;expectedness4;83;<id:q3>;<id:q3>;expectedness5;83;submit;weiter
id;rs0fjkgh2kkgg6gr6ssf40v8k0;ip;91.42.86.164;time(s);16.354.246.367.096;data;<id:c3-t8>;<id:c3-t8>;<id:then>;<id:then>;expectedness1;56;<id:pq2>;<id:pq2>;expectedness2;0;<id:pq1>;<id:pq1>;expectedness3;32;<id:pq3>;<id:pq3>;expectedness4;70;<id:irr>;<id:irr>;expectedness5;0;submit;weiter
id;arcq9q54p7nedt0qj7tvuld0h6;ip;87.123.196.112;time(s);16.354.246.479.967;data;<id:f6>;<id:f6>;<id:q5>;<id:q5>;expectedness1;79;<id:q3>;<id:q3>;expectedness2;14;<id:q1>;<id:q1>;expectedness3;77;<id:q2>;<id:q2>;expectedness4;100;<id:q4>;<id:q4>;expectedness5;0;submit;weiter
id;rs0fjkgh2kkgg6gr6ssf40v8k0;ip;91.42.86.164;time(s);16.354.246.589.229;data;<id:f13>;<id:f13>;<id:q1>;<id:q1>;expectedness1;100;<id:q4>;<id:q4>;expectedness2;63;<id:q3>;<id:q3>;expectedness3;11;<id:q5>;<id:q5>;expectedness4;0;<id:q2>;<id:q2>;expectedness5;13;submit;weiter
id;arcq9q54p7nedt0qj7tvuld0h6;ip;87.123.196.112;time(s);16.354.246.783.308;data;<id:f12>;<id:f12>;<id:q3>;<id:q3>;expectedness1;93;<id:q2>;<id:q2>;expectedness2;52;<id:q4>;<id:q4>;expectedness3;0;<id:q5>;<id:q5>;expectedness4;0;<id:q1>;<id:q1>;expectedness5;100;submit;weiter
id;rs0fjkgh2kkgg6gr6ssf40v8k0;ip;91.42.86.164;time(s);16.354.246.818.990;data;<id:f9>;<id:f9>;<id:q4>;<id:q4>;expectedness1;25;<id:q2>;<id:q2>;expectedness2;95;<id:q5>;<id:q5>;expectedness3;20;<id:q1>;<id:q1>;expectedness4;85;<id:q3>;<id:q3>;expectedness5;0;submit;weiter
id;arcq9q54p7nedt0qj7tvuld0h6;ip;87.123.196.112;time(s);16.354.246.926.231;data;<id:c1-t12>;<id:c1-t12>;<id:then>;<id:then>;expectedness1;88;<id:pq2>;<id:pq2>;expectedness2;94;<id:irr>;<id:irr>;expectedness3;0;<id:pq1>;<id:pq1>;expectedness4;89;<id:pq3>;<id:pq3>;expectedness5;88;submit;weiter
id;rs0fjkgh2kkgg6gr6ssf40v8k0;ip;91.42.86.164;time(s);16.354.246.985.491;data;<id:c1-t11>;<id:c1-t11>;<id:pq3>;<id:pq3>;expectedness1;0;<id:then>;<id:then>;expectedness2;100;<id:pq2>;<id:pq2>;expectedness3;78;<id:pq1>;<id:pq1>;expectedness4;78;<id:irr>;<id:irr>;expectedness5;0;submit;weiter
id;rs0fjkgh2kkgg6gr6ssf40v8k0;ip;91.42.86.164;time(s);16.354.247.133.753;data;<id:c1-t10>;<id:c1-t10>;<id:pq3>;<id:pq3>;expectedness1;0;<id:then>;<id:then>;expectedness2;75;<id:irr>;<id:irr>;expectedness3;0;<id:pq1>;<id:pq1>;expectedness4;100;<id:pq2>;<id:pq2>;expectedness5;0;submit;weiter
id;arcq9q54p7nedt0qj7tvuld0h6;ip;87.123.196.112;time(s);16.354.247.205.342;data;<id:f8>;<id:f8>;<id:q5>;<id:q5>;expectedness1;0;<id:q3>;<id:q3>;expectedness2;90;<id:q4>;<id:q4>;expectedness3;87;<id:q1>;<id:q1>;expectedness4;86;<id:q2>;<id:q2>;expectedness5;94;submit;weiter
id;rs0fjkgh2kkgg6gr6ssf40v8k0;ip;91.42.86.164;time(s);16.354.247.414.973;data;<id:f1>;<id:f1>;<id:q2>;<id:q2>;expectedness1;33;<id:q5>;<id:q5>;expectedness2;0;<id:q1>;<id:q1>;expectedness3;0;<id:q4>;<id:q4>;expectedness4;67;<id:q3>;<id:q3>;expectedness5;100;submit;weiter
id;arcq9q54p7nedt0qj7tvuld0h6;ip;87.123.196.112;time(s);16.354.247.444.615;data;<id:f7>;<id:f7>;<id:q3>;<id:q3>;expectedness1;0;<id:q1>;<id:q1>;expectedness2;0;<id:q5>;<id:q5>;expectedness3;68;<id:q2>;<id:q2>;expectedness4;85;<id:q4>;<id:q4>;expectedness5;96;submit;weiter
id;lh74r0qpdbs67jfi93nqmupuf4;ip;88.152.128.131;time(s);16.354.247.482.132;data;expectedness1;48;expectedness2;90;expectedness3;0;expectedness4;0;expectedness5;50;submit;Experiment starten;;;;;;;;;;;;
id;arcq9q54p7nedt0qj7tvuld0h6;ip;87.123.196.112;time(s);16.354.247.591.359;data;<id:c1-t13>;<id:c1-t13>;<id:pq3>;<id:pq3>;expectedness1;83;<id:then>;<id:then>;expectedness2;85;<id:pq1>;<id:pq1>;expectedness3;91;<id:pq2>;<id:pq2>;expectedness4;100;<id:irr>;<id:irr>;expectedness5;0;submit;weiter
id;rs0fjkgh2kkgg6gr6ssf40v8k0;ip;91.42.86.164;time(s);16.354.247.622.951;data;<id:c3-t6>;<id:c3-t6>;<id:pq1>;<id:pq1>;expectedness1;36;<id:pq2>;<id:pq2>;expectedness2;100;<id:pq3>;<id:pq3>;expectedness3;100;<id:then>;<id:then>;expectedness4;63;<id:irr>;<id:irr>;expectedness5;0;submit;weiter
id;arcq9q54p7nedt0qj7tvuld0h6;ip;87.123.196.112;time(s);16.354.247.759.532;data;<id:c1-t15>;<id:c1-t15>;<id:pq2>;<id:pq2>;expectedness1;91;<id:then>;<id:then>;expectedness2;90;<id:pq3>;<id:pq3>;expectedness3;90;<id:pq1>;<id:pq1>;expectedness4;89;<id:irr>;<id:irr>;expectedness5;0;submit;weiter
id;lh74r0qpdbs67jfi93nqmupuf4;ip;88.152.128.131;time(s);16.354.247.764.303;data;<id:f10>;<id:f10>;<id:q5>;<id:q5>;expectedness1;91;<id:q3>;<id:q3>;expectedness2;16;<id:q4>;<id:q4>;expectedness3;68;<id:q2>;<id:q2>;expectedness4;33;<id:q1>;<id:q1>;expectedness5;90;submit;weiter
id;rs0fjkgh2kkgg6gr6ssf40v8k0;ip;91.42.86.164;time(s);16.354.247.820.425;data;<id:c3-t2>;<id:c3-t2>;<id:then>;<id:then>;expectedness1;66;<id:pq1>;<id:pq1>;expectedness2;64;<id:irr>;<id:irr>;expectedness3;0;<id:pq3>;<id:pq3>;expectedness4;64;<id:pq2>;<id:pq2>;expectedness5;65;submit;weiter
id;arcq9q54p7nedt0qj7tvuld0h6;ip;87.123.196.112;time(s);16.354.247.914.991;data;<id:f11>;<id:f11>;<id:q5>;<id:q5>;expectedness1;0;<id:q4>;<id:q4>;expectedness2;64;<id:q2>;<id:q2>;expectedness3;100;<id:q3>;<id:q3>;expectedness4;96;<id:q1>;<id:q1>;expectedness5;97;submit;weiter
id;rs0fjkgh2kkgg6gr6ssf40v8k0;ip;91.42.86.164;time(s);16.354.248.015.138;data;<id:c3-t1>;<id:c3-t1>;<id:pq1>;<id:pq1>;expectedness1;42;<id:irr>;<id:irr>;expectedness2;0;<id:then>;<id:then>;expectedness3;64;<id:pq3>;<id:pq3>;expectedness4;100;<id:pq2>;<id:pq2>;expectedness5;100;submit;weiter
id;lh74r0qpdbs67jfi93nqmupuf4;ip;88.152.128.131;time(s);16.354.248.110.416;data;<id:c1-t9>;<id:c1-t9>;<id:pq3>;<id:pq3>;expectedness1;24;<id:pq2>;<id:pq2>;expectedness2;86;<id:irr>;<id:irr>;expectedness3;0;<id:then>;<id:then>;expectedness4;16;<id:pq1>;<id:pq1>;expectedness5;84;submit;weiter
id;rs0fjkgh2kkgg6gr6ssf40v8k0;ip;91.42.86.164;time(s);16.354.248.281.005;data;<id:c1-t12>;<id:c1-t12>;<id:pq1>;<id:pq1>;expectedness1;74;<id:pq3>;<id:pq3>;expectedness2;0;<id:pq2>;<id:pq2>;expectedness3;76;<id:then>;<id:then>;expectedness4;87;<id:irr>;<id:irr>;expectedness5;0;submit;weiter
id;arcq9q54p7nedt0qj7tvuld0h6;ip;87.123.196.112;time(s);16.354.248.381.067;data;<id:f2>;<id:f2>;<id:q4>;<id:q4>;expectedness1;95;<id:q5>;<id:q5>;expectedness2;90;<id:q3>;<id:q3>;expectedness3;94;<id:q2>;<id:q2>;expectedness4;93;<id:q1>;<id:q1>;expectedness5;96;submit;weiter
id;lh74r0qpdbs67jfi93nqmupuf4;ip;88.152.128.131;time(s);16.354.248.393.919;data;<id:f1>;<id:f1>;<id:q1>;<id:q1>;expectedness1;10;<id:q3>;<id:q3>;expectedness2;87;<id:q4>;<id:q4>;expectedness3;15;<id:q5>;<id:q5>;expectedness4;15;<id:q2>;<id:q2>;expectedness5;76;submit;weiter
id;rs0fjkgh2kkgg6gr6ssf40v8k0;ip;91.42.86.164;time(s);16.354.248.461.878;data;<id:c3-t7>;<id:c3-t7>;<id:then>;<id:then>;expectedness1;81;<id:pq3>;<id:pq3>;expectedness2;100;<id:irr>;<id:irr>;expectedness3;0;<id:pq2>;<id:pq2>;expectedness4;84;<id:pq1>;<id:pq1>;expectedness5;16;submit;weiter
id;arcq9q54p7nedt0qj7tvuld0h6;ip;87.123.196.112;time(s);16.354.248.552.837;data;<id:f1>;<id:f1>;<id:q2>;<id:q2>;expectedness1;90;<id:q1>;<id:q1>;expectedness2;92;<id:q5>;<id:q5>;expectedness3;7;<id:q4>;<id:q4>;expectedness4;93;<id:q3>;<id:q3>;expectedness5;95;submit;weiter
id;rs0fjkgh2kkgg6gr6ssf40v8k0;ip;91.42.86.164;time(s);16.354.248.653.507;data;<id:f6>;<id:f6>;<id:q1>;<id:q1>;expectedness1;90;<id:q4>;<id:q4>;expectedness2;0;<id:q5>;<id:q5>;expectedness3;69;<id:q3>;<id:q3>;expectedness4;0;<id:q2>;<id:q2>;expectedness5;100;submit;weiter
id;lh74r0qpdbs67jfi93nqmupuf4;ip;88.152.128.131;time(s);16.354.248.704.225;data;<id:f5>;<id:f5>;<id:q1>;<id:q1>;expectedness1;13;<id:q5>;<id:q5>;expectedness2;49;<id:q4>;<id:q4>;expectedness3;37;<id:q3>;<id:q3>;expectedness4;49;<id:q2>;<id:q2>;expectedness5;50;submit;weiter
id;arcq9q54p7nedt0qj7tvuld0h6;ip;87.123.196.112;time(s);16.354.248.763.833;data;<id:c1-t10>;<id:c1-t10>;<id:pq2>;<id:pq2>;expectedness1;83;<id:irr>;<id:irr>;expectedness2;0;<id:then>;<id:then>;expectedness3;88;<id:pq3>;<id:pq3>;expectedness4;86;<id:pq1>;<id:pq1>;expectedness5;98;submit;weiter
id;rs0fjkgh2kkgg6gr6ssf40v8k0;ip;91.42.86.164;time(s);16.354.248.799.374;data;<id:f4>;<id:f4>;<id:q2>;<id:q2>;expectedness1;0;<id:q5>;<id:q5>;expectedness2;0;<id:q3>;<id:q3>;expectedness3;58;<id:q1>;<id:q1>;expectedness4;100;<id:q4>;<id:q4>;expectedness5;0;submit;weiter
id;lh74r0qpdbs67jfi93nqmupuf4;ip;88.152.128.131;time(s);16.354.248.958.594;data;<id:c1-t16>;<id:c1-t16>;<id:pq3>;<id:pq3>;expectedness1;12;<id:pq1>;<id:pq1>;expectedness2;100;<id:then>;<id:then>;expectedness3;77;<id:pq2>;<id:pq2>;expectedness4;100;<id:irr>;<id:irr>;expectedness5;0;submit;weiter
id;arcq9q54p7nedt0qj7tvuld0h6;ip;87.123.196.112;time(s);16.354.248.963.201;data;<id:c3-t5>;<id:c3-t5>;<id:then>;<id:then>;expectedness1;77;<id:pq1>;<id:pq1>;expectedness2;90;<id:pq2>;<id:pq2>;expectedness3;97;<id:pq3>;<id:pq3>;expectedness4;88;<id:irr>;<id:irr>;expectedness5;0;submit;weiter
id;arcq9q54p7nedt0qj7tvuld0h6;ip;87.123.196.112;time(s);16.354.249.134.837;data;<id:c3-t8>;<id:c3-t8>;<id:irr>;<id:irr>;expectedness1;0;<id:pq1>;<id:pq1>;expectedness2;92;<id:pq3>;<id:pq3>;expectedness3;93;<id:then>;<id:then>;expectedness4;89;<id:pq2>;<id:pq2>;expectedness5;6;submit;weiter
id;rs0fjkgh2kkgg6gr6ssf40v8k0;ip;91.42.86.164;time(s);16.354.249.135.841;data;<id:f5>;<id:f5>;<id:q1>;<id:q1>;expectedness1;71;<id:q3>;<id:q3>;expectedness2;75;<id:q5>;<id:q5>;expectedness3;0;<id:q2>;<id:q2>;expectedness4;69;<id:q4>;<id:q4>;expectedness5;74;submit;weiter
id;lh74r0qpdbs67jfi93nqmupuf4;ip;88.152.128.131;time(s);16.354.249.255.419;data;<id:c3-t3>;<id:c3-t3>;<id:pq3>;<id:pq3>;expectedness1;48;<id:pq1>;<id:pq1>;expectedness2;97;<id:irr>;<id:irr>;expectedness3;0;<id:then>;<id:then>;expectedness4;64;<id:pq2>;<id:pq2>;expectedness5;96;submit;weiter
id;arcq9q54p7nedt0qj7tvuld0h6;ip;87.123.196.112;time(s);16.354.249.275.361;data;<id:f4>;<id:f4>;<id:q5>;<id:q5>;expectedness1;75;<id:q4>;<id:q4>;expectedness2;74;<id:q3>;<id:q3>;expectedness3;90;<id:q1>;<id:q1>;expectedness4;100;<id:q2>;<id:q2>;expectedness5;92;submit;weiter
id;rs0fjkgh2kkgg6gr6ssf40v8k0;ip;91.42.86.164;time(s);16.354.249.384.610;data;<id:prolificID>;<id:prolificID>;prolificID;61557f657ea604d6b6b0ad1a;<id:age>;<id:age>;age;35;<id:sex>;<id:sex>;sex;male;<id:edu>;<id:edu>;edu;Berufsausbildung;<id:natLang>;<id:natLang>;natLang;Deutsch;submit;weiter;;
id;rs0fjkgh2kkgg6gr6ssf40v8k0;ip;91.42.86.164;time(s);16.354.249.426.618;data;feedback;;;;;;;;;;;;;;;;;;;;;;;
id;arcq9q54p7nedt0qj7tvuld0h6;ip;87.123.196.112;time(s);16.354.249.434.467;data;<id:f10>;<id:f10>;<id:q3>;<id:q3>;expectedness1;82;<id:q5>;<id:q5>;expectedness2;85;<id:q2>;<id:q2>;expectedness3;75;<id:q4>;<id:q4>;expectedness4;87;<id:q1>;<id:q1>;expectedness5;89;submit;weiter
id;lh74r0qpdbs67jfi93nqmupuf4;ip;88.152.128.131;time(s);16.354.249.439.171;data;<id:c1-t11>;<id:c1-t11>;<id:pq1>;<id:pq1>;expectedness1;95;<id:pq2>;<id:pq2>;expectedness2;54;<id:pq3>;<id:pq3>;expectedness3;21;<id:then>;<id:then>;expectedness4;74;<id:irr>;<id:irr>;expectedness5;0;submit;weiter
id;arcq9q54p7nedt0qj7tvuld0h6;ip;87.123.196.112;time(s);16.354.249.578.353;data;<id:c3-t7>;<id:c3-t7>;<id:pq1>;<id:pq1>;expectedness1;81;<id:pq2>;<id:pq2>;expectedness2;91;<id:irr>;<id:irr>;expectedness3;0;<id:then>;<id:then>;expectedness4;84;<id:pq3>;<id:pq3>;expectedness5;92;submit;weiter
id;lh74r0qpdbs67jfi93nqmupuf4;ip;88.152.128.131;time(s);16.354.249.639.729;data;<id:f8>;<id:f8>;<id:q3>;<id:q3>;expectedness1;98;<id:q1>;<id:q1>;expectedness2;89;<id:q2>;<id:q2>;expectedness3;80;<id:q4>;<id:q4>;expectedness4;65;<id:q5>;<id:q5>;expectedness5;0;submit;weiter
id;arcq9q54p7nedt0qj7tvuld0h6;ip;87.123.196.112;time(s);16.354.249.744.370;data;<id:c3-t1>;<id:c3-t1>;<id:pq1>;<id:pq1>;expectedness1;84;<id:irr>;<id:irr>;expectedness2;0;<id:then>;<id:then>;expectedness3;83;<id:pq3>;<id:pq3>;expectedness4;95;<id:pq2>;<id:pq2>;expectedness5;96;submit;weiter
id;lh74r0qpdbs67jfi93nqmupuf4;ip;88.152.128.131;time(s);16.354.249.856.336;data;<id:c3-t2>;<id:c3-t2>;<id:irr>;<id:irr>;expectedness1;0;<id:then>;<id:then>;expectedness2;89;<id:pq3>;<id:pq3>;expectedness3;100;<id:pq1>;<id:pq1>;expectedness4;51;<id:pq2>;<id:pq2>;expectedness5;81;submit;weiter
id;arcq9q54p7nedt0qj7tvuld0h6;ip;87.123.196.112;time(s);16.354.249.934.056;data;<id:f9>;<id:f9>;<id:q1>;<id:q1>;expectedness1;95;<id:q2>;<id:q2>;expectedness2;95;<id:q5>;<id:q5>;expectedness3;78;<id:q3>;<id:q3>;expectedness4;93;<id:q4>;<id:q4>;expectedness5;93;submit;weiter
id;lh74r0qpdbs67jfi93nqmupuf4;ip;88.152.128.131;time(s);16.354.250.060.357;data;<id:c3-t1>;<id:c3-t1>;<id:pq2>;<id:pq2>;expectedness1;60;<id:pq1>;<id:pq1>;expectedness2;86;<id:pq3>;<id:pq3>;expectedness3;100;<id:then>;<id:then>;expectedness4;52;<id:irr>;<id:irr>;expectedness5;0;submit;weiter
id;arcq9q54p7nedt0qj7tvuld0h6;ip;87.123.196.112;time(s);16.354.250.089.878;data;<id:c3-t2>;<id:c3-t2>;<id:then>;<id:then>;expectedness1;88;<id:pq3>;<id:pq3>;expectedness2;94;<id:pq1>;<id:pq1>;expectedness3;97;<id:irr>;<id:irr>;expectedness4;0;<id:pq2>;<id:pq2>;expectedness5;100;submit;weiter
id;lh74r0qpdbs67jfi93nqmupuf4;ip;88.152.128.131;time(s);16.354.250.314.340;data;<id:f9>;<id:f9>;<id:q3>;<id:q3>;expectedness1;82;<id:q4>;<id:q4>;expectedness2;100;<id:q1>;<id:q1>;expectedness3;100;<id:q5>;<id:q5>;expectedness4;65;<id:q2>;<id:q2>;expectedness5;50;submit;weiter
id;arcq9q54p7nedt0qj7tvuld0h6;ip;87.123.196.112;time(s);16.354.250.394.124;data;<id:f14>;<id:f14>;<id:q4>;<id:q4>;expectedness1;4;<id:q1>;<id:q1>;expectedness2;92;<id:q5>;<id:q5>;expectedness3;82;<id:q3>;<id:q3>;expectedness4;78;<id:q2>;<id:q2>;expectedness5;93;submit;weiter
id;arcq9q54p7nedt0qj7tvuld0h6;ip;87.123.196.112;time(s);16.354.250.522.220;data;<id:prolificID>;<id:prolificID>;prolificID;616595399672aa68337c0d30;<id:age>;<id:age>;age;25;<id:sex>;<id:sex>;sex;female;<id:edu>;<id:edu>;edu;Bachelor;<id:natLang>;<id:natLang>;natLang;Deutsch;submit;weiter;;
id;lh74r0qpdbs67jfi93nqmupuf4;ip;88.152.128.131;time(s);16.354.250.532.821;data;<id:f11>;<id:f11>;<id:q2>;<id:q2>;expectedness1;100;<id:q3>;<id:q3>;expectedness2;87;<id:q4>;<id:q4>;expectedness3;75;<id:q5>;<id:q5>;expectedness4;0;<id:q1>;<id:q1>;expectedness5;100;submit;weiter
id;lh74r0qpdbs67jfi93nqmupuf4;ip;88.152.128.131;time(s);16.354.250.743.617;data;<id:c3-t4>;<id:c3-t4>;<id:then>;<id:then>;expectedness1;100;<id:irr>;<id:irr>;expectedness2;0;<id:pq1>;<id:pq1>;expectedness3;88;<id:pq3>;<id:pq3>;expectedness4;80;<id:pq2>;<id:pq2>;expectedness5;70;submit;weiter
id;arcq9q54p7nedt0qj7tvuld0h6;ip;87.123.196.112;time(s);16.354.250.864.218;data;feedback;Die Studie lief problemlos, Erklärungen waren verständlich.;;;;;;;;;;;;;;;;;;;;;;
id;lh74r0qpdbs67jfi93nqmupuf4;ip;88.152.128.131;time(s);16.354.250.907.143;data;<id:c1-t14>;<id:c1-t14>;<id:then>;<id:then>;expectedness1;100;<id:pq2>;<id:pq2>;expectedness2;91;<id:pq1>;<id:pq1>;expectedness3;100;<id:irr>;<id:irr>;expectedness4;0;<id:pq3>;<id:pq3>;expectedness5;0;submit;weiter
id;lh74r0qpdbs67jfi93nqmupuf4;ip;88.152.128.131;time(s);16.354.251.159.052;data;<id:c3-t7>;<id:c3-t7>;<id:irr>;<id:irr>;expectedness1;0;<id:pq3>;<id:pq3>;expectedness2;100;<id:pq2>;<id:pq2>;expectedness3;92;<id:pq1>;<id:pq1>;expectedness4;92;<id:then>;<id:then>;expectedness5;75;submit;weiter
id;lh74r0qpdbs67jfi93nqmupuf4;ip;88.152.128.131;time(s);16.354.251.358.389;data;<id:f14>;<id:f14>;<id:q3>;<id:q3>;expectedness1;0;<id:q1>;<id:q1>;expectedness2;100;<id:q2>;<id:q2>;expectedness3;71;<id:q4>;<id:q4>;expectedness4;0;<id:q5>;<id:q5>;expectedness5;0;submit;weiter
id;lh74r0qpdbs67jfi93nqmupuf4;ip;88.152.128.131;time(s);16.354.251.729.651;data;<id:f7>;<id:f7>;<id:q5>;<id:q5>;expectedness1;0;<id:q3>;<id:q3>;expectedness2;0;<id:q4>;<id:q4>;expectedness3;100;<id:q2>;<id:q2>;expectedness4;100;<id:q1>;<id:q1>;expectedness5;0;submit;weiter
id;lh74r0qpdbs67jfi93nqmupuf4;ip;88.152.128.131;time(s);16.354.251.945.931;data;<id:f12>;<id:f12>;<id:q3>;<id:q3>;expectedness1;100;<id:q5>;<id:q5>;expectedness2;0;<id:q4>;<id:q4>;expectedness3;0;<id:q1>;<id:q1>;expectedness4;93;<id:q2>;<id:q2>;expectedness5;84;submit;weiter
id;lh74r0qpdbs67jfi93nqmupuf4;ip;88.152.128.131;time(s);16.354.252.142.615;data;<id:c3-t5>;<id:c3-t5>;<id:irr>;<id:irr>;expectedness1;0;<id:then>;<id:then>;expectedness2;81;<id:pq1>;<id:pq1>;expectedness3;93;<id:pq2>;<id:pq2>;expectedness4;100;<id:pq3>;<id:pq3>;expectedness5;78;submit;weiter
id;lh74r0qpdbs67jfi93nqmupuf4;ip;88.152.128.131;time(s);16.354.252.301.172;data;<id:f3>;<id:f3>;<id:q4>;<id:q4>;expectedness1;0;<id:q3>;<id:q3>;expectedness2;100;<id:q5>;<id:q5>;expectedness3;0;<id:q1>;<id:q1>;expectedness4;100;<id:q2>;<id:q2>;expectedness5;68;submit;weiter
id;lh74r0qpdbs67jfi93nqmupuf4;ip;88.152.128.131;time(s);16.354.252.490.467;data;<id:c1-t15>;<id:c1-t15>;<id:pq1>;<id:pq1>;expectedness1;100;<id:pq3>;<id:pq3>;expectedness2;0;<id:pq2>;<id:pq2>;expectedness3;88;<id:then>;<id:then>;expectedness4;77;<id:irr>;<id:irr>;expectedness5;0;submit;weiter
id;lh74r0qpdbs67jfi93nqmupuf4;ip;88.152.128.131;time(s);16.354.252.712.245;data;<id:f13>;<id:f13>;<id:q2>;<id:q2>;expectedness1;88;<id:q5>;<id:q5>;expectedness2;0;<id:q1>;<id:q1>;expectedness3;100;<id:q3>;<id:q3>;expectedness4;79;<id:q4>;<id:q4>;expectedness5;0;submit;weiter
id;lh74r0qpdbs67jfi93nqmupuf4;ip;88.152.128.131;time(s);16.354.252.931.129;data;<id:c3-t6>;<id:c3-t6>;<id:pq1>;<id:pq1>;expectedness1;100;<id:irr>;<id:irr>;expectedness2;0;<id:pq3>;<id:pq3>;expectedness3;91;<id:pq2>;<id:pq2>;expectedness4;91;<id:then>;<id:then>;expectedness5;82;submit;weiter
id;lh74r0qpdbs67jfi93nqmupuf4;ip;88.152.128.131;time(s);16.354.253.098.216;data;<id:c1-t10>;<id:c1-t10>;<id:pq1>;<id:pq1>;expectedness1;100;<id:then>;<id:then>;expectedness2;63;<id:irr>;<id:irr>;expectedness3;0;<id:pq2>;<id:pq2>;expectedness4;99;<id:pq3>;<id:pq3>;expectedness5;0;submit;weiter
id;lh74r0qpdbs67jfi93nqmupuf4;ip;88.152.128.131;time(s);16.354.253.299.214;data;<id:c1-t13>;<id:c1-t13>;<id:irr>;<id:irr>;expectedness1;0;<id:pq3>;<id:pq3>;expectedness2;0;<id:pq2>;<id:pq2>;expectedness3;100;<id:pq1>;<id:pq1>;expectedness4;100;<id:then>;<id:then>;expectedness5;52;submit;weiter
id;lh74r0qpdbs67jfi93nqmupuf4;ip;88.152.128.131;time(s);16.354.253.533.726;data;<id:c3-t8>;<id:c3-t8>;<id:then>;<id:then>;expectedness1;47;<id:pq1>;<id:pq1>;expectedness2;100;<id:pq2>;<id:pq2>;expectedness3;0;<id:irr>;<id:irr>;expectedness4;0;<id:pq3>;<id:pq3>;expectedness5;86;submit;weiter
id;lh74r0qpdbs67jfi93nqmupuf4;ip;88.152.128.131;time(s);16.354.253.684.622;data;<id:c1-t12>;<id:c1-t12>;<id:then>;<id:then>;expectedness1;79;<id:pq1>;<id:pq1>;expectedness2;100;<id:pq2>;<id:pq2>;expectedness3;99;<id:pq3>;<id:pq3>;expectedness4;0;<id:irr>;<id:irr>;expectedness5;0;submit;weiter
id;lh74r0qpdbs67jfi93nqmupuf4;ip;88.152.128.131;time(s);16.354.253.933.426;data;<id:f2>;<id:f2>;<id:q3>;<id:q3>;expectedness1;100;<id:q2>;<id:q2>;expectedness2;100;<id:q4>;<id:q4>;expectedness3;100;<id:q1>;<id:q1>;expectedness4;100;<id:q5>;<id:q5>;expectedness5;49;submit;weiter
id;lh74r0qpdbs67jfi93nqmupuf4;ip;88.152.128.131;time(s);16.354.254.092.186;data;<id:f4>;<id:f4>;<id:q5>;<id:q5>;expectedness1;0;<id:q3>;<id:q3>;expectedness2;100;<id:q4>;<id:q4>;expectedness3;0;<id:q2>;<id:q2>;expectedness4;0;<id:q1>;<id:q1>;expectedness5;100;submit;weiter
id;lh74r0qpdbs67jfi93nqmupuf4;ip;88.152.128.131;time(s);16.354.254.263.585;data;<id:f6>;<id:f6>;<id:q3>;<id:q3>;expectedness1;0;<id:q4>;<id:q4>;expectedness2;0;<id:q5>;<id:q5>;expectedness3;49;<id:q2>;<id:q2>;expectedness4;100;<id:q1>;<id:q1>;expectedness5;100;submit;weiter
id;lh74r0qpdbs67jfi93nqmupuf4;ip;88.152.128.131;time(s);16.354.254.513.149;data;<id:prolificID>;<id:prolificID>;prolificID;616529cd79b29b3850c420cb;<id:age>;<id:age>;age;70;<id:sex>;<id:sex>;sex;male;<id:edu>;<id:edu>;edu;Realschule;<id:natLang>;<id:natLang>;natLang;Deutsch;submit;weiter;;
id;lh74r0qpdbs67jfi93nqmupuf4;ip;88.152.128.131;time(s);16.354.254.574.166;data;feedback;;;;;;;;;;;;;;;;;;;;;;;
