id;0bm9n0jfmvc9t2sru5ru5bg1b0;ip;93.193.132.113;time(s);16.381.979.707.152;data;submit;Ich möchte an dem Experiment teilnehmen!;;;;;;;;;;;;;;;;;;;;
id;0bm9n0jfmvc9t2sru5ru5bg1b0;ip;93.193.132.113;time(s);16.381.980.082.680;data;judgement;-100;submit;Experiment starten;;;;;;;;;;;;;;;;;;
id;0bm9n0jfmvc9t2sru5ru5bg1b0;ip;93.193.132.113;time(s);16.381.980.199.106;data;<id:control-2>;<id:control-2>;<id:definite>;<id:definite>;<id:pro>;<id:pro>;judgement;64;submit;weiter;;;;;;;;;;;;
id;0bm9n0jfmvc9t2sru5ru5bg1b0;ip;93.193.132.113;time(s);16.381.980.332.750;data;<id:control-1>;<id:control-1>;<id:definite>;<id:definite>;<id:pro>;<id:pro>;judgement;85;submit;weiter;;;;;;;;;;;;
id;0bm9n0jfmvc9t2sru5ru5bg1b0;ip;93.193.132.113;time(s);16.381.980.441.067;data;<id:control-4>;<id:control-4>;<id:pro>;<id:pro>;<id:definite>;<id:definite>;judgement;-100;submit;weiter;;;;;;;;;;;;
id;0bm9n0jfmvc9t2sru5ru5bg1b0;ip;93.193.132.113;time(s);16.381.980.519.028;data;<id:f-2>;<id:f-2>;<id:unfront>;<id:unfront>;<id:front>;<id:front>;judgement;-100;submit;weiter;;;;;;;;;;;;
id;0bm9n0jfmvc9t2sru5ru5bg1b0;ip;93.193.132.113;time(s);16.381.980.697.820;data;<id:c3-t10>;<id:c3-t10>;<id:canonical>;<id:canonical>;<id:cleft>;<id:cleft>;judgement;100;submit;weiter;;;;;;;;;;;;
id;0bm9n0jfmvc9t2sru5ru5bg1b0;ip;93.193.132.113;time(s);16.381.980.762.675;data;<id:c1-t12>;<id:c1-t12>;<id:canonical>;<id:canonical>;<id:cleft>;<id:cleft>;judgement;-44;submit;weiter;;;;;;;;;;;;
id;0bm9n0jfmvc9t2sru5ru5bg1b0;ip;93.193.132.113;time(s);16.381.980.818.501;data;<id:control-3>;<id:control-3>;<id:definite>;<id:definite>;<id:pro>;<id:pro>;judgement;100;submit;weiter;;;;;;;;;;;;
id;0bm9n0jfmvc9t2sru5ru5bg1b0;ip;93.193.132.113;time(s);16.381.981.045.287;data;<id:f-8>;<id:f-8>;<id:no_dm>;<id:no_dm>;<id:dm>;<id:dm>;judgement;100;submit;weiter;;;;;;;;;;;;
id;0bm9n0jfmvc9t2sru5ru5bg1b0;ip;93.193.132.113;time(s);16.381.981.145.930;data;<id:f-3>;<id:f-3>;<id:unfront>;<id:unfront>;<id:front>;<id:front>;judgement;0;submit;weiter;;;;;;;;;;;;
id;0bm9n0jfmvc9t2sru5ru5bg1b0;ip;93.193.132.113;time(s);16.381.981.221.819;data;<id:f-7>;<id:f-7>;<id:dm>;<id:dm>;<id:no_dm>;<id:no_dm>;judgement;-100;submit;weiter;;;;;;;;;;;;
id;0bm9n0jfmvc9t2sru5ru5bg1b0;ip;93.193.132.113;time(s);16.381.981.297.607;data;<id:f-1>;<id:f-1>;<id:front>;<id:front>;<id:unfront>;<id:unfront>;judgement;96;submit;weiter;;;;;;;;;;;;
id;0bm9n0jfmvc9t2sru5ru5bg1b0;ip;93.193.132.113;time(s);16.381.981.344.254;data;<id:c1-t3>;<id:c1-t3>;<id:cleft>;<id:cleft>;<id:canonical>;<id:canonical>;judgement;95;submit;weiter;;;;;;;;;;;;
id;0bm9n0jfmvc9t2sru5ru5bg1b0;ip;93.193.132.113;time(s);16.381.981.444.135;data;<id:f-5>;<id:f-5>;<id:no_dm>;<id:no_dm>;<id:dm>;<id:dm>;judgement;100;submit;weiter;;;;;;;;;;;;
id;0bm9n0jfmvc9t2sru5ru5bg1b0;ip;93.193.132.113;time(s);16.381.981.508.509;data;<id:f-4>;<id:f-4>;<id:unfront>;<id:unfront>;<id:front>;<id:front>;judgement;100;submit;weiter;;;;;;;;;;;;
id;0bm9n0jfmvc9t2sru5ru5bg1b0;ip;93.193.132.113;time(s);16.381.981.633.004;data;<id:c3-t7>;<id:c3-t7>;<id:cleft>;<id:cleft>;<id:canonical>;<id:canonical>;judgement;-100;submit;weiter;;;;;;;;;;;;
id;0bm9n0jfmvc9t2sru5ru5bg1b0;ip;93.193.132.113;time(s);16.381.981.722.054;data;<id:f-6>;<id:f-6>;<id:no_dm>;<id:no_dm>;<id:dm>;<id:dm>;judgement;100;submit;weiter;;;;;;;;;;;;
id;0bm9n0jfmvc9t2sru5ru5bg1b0;ip;93.193.132.113;time(s);16.381.981.913.765;data;<id:prolificID>;<id:prolificID>;prolificID;5f4cd7926e1f3e8ed56bd215;<id:age>;<id:age>;age;19;<id:sex>;<id:sex>;sex;male;<id:edu>;<id:edu>;edu;Abitur;<id:natLang>;<id:natLang>;natLang;Deutsch;submit;weiter
id;0bm9n0jfmvc9t2sru5ru5bg1b0;ip;93.193.132.113;time(s);16.381.981.961.929;data;feedback;;;;;;;;;;;;;;;;;;;;;
id;3h27epa5vi68fmd403qnu4skf7;ip;46.223.162.33;time(s);16.382.009.936.667;data;submit;Ich möchte an dem Experiment teilnehmen!;;;;;;;;;;;;;;;;;;;;
id;3h27epa5vi68fmd403qnu4skf7;ip;46.223.162.33;time(s);16.382.010.726.004;data;judgement;-100;submit;Experiment starten;;;;;;;;;;;;;;;;;;
id;3h27epa5vi68fmd403qnu4skf7;ip;46.223.162.33;time(s);16.382.010.924.506;data;<id:c1-t12>;<id:c1-t12>;<id:cleft>;<id:cleft>;<id:canonical>;<id:canonical>;judgement;-2;submit;weiter;;;;;;;;;;;;
id;3h27epa5vi68fmd403qnu4skf7;ip;46.223.162.33;time(s);16.382.011.038.413;data;<id:f-3>;<id:f-3>;<id:unfront>;<id:unfront>;<id:front>;<id:front>;judgement;-84;submit;weiter;;;;;;;;;;;;
id;3h27epa5vi68fmd403qnu4skf7;ip;46.223.162.33;time(s);16.382.011.425.425;data;<id:c1-t3>;<id:c1-t3>;<id:canonical>;<id:canonical>;<id:cleft>;<id:cleft>;judgement;-72;submit;weiter;;;;;;;;;;;;
id;3h27epa5vi68fmd403qnu4skf7;ip;46.223.162.33;time(s);16.382.011.479.172;data;<id:f-4>;<id:f-4>;<id:unfront>;<id:unfront>;<id:front>;<id:front>;judgement;-94;submit;weiter;;;;;;;;;;;;
id;3h27epa5vi68fmd403qnu4skf7;ip;46.223.162.33;time(s);16.382.011.777.901;data;<id:f-2>;<id:f-2>;<id:unfront>;<id:unfront>;<id:front>;<id:front>;judgement;100;submit;weiter;;;;;;;;;;;;
id;3h27epa5vi68fmd403qnu4skf7;ip;46.223.162.33;time(s);16.382.011.819.739;data;<id:c3-t10>;<id:c3-t10>;<id:cleft>;<id:cleft>;<id:canonical>;<id:canonical>;judgement;-47;submit;weiter;;;;;;;;;;;;
id;3h27epa5vi68fmd403qnu4skf7;ip;46.223.162.33;time(s);16.382.011.857.642;data;<id:f-6>;<id:f-6>;<id:no_dm>;<id:no_dm>;<id:dm>;<id:dm>;judgement;66;submit;weiter;;;;;;;;;;;;
id;3h27epa5vi68fmd403qnu4skf7;ip;46.223.162.33;time(s);16.382.011.880.679;data;<id:control-3>;<id:control-3>;<id:pro>;<id:pro>;<id:definite>;<id:definite>;judgement;69;submit;weiter;;;;;;;;;;;;
id;3h27epa5vi68fmd403qnu4skf7;ip;46.223.162.33;time(s);16.382.011.965.024;data;<id:f-8>;<id:f-8>;<id:no_dm>;<id:no_dm>;<id:dm>;<id:dm>;judgement;82;submit;weiter;;;;;;;;;;;;
id;3h27epa5vi68fmd403qnu4skf7;ip;46.223.162.33;time(s);16.382.012.530.588;data;<id:control-2>;<id:control-2>;<id:definite>;<id:definite>;<id:pro>;<id:pro>;judgement;-100;submit;weiter;;;;;;;;;;;;
id;3h27epa5vi68fmd403qnu4skf7;ip;46.223.162.33;time(s);16.382.012.560.289;data;<id:f-7>;<id:f-7>;<id:dm>;<id:dm>;<id:no_dm>;<id:no_dm>;judgement;-81;submit;weiter;;;;;;;;;;;;
id;3h27epa5vi68fmd403qnu4skf7;ip;46.223.162.33;time(s);16.382.012.584.689;data;<id:control-1>;<id:control-1>;<id:pro>;<id:pro>;<id:definite>;<id:definite>;judgement;67;submit;weiter;;;;;;;;;;;;
id;3h27epa5vi68fmd403qnu4skf7;ip;46.223.162.33;time(s);16.382.012.609.601;data;<id:f-5>;<id:f-5>;<id:dm>;<id:dm>;<id:no_dm>;<id:no_dm>;judgement;62;submit;weiter;;;;;;;;;;;;
id;3h27epa5vi68fmd403qnu4skf7;ip;46.223.162.33;time(s);16.382.012.628.976;data;<id:control-4>;<id:control-4>;<id:pro>;<id:pro>;<id:definite>;<id:definite>;judgement;64;submit;weiter;;;;;;;;;;;;
id;3h27epa5vi68fmd403qnu4skf7;ip;46.223.162.33;time(s);16.382.012.650.282;data;<id:f-1>;<id:f-1>;<id:unfront>;<id:unfront>;<id:front>;<id:front>;judgement;-71;submit;weiter;;;;;;;;;;;;
id;3h27epa5vi68fmd403qnu4skf7;ip;46.223.162.33;time(s);16.382.013.498.332;data;<id:c3-t7>;<id:c3-t7>;<id:cleft>;<id:cleft>;<id:canonical>;<id:canonical>;judgement;-63;submit;weiter;;;;;;;;;;;;
id;3h27epa5vi68fmd403qnu4skf7;ip;46.223.162.33;time(s);16.382.013.662.973;data;<id:prolificID>;<id:prolificID>;prolificID;5acc6eebfa3b4e000173c8d6;<id:age>;<id:age>;age;27;<id:sex>;<id:sex>;sex;male;<id:edu>;<id:edu>;edu;Master of Science;<id:natLang>;<id:natLang>;natLang;Deutsch;submit;weiter
id;3h27epa5vi68fmd403qnu4skf7;ip;46.223.162.33;time(s);16.382.013.676.837;data;feedback;;;;;;;;;;;;;;;;;;;;;
id;3ibfohph77b2o076abmrg0lft6;ip;93.238.130.51;time(s);16.382.002.693.115;data;submit;Ich möchte an dem Experiment teilnehmen!;;;;;;;;;;;;;;;;;;;;
id;3ibfohph77b2o076abmrg0lft6;ip;93.238.130.51;time(s);16.382.003.143.697;data;judgement;-100;submit;Experiment starten;;;;;;;;;;;;;;;;;;
id;3ibfohph77b2o076abmrg0lft6;ip;93.238.130.51;time(s);16.382.003.285.302;data;<id:f-8>;<id:f-8>;<id:dm>;<id:dm>;<id:no_dm>;<id:no_dm>;judgement;-100;submit;weiter;;;;;;;;;;;;
id;3ibfohph77b2o076abmrg0lft6;ip;93.238.130.51;time(s);16.382.003.449.346;data;<id:c1-t12>;<id:c1-t12>;<id:canonical>;<id:canonical>;<id:cleft>;<id:cleft>;judgement;-27;submit;weiter;;;;;;;;;;;;
id;3ibfohph77b2o076abmrg0lft6;ip;93.238.130.51;time(s);16.382.003.572.454;data;<id:control-3>;<id:control-3>;<id:pro>;<id:pro>;<id:definite>;<id:definite>;judgement;-95;submit;weiter;;;;;;;;;;;;
id;3ibfohph77b2o076abmrg0lft6;ip;93.238.130.51;time(s);16.382.003.847.916;data;<id:f-2>;<id:f-2>;<id:front>;<id:front>;<id:unfront>;<id:unfront>;judgement;0;submit;weiter;;;;;;;;;;;;
id;3ibfohph77b2o076abmrg0lft6;ip;93.238.130.51;time(s);16.382.004.015.004;data;<id:control-4>;<id:control-4>;<id:pro>;<id:pro>;<id:definite>;<id:definite>;judgement;-100;submit;weiter;;;;;;;;;;;;
id;3ibfohph77b2o076abmrg0lft6;ip;93.238.130.51;time(s);16.382.004.177.379;data;<id:f-3>;<id:f-3>;<id:front>;<id:front>;<id:unfront>;<id:unfront>;judgement;93;submit;weiter;;;;;;;;;;;;
id;3ibfohph77b2o076abmrg0lft6;ip;93.238.130.51;time(s);16.382.004.330.403;data;<id:control-2>;<id:control-2>;<id:definite>;<id:definite>;<id:pro>;<id:pro>;judgement;-100;submit;weiter;;;;;;;;;;;;
id;3ibfohph77b2o076abmrg0lft6;ip;93.238.130.51;time(s);16.382.004.480.910;data;<id:f-7>;<id:f-7>;<id:no_dm>;<id:no_dm>;<id:dm>;<id:dm>;judgement;91;submit;weiter;;;;;;;;;;;;
id;3ibfohph77b2o076abmrg0lft6;ip;93.238.130.51;time(s);16.382.004.594.069;data;<id:control-1>;<id:control-1>;<id:pro>;<id:pro>;<id:definite>;<id:definite>;judgement;-100;submit;weiter;;;;;;;;;;;;
id;3ibfohph77b2o076abmrg0lft6;ip;93.238.130.51;time(s);16.382.004.743.039;data;<id:c1-t3>;<id:c1-t3>;<id:cleft>;<id:cleft>;<id:canonical>;<id:canonical>;judgement;93;submit;weiter;;;;;;;;;;;;
id;3ibfohph77b2o076abmrg0lft6;ip;93.238.130.51;time(s);16.382.004.861.690;data;<id:f-6>;<id:f-6>;<id:dm>;<id:dm>;<id:no_dm>;<id:no_dm>;judgement;-97;submit;weiter;;;;;;;;;;;;
id;3ibfohph77b2o076abmrg0lft6;ip;93.238.130.51;time(s);16.382.005.003.904;data;<id:f-1>;<id:f-1>;<id:front>;<id:front>;<id:unfront>;<id:unfront>;judgement;-91;submit;weiter;;;;;;;;;;;;
id;3ibfohph77b2o076abmrg0lft6;ip;93.238.130.51;time(s);16.382.005.178.228;data;<id:f-5>;<id:f-5>;<id:dm>;<id:dm>;<id:no_dm>;<id:no_dm>;judgement;-91;submit;weiter;;;;;;;;;;;;
id;3ibfohph77b2o076abmrg0lft6;ip;93.238.130.51;time(s);16.382.005.348.986;data;<id:c3-t10>;<id:c3-t10>;<id:cleft>;<id:cleft>;<id:canonical>;<id:canonical>;judgement;93;submit;weiter;;;;;;;;;;;;
id;3ibfohph77b2o076abmrg0lft6;ip;93.238.130.51;time(s);16.382.005.488.045;data;<id:c3-t7>;<id:c3-t7>;<id:canonical>;<id:canonical>;<id:cleft>;<id:cleft>;judgement;-95;submit;weiter;;;;;;;;;;;;
id;3ibfohph77b2o076abmrg0lft6;ip;93.238.130.51;time(s);16.382.005.574.736;data;<id:f-4>;<id:f-4>;<id:front>;<id:front>;<id:unfront>;<id:unfront>;judgement;98;submit;weiter;;;;;;;;;;;;
id;3ibfohph77b2o076abmrg0lft6;ip;93.238.130.51;time(s);16.382.005.855.456;data;<id:prolificID>;<id:prolificID>;prolificID;61545f97b2e61d65961e527a;<id:age>;<id:age>;age;52;<id:sex>;<id:sex>;sex;male;<id:edu>;<id:edu>;edu;Fachhochschulreife;<id:natLang>;<id:natLang>;natLang;Deutsch;submit;weiter
id;3ibfohph77b2o076abmrg0lft6;ip;93.238.130.51;time(s);16.382.006.060.821;data;feedback;Muffige alte Beispiele ;;;;;;;;;;;;;;;;;;;;
id;6g4tm150coug0qjr45sjp85ml3;ip;93.235.121.99;time(s);16.382.004.352.973;data;submit;Ich möchte an dem Experiment teilnehmen!;;;;;;;;;;;;;;;;;;;;
id;6g4tm150coug0qjr45sjp85ml3;ip;93.235.121.99;time(s);16.382.004.767.939;data;judgement;-100;submit;Experiment starten;;;;;;;;;;;;;;;;;;
id;6g4tm150coug0qjr45sjp85ml3;ip;93.235.121.99;time(s);16.382.004.995.453;data;<id:c3-t7>;<id:c3-t7>;<id:canonical>;<id:canonical>;<id:cleft>;<id:cleft>;judgement;20;submit;weiter;;;;;;;;;;;;
id;6g4tm150coug0qjr45sjp85ml3;ip;93.235.121.99;time(s);16.382.005.120.040;data;<id:f-2>;<id:f-2>;<id:front>;<id:front>;<id:unfront>;<id:unfront>;judgement;44;submit;weiter;;;;;;;;;;;;
id;6g4tm150coug0qjr45sjp85ml3;ip;93.235.121.99;time(s);16.382.005.304.672;data;<id:control-1>;<id:control-1>;<id:pro>;<id:pro>;<id:definite>;<id:definite>;judgement;24;submit;weiter;;;;;;;;;;;;
id;6g4tm150coug0qjr45sjp85ml3;ip;93.235.121.99;time(s);16.382.005.476.750;data;<id:c3-t10>;<id:c3-t10>;<id:canonical>;<id:canonical>;<id:cleft>;<id:cleft>;judgement;47;submit;weiter;;;;;;;;;;;;
id;6g4tm150coug0qjr45sjp85ml3;ip;93.235.121.99;time(s);16.382.005.545.719;data;<id:f-3>;<id:f-3>;<id:unfront>;<id:unfront>;<id:front>;<id:front>;judgement;0;submit;weiter;;;;;;;;;;;;
id;6g4tm150coug0qjr45sjp85ml3;ip;93.235.121.99;time(s);16.382.005.633.258;data;<id:f-6>;<id:f-6>;<id:dm>;<id:dm>;<id:no_dm>;<id:no_dm>;judgement;-25;submit;weiter;;;;;;;;;;;;
id;6g4tm150coug0qjr45sjp85ml3;ip;93.235.121.99;time(s);16.382.005.767.306;data;<id:f-7>;<id:f-7>;<id:no_dm>;<id:no_dm>;<id:dm>;<id:dm>;judgement;55;submit;weiter;;;;;;;;;;;;
id;6g4tm150coug0qjr45sjp85ml3;ip;93.235.121.99;time(s);16.382.005.835.277;data;<id:c1-t12>;<id:c1-t12>;<id:cleft>;<id:cleft>;<id:canonical>;<id:canonical>;judgement;0;submit;weiter;;;;;;;;;;;;
id;6g4tm150coug0qjr45sjp85ml3;ip;93.235.121.99;time(s);16.382.005.990.636;data;<id:control-2>;<id:control-2>;<id:definite>;<id:definite>;<id:pro>;<id:pro>;judgement;-31;submit;weiter;;;;;;;;;;;;
id;6g4tm150coug0qjr45sjp85ml3;ip;93.235.121.99;time(s);16.382.006.105.472;data;<id:f-5>;<id:f-5>;<id:no_dm>;<id:no_dm>;<id:dm>;<id:dm>;judgement;-64;submit;weiter;;;;;;;;;;;;
id;6g4tm150coug0qjr45sjp85ml3;ip;93.235.121.99;time(s);16.382.006.226.230;data;<id:f-8>;<id:f-8>;<id:dm>;<id:dm>;<id:no_dm>;<id:no_dm>;judgement;-55;submit;weiter;;;;;;;;;;;;
id;6g4tm150coug0qjr45sjp85ml3;ip;93.235.121.99;time(s);16.382.006.369.629;data;<id:control-3>;<id:control-3>;<id:definite>;<id:definite>;<id:pro>;<id:pro>;judgement;0;submit;weiter;;;;;;;;;;;;
id;6g4tm150coug0qjr45sjp85ml3;ip;93.235.121.99;time(s);16.382.006.473.293;data;<id:f-1>;<id:f-1>;<id:front>;<id:front>;<id:unfront>;<id:unfront>;judgement;17;submit;weiter;;;;;;;;;;;;
id;6g4tm150coug0qjr45sjp85ml3;ip;93.235.121.99;time(s);16.382.006.563.111;data;<id:c1-t3>;<id:c1-t3>;<id:cleft>;<id:cleft>;<id:canonical>;<id:canonical>;judgement;0;submit;weiter;;;;;;;;;;;;
id;6g4tm150coug0qjr45sjp85ml3;ip;93.235.121.99;time(s);16.382.006.682.034;data;<id:control-4>;<id:control-4>;<id:definite>;<id:definite>;<id:pro>;<id:pro>;judgement;19;submit;weiter;;;;;;;;;;;;
id;6g4tm150coug0qjr45sjp85ml3;ip;93.235.121.99;time(s);16.382.006.740.188;data;<id:f-4>;<id:f-4>;<id:front>;<id:front>;<id:unfront>;<id:unfront>;judgement;17;submit;weiter;;;;;;;;;;;;
id;6g4tm150coug0qjr45sjp85ml3;ip;93.235.121.99;time(s);16.382.007.007.952;data;<id:prolificID>;<id:prolificID>;prolificID;61016b80b387a0af51cdbace;<id:age>;<id:age>;age;22;<id:sex>;<id:sex>;sex;female;<id:edu>;<id:edu>;edu;Abitur;<id:natLang>;<id:natLang>;natLang;Deutsch, Thai;submit;weiter
id;6g4tm150coug0qjr45sjp85ml3;ip;93.235.121.99;time(s);16.382.007.026.211;data;feedback;;;;;;;;;;;;;;;;;;;;;
id;76ali6550106pmjrbq10jauti2;ip;77.0.85.200;time(s);16.381.989.982.990;data;submit;Ich möchte an dem Experiment teilnehmen!;;;;;;;;;;;;;;;;;;;;
id;76ali6550106pmjrbq10jauti2;ip;77.0.85.200;time(s);16.381.990.281.324;data;judgement;-100;submit;Experiment starten;;;;;;;;;;;;;;;;;;
id;76ali6550106pmjrbq10jauti2;ip;77.0.85.200;time(s);16.381.990.410.428;data;<id:f-6>;<id:f-6>;<id:dm>;<id:dm>;<id:no_dm>;<id:no_dm>;judgement;-40;submit;weiter;;;;;;;;;;;;
id;76ali6550106pmjrbq10jauti2;ip;77.0.85.200;time(s);16.381.990.628.980;data;<id:f-1>;<id:f-1>;<id:unfront>;<id:unfront>;<id:front>;<id:front>;judgement;-60;submit;weiter;;;;;;;;;;;;
id;76ali6550106pmjrbq10jauti2;ip;77.0.85.200;time(s);16.381.990.722.599;data;<id:f-8>;<id:f-8>;<id:no_dm>;<id:no_dm>;<id:dm>;<id:dm>;judgement;93;submit;weiter;;;;;;;;;;;;
id;76ali6550106pmjrbq10jauti2;ip;77.0.85.200;time(s);16.381.990.798.183;data;<id:c1-t3>;<id:c1-t3>;<id:canonical>;<id:canonical>;<id:cleft>;<id:cleft>;judgement;-31;submit;weiter;;;;;;;;;;;;
id;76ali6550106pmjrbq10jauti2;ip;77.0.85.200;time(s);16.381.990.871.485;data;<id:control-4>;<id:control-4>;<id:pro>;<id:pro>;<id:definite>;<id:definite>;judgement;-42;submit;weiter;;;;;;;;;;;;
id;76ali6550106pmjrbq10jauti2;ip;77.0.85.200;time(s);16.381.990.920.561;data;<id:f-4>;<id:f-4>;<id:unfront>;<id:unfront>;<id:front>;<id:front>;judgement;-71;submit;weiter;;;;;;;;;;;;
id;76ali6550106pmjrbq10jauti2;ip;77.0.85.200;time(s);16.381.991.003.676;data;<id:f-5>;<id:f-5>;<id:no_dm>;<id:no_dm>;<id:dm>;<id:dm>;judgement;100;submit;weiter;;;;;;;;;;;;
id;76ali6550106pmjrbq10jauti2;ip;77.0.85.200;time(s);16.381.991.084.342;data;<id:f-2>;<id:f-2>;<id:unfront>;<id:unfront>;<id:front>;<id:front>;judgement;-52;submit;weiter;;;;;;;;;;;;
id;76ali6550106pmjrbq10jauti2;ip;77.0.85.200;time(s);16.381.991.149.540;data;<id:c1-t12>;<id:c1-t12>;<id:canonical>;<id:canonical>;<id:cleft>;<id:cleft>;judgement;-66;submit;weiter;;;;;;;;;;;;
id;76ali6550106pmjrbq10jauti2;ip;77.0.85.200;time(s);16.381.991.209.431;data;<id:f-7>;<id:f-7>;<id:dm>;<id:dm>;<id:no_dm>;<id:no_dm>;judgement;-83;submit;weiter;;;;;;;;;;;;
id;76ali6550106pmjrbq10jauti2;ip;77.0.85.200;time(s);16.381.991.269.069;data;<id:f-3>;<id:f-3>;<id:front>;<id:front>;<id:unfront>;<id:unfront>;judgement;57;submit;weiter;;;;;;;;;;;;
id;76ali6550106pmjrbq10jauti2;ip;77.0.85.200;time(s);16.381.991.352.616;data;<id:c3-t7>;<id:c3-t7>;<id:cleft>;<id:cleft>;<id:canonical>;<id:canonical>;judgement;-75;submit;weiter;;;;;;;;;;;;
id;76ali6550106pmjrbq10jauti2;ip;77.0.85.200;time(s);16.381.991.458.891;data;<id:c3-t10>;<id:c3-t10>;<id:cleft>;<id:cleft>;<id:canonical>;<id:canonical>;judgement;-42;submit;weiter;;;;;;;;;;;;
id;76ali6550106pmjrbq10jauti2;ip;77.0.85.200;time(s);16.381.991.545.764;data;<id:control-1>;<id:control-1>;<id:definite>;<id:definite>;<id:pro>;<id:pro>;judgement;-100;submit;weiter;;;;;;;;;;;;
id;76ali6550106pmjrbq10jauti2;ip;77.0.85.200;time(s);16.381.991.611.353;data;<id:control-3>;<id:control-3>;<id:definite>;<id:definite>;<id:pro>;<id:pro>;judgement;70;submit;weiter;;;;;;;;;;;;
id;76ali6550106pmjrbq10jauti2;ip;77.0.85.200;time(s);16.381.991.693.740;data;<id:control-2>;<id:control-2>;<id:pro>;<id:pro>;<id:definite>;<id:definite>;judgement;-90;submit;weiter;;;;;;;;;;;;
id;76ali6550106pmjrbq10jauti2;ip;77.0.85.200;time(s);16.381.992.071.891;data;<id:prolificID>;<id:prolificID>;prolificID;59e6ed442f63d30001c8fa22;<id:age>;<id:age>;age;33;<id:sex>;<id:sex>;sex;female;<id:edu>;<id:edu>;edu;Hochschulabschluss;<id:natLang>;<id:natLang>;natLang;Deutsch;submit;weiter
id;76ali6550106pmjrbq10jauti2;ip;77.0.85.200;time(s);16.381.992.084.869;data;feedback;;;;;;;;;;;;;;;;;;;;;
id;7kjpagt7p6ptq8abfbktrhocb7;ip;93.231.98.82;time(s);16.382.005.478.670;data;submit;Ich möchte an dem Experiment teilnehmen!;;;;;;;;;;;;;;;;;;;;
id;7kjpagt7p6ptq8abfbktrhocb7;ip;93.231.98.82;time(s);16.382.005.744.253;data;judgement;-100;submit;Experiment starten;;;;;;;;;;;;;;;;;;
id;7kjpagt7p6ptq8abfbktrhocb7;ip;93.231.98.82;time(s);16.382.005.972.444;data;<id:f-7>;<id:f-7>;<id:no_dm>;<id:no_dm>;<id:dm>;<id:dm>;judgement;42;submit;weiter;;;;;;;;;;;;
id;7kjpagt7p6ptq8abfbktrhocb7;ip;93.231.98.82;time(s);16.382.006.133.955;data;<id:f-6>;<id:f-6>;<id:dm>;<id:dm>;<id:no_dm>;<id:no_dm>;judgement;-23;submit;weiter;;;;;;;;;;;;
id;7kjpagt7p6ptq8abfbktrhocb7;ip;93.231.98.82;time(s);16.382.006.309.339;data;<id:c3-t7>;<id:c3-t7>;<id:canonical>;<id:canonical>;<id:cleft>;<id:cleft>;judgement;-39;submit;weiter;;;;;;;;;;;;
id;7kjpagt7p6ptq8abfbktrhocb7;ip;93.231.98.82;time(s);16.382.006.491.441;data;<id:f-5>;<id:f-5>;<id:dm>;<id:dm>;<id:no_dm>;<id:no_dm>;judgement;-70;submit;weiter;;;;;;;;;;;;
id;7kjpagt7p6ptq8abfbktrhocb7;ip;93.231.98.82;time(s);16.382.006.592.045;data;<id:f-4>;<id:f-4>;<id:unfront>;<id:unfront>;<id:front>;<id:front>;judgement;-25;submit;weiter;;;;;;;;;;;;
id;7kjpagt7p6ptq8abfbktrhocb7;ip;93.231.98.82;time(s);16.382.006.748.003;data;<id:f-8>;<id:f-8>;<id:dm>;<id:dm>;<id:no_dm>;<id:no_dm>;judgement;-53;submit;weiter;;;;;;;;;;;;
id;7kjpagt7p6ptq8abfbktrhocb7;ip;93.231.98.82;time(s);16.382.006.961.438;data;<id:control-2>;<id:control-2>;<id:definite>;<id:definite>;<id:pro>;<id:pro>;judgement;-46;submit;weiter;;;;;;;;;;;;
id;7kjpagt7p6ptq8abfbktrhocb7;ip;93.231.98.82;time(s);16.382.007.168.428;data;<id:control-1>;<id:control-1>;<id:definite>;<id:definite>;<id:pro>;<id:pro>;judgement;25;submit;weiter;;;;;;;;;;;;
id;7kjpagt7p6ptq8abfbktrhocb7;ip;93.231.98.82;time(s);16.382.007.257.381;data;<id:f-2>;<id:f-2>;<id:front>;<id:front>;<id:unfront>;<id:unfront>;judgement;69;submit;weiter;;;;;;;;;;;;
id;7kjpagt7p6ptq8abfbktrhocb7;ip;93.231.98.82;time(s);16.382.007.386.162;data;<id:c1-t12>;<id:c1-t12>;<id:canonical>;<id:canonical>;<id:cleft>;<id:cleft>;judgement;51;submit;weiter;;;;;;;;;;;;
id;7kjpagt7p6ptq8abfbktrhocb7;ip;93.231.98.82;time(s);16.382.007.544.739;data;<id:control-4>;<id:control-4>;<id:definite>;<id:definite>;<id:pro>;<id:pro>;judgement;73;submit;weiter;;;;;;;;;;;;
id;7kjpagt7p6ptq8abfbktrhocb7;ip;93.231.98.82;time(s);16.382.007.964.316;data;<id:f-1>;<id:f-1>;<id:front>;<id:front>;<id:unfront>;<id:unfront>;judgement;63;submit;weiter;;;;;;;;;;;;
id;7kjpagt7p6ptq8abfbktrhocb7;ip;93.231.98.82;time(s);16.382.008.051.622;data;<id:c1-t3>;<id:c1-t3>;<id:canonical>;<id:canonical>;<id:cleft>;<id:cleft>;judgement;-72;submit;weiter;;;;;;;;;;;;
id;7kjpagt7p6ptq8abfbktrhocb7;ip;93.231.98.82;time(s);16.382.008.272.732;data;<id:c3-t10>;<id:c3-t10>;<id:cleft>;<id:cleft>;<id:canonical>;<id:canonical>;judgement;78;submit;weiter;;;;;;;;;;;;
id;7kjpagt7p6ptq8abfbktrhocb7;ip;93.231.98.82;time(s);16.382.008.453.934;data;<id:f-3>;<id:f-3>;<id:unfront>;<id:unfront>;<id:front>;<id:front>;judgement;-46;submit;weiter;;;;;;;;;;;;
id;7kjpagt7p6ptq8abfbktrhocb7;ip;93.231.98.82;time(s);16.382.008.574.866;data;<id:control-3>;<id:control-3>;<id:pro>;<id:pro>;<id:definite>;<id:definite>;judgement;-100;submit;weiter;;;;;;;;;;;;
id;7kjpagt7p6ptq8abfbktrhocb7;ip;93.231.98.82;time(s);16.382.008.960.546;data;<id:prolificID>;<id:prolificID>;prolificID;5962799cb752840001ca478b;<id:age>;<id:age>;age;35;<id:sex>;<id:sex>;sex;male;<id:edu>;<id:edu>;edu;Universitätsabschluss;<id:natLang>;<id:natLang>;natLang;Deutsch;submit;weiter
id;7kjpagt7p6ptq8abfbktrhocb7;ip;93.231.98.82;time(s);16.382.008.983.609;data;feedback;;;;;;;;;;;;;;;;;;;;;
id;8gs9i41qoq8jh41nhni38gmm11;ip;134.19.127.185;time(s);16.381.997.999.434;data;submit;Ich möchte an dem Experiment teilnehmen!;;;;;;;;;;;;;;;;;;;;
id;8gs9i41qoq8jh41nhni38gmm11;ip;134.19.127.185;time(s);16.381.998.189.360;data;judgement;-100;submit;Experiment starten;;;;;;;;;;;;;;;;;;
id;8gs9i41qoq8jh41nhni38gmm11;ip;134.19.127.185;time(s);16.381.998.308.860;data;<id:f-7>;<id:f-7>;<id:dm>;<id:dm>;<id:no_dm>;<id:no_dm>;judgement;-100;submit;weiter;;;;;;;;;;;;
id;8gs9i41qoq8jh41nhni38gmm11;ip;134.19.127.185;time(s);16.381.998.390.559;data;<id:control-3>;<id:control-3>;<id:definite>;<id:definite>;<id:pro>;<id:pro>;judgement;100;submit;weiter;;;;;;;;;;;;
id;8gs9i41qoq8jh41nhni38gmm11;ip;134.19.127.185;time(s);16.381.998.476.552;data;<id:f-1>;<id:f-1>;<id:unfront>;<id:unfront>;<id:front>;<id:front>;judgement;100;submit;weiter;;;;;;;;;;;;
id;8gs9i41qoq8jh41nhni38gmm11;ip;134.19.127.185;time(s);16.381.998.568.687;data;<id:f-8>;<id:f-8>;<id:no_dm>;<id:no_dm>;<id:dm>;<id:dm>;judgement;100;submit;weiter;;;;;;;;;;;;
id;8gs9i41qoq8jh41nhni38gmm11;ip;134.19.127.185;time(s);16.381.998.639.606;data;<id:f-4>;<id:f-4>;<id:front>;<id:front>;<id:unfront>;<id:unfront>;judgement;100;submit;weiter;;;;;;;;;;;;
id;8gs9i41qoq8jh41nhni38gmm11;ip;134.19.127.185;time(s);16.381.999.214.135;data;<id:f-5>;<id:f-5>;<id:no_dm>;<id:no_dm>;<id:dm>;<id:dm>;judgement;100;submit;weiter;;;;;;;;;;;;
id;8gs9i41qoq8jh41nhni38gmm11;ip;134.19.127.185;time(s);16.381.999.319.421;data;<id:control-1>;<id:control-1>;<id:definite>;<id:definite>;<id:pro>;<id:pro>;judgement;-93;submit;weiter;;;;;;;;;;;;
id;8gs9i41qoq8jh41nhni38gmm11;ip;134.19.127.185;time(s);16.381.999.399.054;data;<id:c1-t12>;<id:c1-t12>;<id:cleft>;<id:cleft>;<id:canonical>;<id:canonical>;judgement;69;submit;weiter;;;;;;;;;;;;
id;8gs9i41qoq8jh41nhni38gmm11;ip;134.19.127.185;time(s);16.381.999.466.861;data;<id:f-6>;<id:f-6>;<id:no_dm>;<id:no_dm>;<id:dm>;<id:dm>;judgement;91;submit;weiter;;;;;;;;;;;;
id;8gs9i41qoq8jh41nhni38gmm11;ip;134.19.127.185;time(s);16.381.999.562.338;data;<id:c3-t10>;<id:c3-t10>;<id:canonical>;<id:canonical>;<id:cleft>;<id:cleft>;judgement;-71;submit;weiter;;;;;;;;;;;;
id;8gs9i41qoq8jh41nhni38gmm11;ip;134.19.127.185;time(s);16.381.999.647.024;data;<id:control-2>;<id:control-2>;<id:pro>;<id:pro>;<id:definite>;<id:definite>;judgement;85;submit;weiter;;;;;;;;;;;;
id;8gs9i41qoq8jh41nhni38gmm11;ip;134.19.127.185;time(s);16.381.999.769.306;data;<id:c3-t7>;<id:c3-t7>;<id:cleft>;<id:cleft>;<id:canonical>;<id:canonical>;judgement;-62;submit;weiter;;;;;;;;;;;;
id;8gs9i41qoq8jh41nhni38gmm11;ip;134.19.127.185;time(s);16.381.999.816.071;data;<id:c1-t3>;<id:c1-t3>;<id:canonical>;<id:canonical>;<id:cleft>;<id:cleft>;judgement;0;submit;weiter;;;;;;;;;;;;
id;8gs9i41qoq8jh41nhni38gmm11;ip;134.19.127.185;time(s);16.381.999.888.984;data;<id:f-2>;<id:f-2>;<id:unfront>;<id:unfront>;<id:front>;<id:front>;judgement;-60;submit;weiter;;;;;;;;;;;;
id;8gs9i41qoq8jh41nhni38gmm11;ip;134.19.127.185;time(s);16.382.000.028.790;data;<id:control-4>;<id:control-4>;<id:definite>;<id:definite>;<id:pro>;<id:pro>;judgement;0;submit;weiter;;;;;;;;;;;;
id;8gs9i41qoq8jh41nhni38gmm11;ip;134.19.127.185;time(s);16.382.000.090.549;data;<id:f-3>;<id:f-3>;<id:unfront>;<id:unfront>;<id:front>;<id:front>;judgement;0;submit;weiter;;;;;;;;;;;;
id;8gs9i41qoq8jh41nhni38gmm11;ip;134.19.127.185;time(s);16.382.000.260.867;data;<id:prolificID>;<id:prolificID>;prolificID;61544a00503d1d16d35a2303;<id:age>;<id:age>;age;39;<id:sex>;<id:sex>;sex;male;<id:edu>;<id:edu>;edu;Abitur;<id:natLang>;<id:natLang>;natLang;deutsch;submit;weiter
id;8gs9i41qoq8jh41nhni38gmm11;ip;134.19.127.185;time(s);16.382.000.283.183;data;feedback;;;;;;;;;;;;;;;;;;;;;
id;btfe1f78o8icq4d85ihhp4rpq0;ip;141.70.105.135;time(s);16.382.025.154.732;data;submit;Ich möchte an dem Experiment teilnehmen!;;;;;;;;;;;;;;;;;;;;
id;btfe1f78o8icq4d85ihhp4rpq0;ip;141.70.105.135;time(s);16.382.026.312.811;data;judgement;-100;submit;Experiment starten;;;;;;;;;;;;;;;;;;
id;btfe1f78o8icq4d85ihhp4rpq0;ip;141.70.105.135;time(s);16.382.026.618.557;data;<id:control-2>;<id:control-2>;<id:pro>;<id:pro>;<id:definite>;<id:definite>;judgement;46;submit;weiter;;;;;;;;;;;;
id;btfe1f78o8icq4d85ihhp4rpq0;ip;141.70.105.135;time(s);16.382.027.013.859;data;<id:c3-t10>;<id:c3-t10>;<id:canonical>;<id:canonical>;<id:cleft>;<id:cleft>;judgement;27;submit;weiter;;;;;;;;;;;;
id;btfe1f78o8icq4d85ihhp4rpq0;ip;141.70.105.135;time(s);16.382.027.320.724;data;<id:control-1>;<id:control-1>;<id:definite>;<id:definite>;<id:pro>;<id:pro>;judgement;-61;submit;weiter;;;;;;;;;;;;
id;btfe1f78o8icq4d85ihhp4rpq0;ip;141.70.105.135;time(s);16.382.027.532.917;data;<id:f-4>;<id:f-4>;<id:unfront>;<id:unfront>;<id:front>;<id:front>;judgement;-100;submit;weiter;;;;;;;;;;;;
id;btfe1f78o8icq4d85ihhp4rpq0;ip;141.70.105.135;time(s);16.382.027.690.953;data;<id:control-4>;<id:control-4>;<id:pro>;<id:pro>;<id:definite>;<id:definite>;judgement;-93;submit;weiter;;;;;;;;;;;;
id;btfe1f78o8icq4d85ihhp4rpq0;ip;141.70.105.135;time(s);16.382.027.843.846;data;<id:f-6>;<id:f-6>;<id:dm>;<id:dm>;<id:no_dm>;<id:no_dm>;judgement;-100;submit;weiter;;;;;;;;;;;;
id;btfe1f78o8icq4d85ihhp4rpq0;ip;141.70.105.135;time(s);16.382.028.090.204;data;<id:f-5>;<id:f-5>;<id:dm>;<id:dm>;<id:no_dm>;<id:no_dm>;judgement;-82;submit;weiter;;;;;;;;;;;;
id;btfe1f78o8icq4d85ihhp4rpq0;ip;141.70.105.135;time(s);16.382.028.224.877;data;<id:c1-t3>;<id:c1-t3>;<id:cleft>;<id:cleft>;<id:canonical>;<id:canonical>;judgement;-11;submit;weiter;;;;;;;;;;;;
id;btfe1f78o8icq4d85ihhp4rpq0;ip;141.70.105.135;time(s);16.382.028.408.846;data;<id:f-8>;<id:f-8>;<id:dm>;<id:dm>;<id:no_dm>;<id:no_dm>;judgement;-76;submit;weiter;;;;;;;;;;;;
id;btfe1f78o8icq4d85ihhp4rpq0;ip;141.70.105.135;time(s);16.382.028.561.929;data;<id:f-1>;<id:f-1>;<id:unfront>;<id:unfront>;<id:front>;<id:front>;judgement;-23;submit;weiter;;;;;;;;;;;;
id;btfe1f78o8icq4d85ihhp4rpq0;ip;141.70.105.135;time(s);16.382.028.714.693;data;<id:control-3>;<id:control-3>;<id:pro>;<id:pro>;<id:definite>;<id:definite>;judgement;-12;submit;weiter;;;;;;;;;;;;
id;btfe1f78o8icq4d85ihhp4rpq0;ip;141.70.105.135;time(s);16.382.028.857.233;data;<id:f-7>;<id:f-7>;<id:no_dm>;<id:no_dm>;<id:dm>;<id:dm>;judgement;70;submit;weiter;;;;;;;;;;;;
id;btfe1f78o8icq4d85ihhp4rpq0;ip;141.70.105.135;time(s);16.382.029.004.851;data;<id:c3-t7>;<id:c3-t7>;<id:cleft>;<id:cleft>;<id:canonical>;<id:canonical>;judgement;-82;submit;weiter;;;;;;;;;;;;
id;btfe1f78o8icq4d85ihhp4rpq0;ip;141.70.105.135;time(s);16.382.029.133.702;data;<id:f-2>;<id:f-2>;<id:front>;<id:front>;<id:unfront>;<id:unfront>;judgement;100;submit;weiter;;;;;;;;;;;;
id;btfe1f78o8icq4d85ihhp4rpq0;ip;141.70.105.135;time(s);16.382.029.242.995;data;<id:f-3>;<id:f-3>;<id:front>;<id:front>;<id:unfront>;<id:unfront>;judgement;49;submit;weiter;;;;;;;;;;;;
id;btfe1f78o8icq4d85ihhp4rpq0;ip;141.70.105.135;time(s);16.382.029.325.413;data;<id:c1-t12>;<id:c1-t12>;<id:canonical>;<id:canonical>;<id:cleft>;<id:cleft>;judgement;-58;submit;weiter;;;;;;;;;;;;
id;btfe1f78o8icq4d85ihhp4rpq0;ip;141.70.105.135;time(s);16.382.029.611.680;data;<id:prolificID>;<id:prolificID>;prolificID;5fa0947670772d100ddf97de;<id:age>;<id:age>;age;21;<id:sex>;<id:sex>;sex;male;<id:edu>;<id:edu>;edu;Abitur;<id:natLang>;<id:natLang>;natLang;Deutsch;submit;weiter
id;btfe1f78o8icq4d85ihhp4rpq0;ip;141.70.105.135;time(s);16.382.029.782.675;data;feedback;Hat alles soweit gepasst :);;;;;;;;;;;;;;;;;;;;
id;goh35uasb45lg3ue1lg30e0jv6;ip;109.42.113.87;time(s);16.382.009.256.174;data;submit;Ich möchte an dem Experiment teilnehmen!;;;;;;;;;;;;;;;;;;;;
id;goh35uasb45lg3ue1lg30e0jv6;ip;109.42.113.87;time(s);16.382.012.250.705;data;judgement;-90;submit;Experiment starten;;;;;;;;;;;;;;;;;;
id;goh35uasb45lg3ue1lg30e0jv6;ip;109.42.113.87;time(s);16.382.012.505.113;data;<id:f-2>;<id:f-2>;<id:unfront>;<id:unfront>;<id:front>;<id:front>;judgement;-100;submit;weiter;;;;;;;;;;;;
id;goh35uasb45lg3ue1lg30e0jv6;ip;109.42.113.87;time(s);16.382.012.824.431;data;<id:f-8>;<id:f-8>;<id:dm>;<id:dm>;<id:no_dm>;<id:no_dm>;judgement;-100;submit;weiter;;;;;;;;;;;;
id;goh35uasb45lg3ue1lg30e0jv6;ip;109.42.113.87;time(s);16.382.013.004.586;data;<id:control-4>;<id:control-4>;<id:definite>;<id:definite>;<id:pro>;<id:pro>;judgement;100;submit;weiter;;;;;;;;;;;;
id;goh35uasb45lg3ue1lg30e0jv6;ip;109.42.113.87;time(s);16.382.013.281.647;data;<id:f-5>;<id:f-5>;<id:dm>;<id:dm>;<id:no_dm>;<id:no_dm>;judgement;100;submit;weiter;;;;;;;;;;;;
id;goh35uasb45lg3ue1lg30e0jv6;ip;109.42.113.87;time(s);16.382.013.410.138;data;<id:f-1>;<id:f-1>;<id:front>;<id:front>;<id:unfront>;<id:unfront>;judgement;93;submit;weiter;;;;;;;;;;;;
id;goh35uasb45lg3ue1lg30e0jv6;ip;109.42.113.87;time(s);16.382.013.578.565;data;<id:c3-t10>;<id:c3-t10>;<id:cleft>;<id:cleft>;<id:canonical>;<id:canonical>;judgement;-34;submit;weiter;;;;;;;;;;;;
id;goh35uasb45lg3ue1lg30e0jv6;ip;109.42.113.87;time(s);16.382.013.795.708;data;<id:control-1>;<id:control-1>;<id:pro>;<id:pro>;<id:definite>;<id:definite>;judgement;100;submit;weiter;;;;;;;;;;;;
id;goh35uasb45lg3ue1lg30e0jv6;ip;109.42.113.87;time(s);16.382.013.962.873;data;<id:control-3>;<id:control-3>;<id:definite>;<id:definite>;<id:pro>;<id:pro>;judgement;100;submit;weiter;;;;;;;;;;;;
id;goh35uasb45lg3ue1lg30e0jv6;ip;109.42.113.87;time(s);16.382.014.140.599;data;<id:c1-t12>;<id:c1-t12>;<id:canonical>;<id:canonical>;<id:cleft>;<id:cleft>;judgement;56;submit;weiter;;;;;;;;;;;;
id;goh35uasb45lg3ue1lg30e0jv6;ip;109.42.113.87;time(s);16.382.015.201.919;data;<id:control-2>;<id:control-2>;<id:definite>;<id:definite>;<id:pro>;<id:pro>;judgement;-100;submit;weiter;;;;;;;;;;;;
id;goh35uasb45lg3ue1lg30e0jv6;ip;109.42.113.87;time(s);16.382.015.371.501;data;<id:c3-t7>;<id:c3-t7>;<id:cleft>;<id:cleft>;<id:canonical>;<id:canonical>;judgement;-78;submit;weiter;;;;;;;;;;;;
id;goh35uasb45lg3ue1lg30e0jv6;ip;109.42.113.87;time(s);16.382.015.554.669;data;<id:f-7>;<id:f-7>;<id:dm>;<id:dm>;<id:no_dm>;<id:no_dm>;judgement;-78;submit;weiter;;;;;;;;;;;;
id;goh35uasb45lg3ue1lg30e0jv6;ip;109.42.113.87;time(s);16.382.015.832.906;data;<id:f-6>;<id:f-6>;<id:no_dm>;<id:no_dm>;<id:dm>;<id:dm>;judgement;72;submit;weiter;;;;;;;;;;;;
id;goh35uasb45lg3ue1lg30e0jv6;ip;109.42.113.87;time(s);16.382.015.950.365;data;<id:f-4>;<id:f-4>;<id:unfront>;<id:unfront>;<id:front>;<id:front>;judgement;-65;submit;weiter;;;;;;;;;;;;
id;goh35uasb45lg3ue1lg30e0jv6;ip;109.42.113.87;time(s);16.382.016.041.661;data;<id:c1-t3>;<id:c1-t3>;<id:cleft>;<id:cleft>;<id:canonical>;<id:canonical>;judgement;-32;submit;weiter;;;;;;;;;;;;
id;goh35uasb45lg3ue1lg30e0jv6;ip;109.42.113.87;time(s);16.382.016.168.448;data;<id:f-3>;<id:f-3>;<id:unfront>;<id:unfront>;<id:front>;<id:front>;judgement;-80;submit;weiter;;;;;;;;;;;;
id;goh35uasb45lg3ue1lg30e0jv6;ip;109.42.113.87;time(s);16.382.016.722.761;data;<id:prolificID>;<id:prolificID>;prolificID;5fbe72941cf1d201bc50c1d4;<id:age>;<id:age>;age;34;<id:sex>;<id:sex>;sex;female;<id:edu>;<id:edu>;edu;Studium;<id:natLang>;<id:natLang>;natLang;Deutsch;submit;weiter
id;goh35uasb45lg3ue1lg30e0jv6;ip;109.42.113.87;time(s);16.382.016.777.877;data;feedback;;;;;;;;;;;;;;;;;;;;;
id;h489mpubestiehsofomnbqmfe6;ip;88.74.175.154;time(s);16.382.013.611.518;data;submit;Ich möchte an dem Experiment teilnehmen!;;;;;;;;;;;;;;;;;;;;
id;h489mpubestiehsofomnbqmfe6;ip;88.74.175.154;time(s);16.382.013.966.141;data;judgement;-100;submit;Experiment starten;;;;;;;;;;;;;;;;;;
id;h489mpubestiehsofomnbqmfe6;ip;88.74.175.154;time(s);16.382.014.046.717;data;<id:control-3>;<id:control-3>;<id:definite>;<id:definite>;<id:pro>;<id:pro>;judgement;100;submit;weiter;;;;;;;;;;;;
id;h489mpubestiehsofomnbqmfe6;ip;88.74.175.154;time(s);16.382.014.151.707;data;<id:control-4>;<id:control-4>;<id:pro>;<id:pro>;<id:definite>;<id:definite>;judgement;-100;submit;weiter;;;;;;;;;;;;
id;h489mpubestiehsofomnbqmfe6;ip;88.74.175.154;time(s);16.382.014.272.545;data;<id:f-1>;<id:f-1>;<id:unfront>;<id:unfront>;<id:front>;<id:front>;judgement;-100;submit;weiter;;;;;;;;;;;;
id;h489mpubestiehsofomnbqmfe6;ip;88.74.175.154;time(s);16.382.014.410.255;data;<id:f-8>;<id:f-8>;<id:dm>;<id:dm>;<id:no_dm>;<id:no_dm>;judgement;100;submit;weiter;;;;;;;;;;;;
id;h489mpubestiehsofomnbqmfe6;ip;88.74.175.154;time(s);16.382.014.530.173;data;<id:f-7>;<id:f-7>;<id:dm>;<id:dm>;<id:no_dm>;<id:no_dm>;judgement;-97;submit;weiter;;;;;;;;;;;;
id;h489mpubestiehsofomnbqmfe6;ip;88.74.175.154;time(s);16.382.014.656.011;data;<id:control-1>;<id:control-1>;<id:pro>;<id:pro>;<id:definite>;<id:definite>;judgement;100;submit;weiter;;;;;;;;;;;;
id;h489mpubestiehsofomnbqmfe6;ip;88.74.175.154;time(s);16.382.014.770.327;data;<id:c3-t7>;<id:c3-t7>;<id:canonical>;<id:canonical>;<id:cleft>;<id:cleft>;judgement;67;submit;weiter;;;;;;;;;;;;
id;h489mpubestiehsofomnbqmfe6;ip;88.74.175.154;time(s);16.382.014.853.934;data;<id:f-4>;<id:f-4>;<id:unfront>;<id:unfront>;<id:front>;<id:front>;judgement;100;submit;weiter;;;;;;;;;;;;
id;h489mpubestiehsofomnbqmfe6;ip;88.74.175.154;time(s);16.382.014.964.264;data;<id:c1-t12>;<id:c1-t12>;<id:cleft>;<id:cleft>;<id:canonical>;<id:canonical>;judgement;-75;submit;weiter;;;;;;;;;;;;
id;h489mpubestiehsofomnbqmfe6;ip;88.74.175.154;time(s);16.382.015.059.778;data;<id:f-6>;<id:f-6>;<id:no_dm>;<id:no_dm>;<id:dm>;<id:dm>;judgement;62;submit;weiter;;;;;;;;;;;;
id;h489mpubestiehsofomnbqmfe6;ip;88.74.175.154;time(s);16.382.015.197.147;data;<id:c1-t3>;<id:c1-t3>;<id:canonical>;<id:canonical>;<id:cleft>;<id:cleft>;judgement;-12;submit;weiter;;;;;;;;;;;;
id;h489mpubestiehsofomnbqmfe6;ip;88.74.175.154;time(s);16.382.015.282.675;data;<id:control-2>;<id:control-2>;<id:definite>;<id:definite>;<id:pro>;<id:pro>;judgement;-39;submit;weiter;;;;;;;;;;;;
id;h489mpubestiehsofomnbqmfe6;ip;88.74.175.154;time(s);16.382.015.369.782;data;<id:f-3>;<id:f-3>;<id:unfront>;<id:unfront>;<id:front>;<id:front>;judgement;35;submit;weiter;;;;;;;;;;;;
id;h489mpubestiehsofomnbqmfe6;ip;88.74.175.154;time(s);16.382.015.490.271;data;<id:f-2>;<id:f-2>;<id:unfront>;<id:unfront>;<id:front>;<id:front>;judgement;-1;submit;weiter;;;;;;;;;;;;
id;h489mpubestiehsofomnbqmfe6;ip;88.74.175.154;time(s);16.382.015.606.995;data;<id:f-5>;<id:f-5>;<id:dm>;<id:dm>;<id:no_dm>;<id:no_dm>;judgement;-38;submit;weiter;;;;;;;;;;;;
id;h489mpubestiehsofomnbqmfe6;ip;88.74.175.154;time(s);16.382.015.706.918;data;<id:c3-t10>;<id:c3-t10>;<id:cleft>;<id:cleft>;<id:canonical>;<id:canonical>;judgement;-33;submit;weiter;;;;;;;;;;;;
id;h489mpubestiehsofomnbqmfe6;ip;88.74.175.154;time(s);16.382.015.838.602;data;<id:prolificID>;<id:prolificID>;prolificID;60d10503b38976552a1b35da;<id:age>;<id:age>;age;24;<id:sex>;<id:sex>;sex;male;<id:edu>;<id:edu>;edu;Abitur;<id:natLang>;<id:natLang>;natLang;Deutsch;submit;weiter
id;h489mpubestiehsofomnbqmfe6;ip;88.74.175.154;time(s);16.382.015.856.781;data;feedback;;;;;;;;;;;;;;;;;;;;;
id;h88ku4qlq7dlrhap2mfmcdqe10;ip;109.90.9.216;time(s);16.382.007.771.574;data;submit;Ich möchte an dem Experiment teilnehmen!;;;;;;;;;;;;;;;;;;;;
id;h88ku4qlq7dlrhap2mfmcdqe10;ip;109.90.9.216;time(s);16.382.008.404.567;data;judgement;-100;submit;Experiment starten;;;;;;;;;;;;;;;;;;
id;h88ku4qlq7dlrhap2mfmcdqe10;ip;109.90.9.216;time(s);16.382.008.545.182;data;<id:f-3>;<id:f-3>;<id:unfront>;<id:unfront>;<id:front>;<id:front>;judgement;-88;submit;weiter;;;;;;;;;;;;
id;h88ku4qlq7dlrhap2mfmcdqe10;ip;109.90.9.216;time(s);16.382.008.860.213;data;<id:control-4>;<id:control-4>;<id:definite>;<id:definite>;<id:pro>;<id:pro>;judgement;62;submit;weiter;;;;;;;;;;;;
id;h88ku4qlq7dlrhap2mfmcdqe10;ip;109.90.9.216;time(s);16.382.008.979.700;data;<id:c1-t12>;<id:c1-t12>;<id:canonical>;<id:canonical>;<id:cleft>;<id:cleft>;judgement;-64;submit;weiter;;;;;;;;;;;;
id;h88ku4qlq7dlrhap2mfmcdqe10;ip;109.90.9.216;time(s);16.382.009.068.414;data;<id:f-6>;<id:f-6>;<id:dm>;<id:dm>;<id:no_dm>;<id:no_dm>;judgement;-44;submit;weiter;;;;;;;;;;;;
id;h88ku4qlq7dlrhap2mfmcdqe10;ip;109.90.9.216;time(s);16.382.009.221.978;data;<id:control-1>;<id:control-1>;<id:definite>;<id:definite>;<id:pro>;<id:pro>;judgement;-69;submit;weiter;;;;;;;;;;;;
id;h88ku4qlq7dlrhap2mfmcdqe10;ip;109.90.9.216;time(s);16.382.009.381.752;data;<id:c3-t10>;<id:c3-t10>;<id:canonical>;<id:canonical>;<id:cleft>;<id:cleft>;judgement;51;submit;weiter;;;;;;;;;;;;
id;h88ku4qlq7dlrhap2mfmcdqe10;ip;109.90.9.216;time(s);16.382.009.610.653;data;<id:c3-t7>;<id:c3-t7>;<id:canonical>;<id:canonical>;<id:cleft>;<id:cleft>;judgement;41;submit;weiter;;;;;;;;;;;;
id;h88ku4qlq7dlrhap2mfmcdqe10;ip;109.90.9.216;time(s);16.382.009.750.083;data;<id:c1-t3>;<id:c1-t3>;<id:cleft>;<id:cleft>;<id:canonical>;<id:canonical>;judgement;44;submit;weiter;;;;;;;;;;;;
id;h88ku4qlq7dlrhap2mfmcdqe10;ip;109.90.9.216;time(s);16.382.009.843.527;data;<id:f-7>;<id:f-7>;<id:no_dm>;<id:no_dm>;<id:dm>;<id:dm>;judgement;46;submit;weiter;;;;;;;;;;;;
id;h88ku4qlq7dlrhap2mfmcdqe10;ip;109.90.9.216;time(s);16.382.009.969.736;data;<id:f-8>;<id:f-8>;<id:dm>;<id:dm>;<id:no_dm>;<id:no_dm>;judgement;-75;submit;weiter;;;;;;;;;;;;
id;h88ku4qlq7dlrhap2mfmcdqe10;ip;109.90.9.216;time(s);16.382.010.206.782;data;<id:f-5>;<id:f-5>;<id:dm>;<id:dm>;<id:no_dm>;<id:no_dm>;judgement;-13;submit;weiter;;;;;;;;;;;;
id;h88ku4qlq7dlrhap2mfmcdqe10;ip;109.90.9.216;time(s);16.382.010.412.508;data;<id:control-3>;<id:control-3>;<id:definite>;<id:definite>;<id:pro>;<id:pro>;judgement;60;submit;weiter;;;;;;;;;;;;
id;h88ku4qlq7dlrhap2mfmcdqe10;ip;109.90.9.216;time(s);16.382.010.491.722;data;<id:f-1>;<id:f-1>;<id:front>;<id:front>;<id:unfront>;<id:unfront>;judgement;80;submit;weiter;;;;;;;;;;;;
id;h88ku4qlq7dlrhap2mfmcdqe10;ip;109.90.9.216;time(s);16.382.010.597.714;data;<id:control-2>;<id:control-2>;<id:pro>;<id:pro>;<id:definite>;<id:definite>;judgement;72;submit;weiter;;;;;;;;;;;;
id;h88ku4qlq7dlrhap2mfmcdqe10;ip;109.90.9.216;time(s);16.382.010.695.458;data;<id:f-4>;<id:f-4>;<id:unfront>;<id:unfront>;<id:front>;<id:front>;judgement;-76;submit;weiter;;;;;;;;;;;;
id;h88ku4qlq7dlrhap2mfmcdqe10;ip;109.90.9.216;time(s);16.382.010.784.582;data;<id:f-2>;<id:f-2>;<id:front>;<id:front>;<id:unfront>;<id:unfront>;judgement;76;submit;weiter;;;;;;;;;;;;
id;h88ku4qlq7dlrhap2mfmcdqe10;ip;109.90.9.216;time(s);16.382.010.978.925;data;<id:prolificID>;<id:prolificID>;prolificID;5d077b300b54cc0015dad3bf;<id:age>;<id:age>;age;63;<id:sex>;<id:sex>;sex;male;<id:edu>;<id:edu>;edu;Hauptschule;<id:natLang>;<id:natLang>;natLang;Deutsch;submit;weiter
id;h88ku4qlq7dlrhap2mfmcdqe10;ip;109.90.9.216;time(s);16.382.011.057.637;data;feedback;;;;;;;;;;;;;;;;;;;;;
id;ipq4flca72b3hnkqjrmrd5spd7;ip;5.63.49.101;time(s);16.381.984.675.378;data;submit;Ich möchte an dem Experiment teilnehmen!;;;;;;;;;;;;;;;;;;;;
id;ipq4flca72b3hnkqjrmrd5spd7;ip;5.63.49.101;time(s);16.381.985.067.249;data;judgement;-100;submit;Experiment starten;;;;;;;;;;;;;;;;;;
id;ipq4flca72b3hnkqjrmrd5spd7;ip;5.63.49.101;time(s);16.381.985.299.661;data;<id:c1-t3>;<id:c1-t3>;<id:cleft>;<id:cleft>;<id:canonical>;<id:canonical>;judgement;39;submit;weiter;;;;;;;;;;;;
id;ipq4flca72b3hnkqjrmrd5spd7;ip;5.63.49.101;time(s);16.381.985.423.996;data;<id:f-1>;<id:f-1>;<id:front>;<id:front>;<id:unfront>;<id:unfront>;judgement;41;submit;weiter;;;;;;;;;;;;
id;ipq4flca72b3hnkqjrmrd5spd7;ip;5.63.49.101;time(s);16.381.985.599.011;data;<id:control-1>;<id:control-1>;<id:pro>;<id:pro>;<id:definite>;<id:definite>;judgement;77;submit;weiter;;;;;;;;;;;;
id;ipq4flca72b3hnkqjrmrd5spd7;ip;5.63.49.101;time(s);16.381.985.817.688;data;<id:c3-t7>;<id:c3-t7>;<id:canonical>;<id:canonical>;<id:cleft>;<id:cleft>;judgement;2;submit;weiter;;;;;;;;;;;;
id;ipq4flca72b3hnkqjrmrd5spd7;ip;5.63.49.101;time(s);16.381.986.004.773;data;<id:f-3>;<id:f-3>;<id:unfront>;<id:unfront>;<id:front>;<id:front>;judgement;-35;submit;weiter;;;;;;;;;;;;
id;ipq4flca72b3hnkqjrmrd5spd7;ip;5.63.49.101;time(s);16.381.986.192.760;data;<id:f-7>;<id:f-7>;<id:dm>;<id:dm>;<id:no_dm>;<id:no_dm>;judgement;-78;submit;weiter;;;;;;;;;;;;
id;ipq4flca72b3hnkqjrmrd5spd7;ip;5.63.49.101;time(s);16.381.986.349.905;data;<id:control-4>;<id:control-4>;<id:pro>;<id:pro>;<id:definite>;<id:definite>;judgement;-19;submit;weiter;;;;;;;;;;;;
id;ipq4flca72b3hnkqjrmrd5spd7;ip;5.63.49.101;time(s);16.381.986.567.051;data;<id:control-2>;<id:control-2>;<id:pro>;<id:pro>;<id:definite>;<id:definite>;judgement;78;submit;weiter;;;;;;;;;;;;
id;ipq4flca72b3hnkqjrmrd5spd7;ip;5.63.49.101;time(s);16.381.986.662.064;data;<id:f-2>;<id:f-2>;<id:unfront>;<id:unfront>;<id:front>;<id:front>;judgement;14;submit;weiter;;;;;;;;;;;;
id;ipq4flca72b3hnkqjrmrd5spd7;ip;5.63.49.101;time(s);16.381.986.800.017;data;<id:f-5>;<id:f-5>;<id:no_dm>;<id:no_dm>;<id:dm>;<id:dm>;judgement;100;submit;weiter;;;;;;;;;;;;
id;ipq4flca72b3hnkqjrmrd5spd7;ip;5.63.49.101;time(s);16.381.986.904.626;data;<id:f-4>;<id:f-4>;<id:unfront>;<id:unfront>;<id:front>;<id:front>;judgement;39;submit;weiter;;;;;;;;;;;;
id;ipq4flca72b3hnkqjrmrd5spd7;ip;5.63.49.101;time(s);16.381.987.034.051;data;<id:f-8>;<id:f-8>;<id:no_dm>;<id:no_dm>;<id:dm>;<id:dm>;judgement;77;submit;weiter;;;;;;;;;;;;
id;ipq4flca72b3hnkqjrmrd5spd7;ip;5.63.49.101;time(s);16.381.987.146.286;data;<id:control-3>;<id:control-3>;<id:pro>;<id:pro>;<id:definite>;<id:definite>;judgement;-29;submit;weiter;;;;;;;;;;;;
id;ipq4flca72b3hnkqjrmrd5spd7;ip;5.63.49.101;time(s);16.381.987.296.001;data;<id:c3-t10>;<id:c3-t10>;<id:canonical>;<id:canonical>;<id:cleft>;<id:cleft>;judgement;25;submit;weiter;;;;;;;;;;;;
id;ipq4flca72b3hnkqjrmrd5spd7;ip;5.63.49.101;time(s);16.381.987.395.923;data;<id:f-6>;<id:f-6>;<id:dm>;<id:dm>;<id:no_dm>;<id:no_dm>;judgement;-82;submit;weiter;;;;;;;;;;;;
id;ipq4flca72b3hnkqjrmrd5spd7;ip;5.63.49.101;time(s);16.381.987.530.788;data;<id:c1-t12>;<id:c1-t12>;<id:cleft>;<id:cleft>;<id:canonical>;<id:canonical>;judgement;51;submit;weiter;;;;;;;;;;;;
id;ipq4flca72b3hnkqjrmrd5spd7;ip;5.63.49.101;time(s);16.381.987.998.865;data;<id:prolificID>;<id:prolificID>;prolificID;5bb3c34b30cb21000189a1bf;<id:age>;<id:age>;age;58;<id:sex>;<id:sex>;sex;female;<id:edu>;<id:edu>;edu;Realschule;<id:natLang>;<id:natLang>;natLang;Deutsch;submit;weiter
id;ipq4flca72b3hnkqjrmrd5spd7;ip;5.63.49.101;time(s);16.381.988.064.593;data;feedback;;;;;;;;;;;;;;;;;;;;;
id;khrevo8ev10pcfri2a7g2tfer6;ip;217.82.22.239;time(s);16.382.017.389.775;data;submit;Ich möchte an dem Experiment teilnehmen!;;;;;;;;;;;;;;;;;;;;
id;khrevo8ev10pcfri2a7g2tfer6;ip;217.82.22.239;time(s);16.382.017.959.216;data;judgement;-100;submit;Experiment starten;;;;;;;;;;;;;;;;;;
id;khrevo8ev10pcfri2a7g2tfer6;ip;217.82.22.239;time(s);16.382.018.147.347;data;<id:f-7>;<id:f-7>;<id:dm>;<id:dm>;<id:no_dm>;<id:no_dm>;judgement;-100;submit;weiter;;;;;;;;;;;;
id;khrevo8ev10pcfri2a7g2tfer6;ip;217.82.22.239;time(s);16.382.018.369.049;data;<id:c3-t10>;<id:c3-t10>;<id:canonical>;<id:canonical>;<id:cleft>;<id:cleft>;judgement;42;submit;weiter;;;;;;;;;;;;
id;khrevo8ev10pcfri2a7g2tfer6;ip;217.82.22.239;time(s);16.382.018.500.325;data;<id:control-4>;<id:control-4>;<id:definite>;<id:definite>;<id:pro>;<id:pro>;judgement;100;submit;weiter;;;;;;;;;;;;
id;khrevo8ev10pcfri2a7g2tfer6;ip;217.82.22.239;time(s);16.382.018.677.176;data;<id:c3-t7>;<id:c3-t7>;<id:canonical>;<id:canonical>;<id:cleft>;<id:cleft>;judgement;-69;submit;weiter;;;;;;;;;;;;
id;khrevo8ev10pcfri2a7g2tfer6;ip;217.82.22.239;time(s);16.382.018.803.149;data;<id:f-8>;<id:f-8>;<id:dm>;<id:dm>;<id:no_dm>;<id:no_dm>;judgement;-100;submit;weiter;;;;;;;;;;;;
id;khrevo8ev10pcfri2a7g2tfer6;ip;217.82.22.239;time(s);16.382.018.887.236;data;<id:f-2>;<id:f-2>;<id:front>;<id:front>;<id:unfront>;<id:unfront>;judgement;100;submit;weiter;;;;;;;;;;;;
id;khrevo8ev10pcfri2a7g2tfer6;ip;217.82.22.239;time(s);16.382.018.966.316;data;<id:control-3>;<id:control-3>;<id:definite>;<id:definite>;<id:pro>;<id:pro>;judgement;100;submit;weiter;;;;;;;;;;;;
id;khrevo8ev10pcfri2a7g2tfer6;ip;217.82.22.239;time(s);16.382.019.078.758;data;<id:c1-t12>;<id:c1-t12>;<id:cleft>;<id:cleft>;<id:canonical>;<id:canonical>;judgement;100;submit;weiter;;;;;;;;;;;;
id;khrevo8ev10pcfri2a7g2tfer6;ip;217.82.22.239;time(s);16.382.019.216.134;data;<id:f-3>;<id:f-3>;<id:front>;<id:front>;<id:unfront>;<id:unfront>;judgement;100;submit;weiter;;;;;;;;;;;;
id;khrevo8ev10pcfri2a7g2tfer6;ip;217.82.22.239;time(s);16.382.019.431.632;data;<id:f-6>;<id:f-6>;<id:no_dm>;<id:no_dm>;<id:dm>;<id:dm>;judgement;81;submit;weiter;;;;;;;;;;;;
id;khrevo8ev10pcfri2a7g2tfer6;ip;217.82.22.239;time(s);16.382.019.515.303;data;<id:c1-t3>;<id:c1-t3>;<id:canonical>;<id:canonical>;<id:cleft>;<id:cleft>;judgement;-100;submit;weiter;;;;;;;;;;;;
id;khrevo8ev10pcfri2a7g2tfer6;ip;217.82.22.239;time(s);16.382.019.674.536;data;<id:control-1>;<id:control-1>;<id:definite>;<id:definite>;<id:pro>;<id:pro>;judgement;-100;submit;weiter;;;;;;;;;;;;
id;khrevo8ev10pcfri2a7g2tfer6;ip;217.82.22.239;time(s);16.382.019.807.323;data;<id:f-1>;<id:f-1>;<id:unfront>;<id:unfront>;<id:front>;<id:front>;judgement;50;submit;weiter;;;;;;;;;;;;
id;khrevo8ev10pcfri2a7g2tfer6;ip;217.82.22.239;time(s);16.382.019.866.179;data;<id:f-4>;<id:f-4>;<id:front>;<id:front>;<id:unfront>;<id:unfront>;judgement;100;submit;weiter;;;;;;;;;;;;
id;khrevo8ev10pcfri2a7g2tfer6;ip;217.82.22.239;time(s);16.382.019.971.148;data;<id:control-2>;<id:control-2>;<id:definite>;<id:definite>;<id:pro>;<id:pro>;judgement;-100;submit;weiter;;;;;;;;;;;;
id;khrevo8ev10pcfri2a7g2tfer6;ip;217.82.22.239;time(s);16.382.020.094.706;data;<id:f-5>;<id:f-5>;<id:dm>;<id:dm>;<id:no_dm>;<id:no_dm>;judgement;-100;submit;weiter;;;;;;;;;;;;
id;khrevo8ev10pcfri2a7g2tfer6;ip;217.82.22.239;time(s);16.382.020.409.814;data;<id:prolificID>;<id:prolificID>;prolificID;5f8051b402daee04b8108440;<id:age>;<id:age>;age;58;<id:sex>;<id:sex>;sex;female;<id:edu>;<id:edu>;edu;Magister Artium;<id:natLang>;<id:natLang>;natLang;Deutsch;submit;weiter
id;khrevo8ev10pcfri2a7g2tfer6;ip;217.82.22.239;time(s);16.382.020.449.340;data;feedback;;;;;;;;;;;;;;;;;;;;;
id;ogcev5jtgql5kjiqu9kil0bsk4;ip;195.216.229.243;time(s);16.382.000.419.509;data;submit;Ich möchte an dem Experiment teilnehmen!;;;;;;;;;;;;;;;;;;;;
id;ogcev5jtgql5kjiqu9kil0bsk4;ip;195.216.229.243;time(s);16.382.000.872.462;data;judgement;-100;submit;Experiment starten;;;;;;;;;;;;;;;;;;
id;ogcev5jtgql5kjiqu9kil0bsk4;ip;195.216.229.243;time(s);16.382.001.042.755;data;<id:control-1>;<id:control-1>;<id:pro>;<id:pro>;<id:definite>;<id:definite>;judgement;100;submit;weiter;;;;;;;;;;;;
id;ogcev5jtgql5kjiqu9kil0bsk4;ip;195.216.229.243;time(s);16.382.001.132.209;data;<id:f-3>;<id:f-3>;<id:front>;<id:front>;<id:unfront>;<id:unfront>;judgement;73;submit;weiter;;;;;;;;;;;;
id;ogcev5jtgql5kjiqu9kil0bsk4;ip;195.216.229.243;time(s);16.382.001.214.762;data;<id:control-4>;<id:control-4>;<id:definite>;<id:definite>;<id:pro>;<id:pro>;judgement;-83;submit;weiter;;;;;;;;;;;;
id;ogcev5jtgql5kjiqu9kil0bsk4;ip;195.216.229.243;time(s);16.382.001.314.029;data;<id:f-1>;<id:f-1>;<id:unfront>;<id:unfront>;<id:front>;<id:front>;judgement;37;submit;weiter;;;;;;;;;;;;
id;ogcev5jtgql5kjiqu9kil0bsk4;ip;195.216.229.243;time(s);16.382.001.409.780;data;<id:control-3>;<id:control-3>;<id:definite>;<id:definite>;<id:pro>;<id:pro>;judgement;-40;submit;weiter;;;;;;;;;;;;
id;ogcev5jtgql5kjiqu9kil0bsk4;ip;195.216.229.243;time(s);16.382.001.481.124;data;<id:f-4>;<id:f-4>;<id:front>;<id:front>;<id:unfront>;<id:unfront>;judgement;100;submit;weiter;;;;;;;;;;;;
id;ogcev5jtgql5kjiqu9kil0bsk4;ip;195.216.229.243;time(s);16.382.001.572.814;data;<id:c1-t3>;<id:c1-t3>;<id:cleft>;<id:cleft>;<id:canonical>;<id:canonical>;judgement;52;submit;weiter;;;;;;;;;;;;
id;ogcev5jtgql5kjiqu9kil0bsk4;ip;195.216.229.243;time(s);16.382.001.639.957;data;<id:f-2>;<id:f-2>;<id:front>;<id:front>;<id:unfront>;<id:unfront>;judgement;100;submit;weiter;;;;;;;;;;;;
id;ogcev5jtgql5kjiqu9kil0bsk4;ip;195.216.229.243;time(s);16.382.001.754.687;data;<id:f-7>;<id:f-7>;<id:no_dm>;<id:no_dm>;<id:dm>;<id:dm>;judgement;-100;submit;weiter;;;;;;;;;;;;
id;ogcev5jtgql5kjiqu9kil0bsk4;ip;195.216.229.243;time(s);16.382.001.986.395;data;<id:c1-t12>;<id:c1-t12>;<id:canonical>;<id:canonical>;<id:cleft>;<id:cleft>;judgement;-53;submit;weiter;;;;;;;;;;;;
id;ogcev5jtgql5kjiqu9kil0bsk4;ip;195.216.229.243;time(s);16.382.002.106.851;data;<id:f-5>;<id:f-5>;<id:dm>;<id:dm>;<id:no_dm>;<id:no_dm>;judgement;59;submit;weiter;;;;;;;;;;;;
id;ogcev5jtgql5kjiqu9kil0bsk4;ip;195.216.229.243;time(s);16.382.002.172.614;data;<id:f-6>;<id:f-6>;<id:dm>;<id:dm>;<id:no_dm>;<id:no_dm>;judgement;62;submit;weiter;;;;;;;;;;;;
id;ogcev5jtgql5kjiqu9kil0bsk4;ip;195.216.229.243;time(s);16.382.002.267.405;data;<id:c3-t7>;<id:c3-t7>;<id:cleft>;<id:cleft>;<id:canonical>;<id:canonical>;judgement;-59;submit;weiter;;;;;;;;;;;;
id;ogcev5jtgql5kjiqu9kil0bsk4;ip;195.216.229.243;time(s);16.382.002.378.247;data;<id:f-8>;<id:f-8>;<id:no_dm>;<id:no_dm>;<id:dm>;<id:dm>;judgement;53;submit;weiter;;;;;;;;;;;;
id;ogcev5jtgql5kjiqu9kil0bsk4;ip;195.216.229.243;time(s);16.382.002.469.181;data;<id:control-2>;<id:control-2>;<id:pro>;<id:pro>;<id:definite>;<id:definite>;judgement;66;submit;weiter;;;;;;;;;;;;
id;ogcev5jtgql5kjiqu9kil0bsk4;ip;195.216.229.243;time(s);16.382.002.585.263;data;<id:c3-t10>;<id:c3-t10>;<id:canonical>;<id:canonical>;<id:cleft>;<id:cleft>;judgement;44;submit;weiter;;;;;;;;;;;;
id;ogcev5jtgql5kjiqu9kil0bsk4;ip;195.216.229.243;time(s);16.382.002.849.938;data;<id:prolificID>;<id:prolificID>;prolificID;6113d35622f0e3b5d5f7ed8b;<id:age>;<id:age>;age;28;<id:sex>;<id:sex>;sex;male;<id:edu>;<id:edu>;edu;MSc;<id:natLang>;<id:natLang>;natLang;Deutsch;submit;weiter
id;ogcev5jtgql5kjiqu9kil0bsk4;ip;195.216.229.243;time(s);16.382.002.887.118;data;feedback;;;;;;;;;;;;;;;;;;;;;
id;oitrhpkbp34ev83kjr9sfk7171;ip;212.161.68.43;time(s);16.381.992.580.570;data;submit;Ich möchte an dem Experiment teilnehmen!;;;;;;;;;;;;;;;;;;;;
id;oitrhpkbp34ev83kjr9sfk7171;ip;212.161.68.43;time(s);16.381.992.710.695;data;judgement;-100;submit;Experiment starten;;;;;;;;;;;;;;;;;;
id;oitrhpkbp34ev83kjr9sfk7171;ip;212.161.68.43;time(s);16.381.992.887.030;data;<id:c1-t12>;<id:c1-t12>;<id:canonical>;<id:canonical>;<id:cleft>;<id:cleft>;judgement;-44;submit;weiter;;;;;;;;;;;;
id;oitrhpkbp34ev83kjr9sfk7171;ip;212.161.68.43;time(s);16.381.993.452.293;data;<id:c1-t3>;<id:c1-t3>;<id:canonical>;<id:canonical>;<id:cleft>;<id:cleft>;judgement;-52;submit;weiter;;;;;;;;;;;;
id;oitrhpkbp34ev83kjr9sfk7171;ip;212.161.68.43;time(s);16.381.993.512.677;data;<id:f-6>;<id:f-6>;<id:dm>;<id:dm>;<id:no_dm>;<id:no_dm>;judgement;-73;submit;weiter;;;;;;;;;;;;
id;oitrhpkbp34ev83kjr9sfk7171;ip;212.161.68.43;time(s);16.381.994.210.361;data;<id:control-3>;<id:control-3>;<id:pro>;<id:pro>;<id:definite>;<id:definite>;judgement;-21;submit;weiter;;;;;;;;;;;;
id;oitrhpkbp34ev83kjr9sfk7171;ip;212.161.68.43;time(s);16.381.994.298.959;data;<id:f-1>;<id:f-1>;<id:front>;<id:front>;<id:unfront>;<id:unfront>;judgement;100;submit;weiter;;;;;;;;;;;;
id;oitrhpkbp34ev83kjr9sfk7171;ip;212.161.68.43;time(s);16.381.994.365.822;data;<id:control-4>;<id:control-4>;<id:definite>;<id:definite>;<id:pro>;<id:pro>;judgement;26;submit;weiter;;;;;;;;;;;;
id;oitrhpkbp34ev83kjr9sfk7171;ip;212.161.68.43;time(s);16.381.994.545.691;data;<id:f-3>;<id:f-3>;<id:front>;<id:front>;<id:unfront>;<id:unfront>;judgement;0;submit;weiter;;;;;;;;;;;;
id;oitrhpkbp34ev83kjr9sfk7171;ip;212.161.68.43;time(s);16.381.995.103.074;data;<id:control-1>;<id:control-1>;<id:pro>;<id:pro>;<id:definite>;<id:definite>;judgement;100;submit;weiter;;;;;;;;;;;;
id;oitrhpkbp34ev83kjr9sfk7171;ip;212.161.68.43;time(s);16.381.995.559.535;data;<id:f-7>;<id:f-7>;<id:dm>;<id:dm>;<id:no_dm>;<id:no_dm>;judgement;-40;submit;weiter;;;;;;;;;;;;
id;oitrhpkbp34ev83kjr9sfk7171;ip;212.161.68.43;time(s);16.381.995.658.882;data;<id:f-4>;<id:f-4>;<id:unfront>;<id:unfront>;<id:front>;<id:front>;judgement;-100;submit;weiter;;;;;;;;;;;;
id;oitrhpkbp34ev83kjr9sfk7171;ip;212.161.68.43;time(s);16.381.995.737.599;data;<id:f-8>;<id:f-8>;<id:dm>;<id:dm>;<id:no_dm>;<id:no_dm>;judgement;-75;submit;weiter;;;;;;;;;;;;
id;oitrhpkbp34ev83kjr9sfk7171;ip;212.161.68.43;time(s);16.381.995.839.583;data;<id:c3-t7>;<id:c3-t7>;<id:cleft>;<id:cleft>;<id:canonical>;<id:canonical>;judgement;0;submit;weiter;;;;;;;;;;;;
id;oitrhpkbp34ev83kjr9sfk7171;ip;212.161.68.43;time(s);16.381.995.928.555;data;<id:f-5>;<id:f-5>;<id:no_dm>;<id:no_dm>;<id:dm>;<id:dm>;judgement;100;submit;weiter;;;;;;;;;;;;
id;oitrhpkbp34ev83kjr9sfk7171;ip;212.161.68.43;time(s);16.381.996.479.139;data;<id:f-2>;<id:f-2>;<id:front>;<id:front>;<id:unfront>;<id:unfront>;judgement;38;submit;weiter;;;;;;;;;;;;
id;oitrhpkbp34ev83kjr9sfk7171;ip;212.161.68.43;time(s);16.381.996.543.815;data;<id:c3-t10>;<id:c3-t10>;<id:canonical>;<id:canonical>;<id:cleft>;<id:cleft>;judgement;94;submit;weiter;;;;;;;;;;;;
id;oitrhpkbp34ev83kjr9sfk7171;ip;212.161.68.43;time(s);16.381.997.067.380;data;<id:control-2>;<id:control-2>;<id:pro>;<id:pro>;<id:definite>;<id:definite>;judgement;100;submit;weiter;;;;;;;;;;;;
id;oitrhpkbp34ev83kjr9sfk7171;ip;212.161.68.43;time(s);16.381.997.209.440;data;<id:prolificID>;<id:prolificID>;prolificID;615436cd1e7c4a8fa434d3ec;<id:age>;<id:age>;age;27;<id:sex>;<id:sex>;sex;male;<id:edu>;<id:edu>;edu;Master;<id:natLang>;<id:natLang>;natLang;Deutsch;submit;weiter
id;oitrhpkbp34ev83kjr9sfk7171;ip;212.161.68.43;time(s);16.381.997.223.766;data;feedback;;;;;;;;;;;;;;;;;;;;;
