id;1rdkmqhjnpnv94i2fdalqeu7l5;ip;90.186.133.44;time(s);16.382.005.294.992;data;submit;Ich möchte an dem Experiment teilnehmen!;;;;;;;;;;;;;;;;;;;;
id;1rdkmqhjnpnv94i2fdalqeu7l5;ip;90.186.133.44;time(s);16.382.005.792.052;data;judgement;-100;submit;Experiment starten;;;;;;;;;;;;;;;;;;
id;1rdkmqhjnpnv94i2fdalqeu7l5;ip;90.186.133.44;time(s);16.382.006.012.205;data;<id:control-3>;<id:control-3>;<id:pro>;<id:pro>;<id:definite>;<id:definite>;judgement;-100;submit;weiter;;;;;;;;;;;;
id;1rdkmqhjnpnv94i2fdalqeu7l5;ip;90.186.133.44;time(s);16.382.006.152.836;data;<id:f-1>;<id:f-1>;<id:unfront>;<id:unfront>;<id:front>;<id:front>;judgement;100;submit;weiter;;;;;;;;;;;;
id;1rdkmqhjnpnv94i2fdalqeu7l5;ip;90.186.133.44;time(s);16.382.006.299.261;data;<id:c1-t7>;<id:c1-t7>;<id:canonical>;<id:canonical>;<id:cleft>;<id:cleft>;judgement;-100;submit;weiter;;;;;;;;;;;;
id;1rdkmqhjnpnv94i2fdalqeu7l5;ip;90.186.133.44;time(s);16.382.006.437.232;data;<id:f-5>;<id:f-5>;<id:dm>;<id:dm>;<id:no_dm>;<id:no_dm>;judgement;100;submit;weiter;;;;;;;;;;;;
id;1rdkmqhjnpnv94i2fdalqeu7l5;ip;90.186.133.44;time(s);16.382.006.616.207;data;<id:f-4>;<id:f-4>;<id:front>;<id:front>;<id:unfront>;<id:unfront>;judgement;-27;submit;weiter;;;;;;;;;;;;
id;1rdkmqhjnpnv94i2fdalqeu7l5;ip;90.186.133.44;time(s);16.382.006.882.595;data;<id:f-2>;<id:f-2>;<id:front>;<id:front>;<id:unfront>;<id:unfront>;judgement;19;submit;weiter;;;;;;;;;;;;
id;1rdkmqhjnpnv94i2fdalqeu7l5;ip;90.186.133.44;time(s);16.382.006.983.252;data;<id:control-4>;<id:control-4>;<id:pro>;<id:pro>;<id:definite>;<id:definite>;judgement;-100;submit;weiter;;;;;;;;;;;;
id;1rdkmqhjnpnv94i2fdalqeu7l5;ip;90.186.133.44;time(s);16.382.007.073.610;data;<id:f-7>;<id:f-7>;<id:no_dm>;<id:no_dm>;<id:dm>;<id:dm>;judgement;100;submit;weiter;;;;;;;;;;;;
id;1rdkmqhjnpnv94i2fdalqeu7l5;ip;90.186.133.44;time(s);16.382.007.184.859;data;<id:c1-t10>;<id:c1-t10>;<id:canonical>;<id:canonical>;<id:cleft>;<id:cleft>;judgement;-55;submit;weiter;;;;;;;;;;;;
id;1rdkmqhjnpnv94i2fdalqeu7l5;ip;90.186.133.44;time(s);16.382.007.277.050;data;<id:f-3>;<id:f-3>;<id:front>;<id:front>;<id:unfront>;<id:unfront>;judgement;64;submit;weiter;;;;;;;;;;;;
id;1rdkmqhjnpnv94i2fdalqeu7l5;ip;90.186.133.44;time(s);16.382.007.502.599;data;<id:c3-t12>;<id:c3-t12>;<id:cleft>;<id:cleft>;<id:canonical>;<id:canonical>;judgement;44;submit;weiter;;;;;;;;;;;;
id;1rdkmqhjnpnv94i2fdalqeu7l5;ip;90.186.133.44;time(s);16.382.007.645.276;data;<id:f-8>;<id:f-8>;<id:no_dm>;<id:no_dm>;<id:dm>;<id:dm>;judgement;100;submit;weiter;;;;;;;;;;;;
id;1rdkmqhjnpnv94i2fdalqeu7l5;ip;90.186.133.44;time(s);16.382.007.810.589;data;<id:control-2>;<id:control-2>;<id:definite>;<id:definite>;<id:pro>;<id:pro>;judgement;-100;submit;weiter;;;;;;;;;;;;
id;1rdkmqhjnpnv94i2fdalqeu7l5;ip;90.186.133.44;time(s);16.382.008.014.334;data;<id:c3-t3>;<id:c3-t3>;<id:cleft>;<id:cleft>;<id:canonical>;<id:canonical>;judgement;-55;submit;weiter;;;;;;;;;;;;
id;1rdkmqhjnpnv94i2fdalqeu7l5;ip;90.186.133.44;time(s);16.382.008.260.420;data;<id:control-1>;<id:control-1>;<id:pro>;<id:pro>;<id:definite>;<id:definite>;judgement;73;submit;weiter;;;;;;;;;;;;
id;1rdkmqhjnpnv94i2fdalqeu7l5;ip;90.186.133.44;time(s);16.382.008.371.657;data;<id:f-6>;<id:f-6>;<id:dm>;<id:dm>;<id:no_dm>;<id:no_dm>;judgement;-100;submit;weiter;;;;;;;;;;;;
id;1rdkmqhjnpnv94i2fdalqeu7l5;ip;90.186.133.44;time(s);16.382.008.664.183;data;<id:prolificID>;<id:prolificID>;prolificID;610fcfcca45ad154f2d82b4f;<id:age>;<id:age>;age;23;<id:sex>;<id:sex>;sex;male;<id:edu>;<id:edu>;edu;Abitur;<id:natLang>;<id:natLang>;natLang;Deutsch, Polnisch;submit;weiter
id;1rdkmqhjnpnv94i2fdalqeu7l5;ip;90.186.133.44;time(s);16.382.009.055.760;data;feedback;Ich glaube weniger Abstufungen bei der Entscheidung zwischen A und B hätten es auch getan;;;;;;;;;;;;;;;;;;;;
id;3cb9hjgul5kdb5qqemdgatlkt6;ip;86.173.187.27;time(s);16.381.989.297.115;data;submit;Ich möchte an dem Experiment teilnehmen!;;;;;;;;;;;;;;;;;;;;
id;3cb9hjgul5kdb5qqemdgatlkt6;ip;86.173.187.27;time(s);16.381.989.483.265;data;judgement;-100;submit;Experiment starten;;;;;;;;;;;;;;;;;;
id;3cb9hjgul5kdb5qqemdgatlkt6;ip;86.173.187.27;time(s);16.381.989.611.964;data;<id:f-3>;<id:f-3>;<id:front>;<id:front>;<id:unfront>;<id:unfront>;judgement;45;submit;weiter;;;;;;;;;;;;
id;3cb9hjgul5kdb5qqemdgatlkt6;ip;86.173.187.27;time(s);16.381.989.687.769;data;<id:control-3>;<id:control-3>;<id:definite>;<id:definite>;<id:pro>;<id:pro>;judgement;100;submit;weiter;;;;;;;;;;;;
id;3cb9hjgul5kdb5qqemdgatlkt6;ip;86.173.187.27;time(s);16.381.989.836.815;data;<id:c1-t7>;<id:c1-t7>;<id:canonical>;<id:canonical>;<id:cleft>;<id:cleft>;judgement;33;submit;weiter;;;;;;;;;;;;
id;3cb9hjgul5kdb5qqemdgatlkt6;ip;86.173.187.27;time(s);16.381.989.919.694;data;<id:f-4>;<id:f-4>;<id:front>;<id:front>;<id:unfront>;<id:unfront>;judgement;100;submit;weiter;;;;;;;;;;;;
id;3cb9hjgul5kdb5qqemdgatlkt6;ip;86.173.187.27;time(s);16.381.990.048.180;data;<id:control-4>;<id:control-4>;<id:pro>;<id:pro>;<id:definite>;<id:definite>;judgement;-75;submit;weiter;;;;;;;;;;;;
id;3cb9hjgul5kdb5qqemdgatlkt6;ip;86.173.187.27;time(s);16.381.990.202.166;data;<id:c3-t12>;<id:c3-t12>;<id:cleft>;<id:cleft>;<id:canonical>;<id:canonical>;judgement;57;submit;weiter;;;;;;;;;;;;
id;3cb9hjgul5kdb5qqemdgatlkt6;ip;86.173.187.27;time(s);16.381.990.295.412;data;<id:f-2>;<id:f-2>;<id:unfront>;<id:unfront>;<id:front>;<id:front>;judgement;-100;submit;weiter;;;;;;;;;;;;
id;3cb9hjgul5kdb5qqemdgatlkt6;ip;86.173.187.27;time(s);16.381.990.404.819;data;<id:f-5>;<id:f-5>;<id:dm>;<id:dm>;<id:no_dm>;<id:no_dm>;judgement;-34;submit;weiter;;;;;;;;;;;;
id;3cb9hjgul5kdb5qqemdgatlkt6;ip;86.173.187.27;time(s);16.381.990.494.746;data;<id:f-7>;<id:f-7>;<id:dm>;<id:dm>;<id:no_dm>;<id:no_dm>;judgement;-27;submit;weiter;;;;;;;;;;;;
id;3cb9hjgul5kdb5qqemdgatlkt6;ip;86.173.187.27;time(s);16.381.990.637.166;data;<id:c3-t3>;<id:c3-t3>;<id:cleft>;<id:cleft>;<id:canonical>;<id:canonical>;judgement;-27;submit;weiter;;;;;;;;;;;;
id;3cb9hjgul5kdb5qqemdgatlkt6;ip;86.173.187.27;time(s);16.381.990.723.007;data;<id:f-6>;<id:f-6>;<id:dm>;<id:dm>;<id:no_dm>;<id:no_dm>;judgement;-16;submit;weiter;;;;;;;;;;;;
id;3cb9hjgul5kdb5qqemdgatlkt6;ip;86.173.187.27;time(s);16.381.990.836.789;data;<id:f-8>;<id:f-8>;<id:no_dm>;<id:no_dm>;<id:dm>;<id:dm>;judgement;58;submit;weiter;;;;;;;;;;;;
id;3cb9hjgul5kdb5qqemdgatlkt6;ip;86.173.187.27;time(s);16.381.990.956.799;data;<id:f-1>;<id:f-1>;<id:front>;<id:front>;<id:unfront>;<id:unfront>;judgement;66;submit;weiter;;;;;;;;;;;;
id;3cb9hjgul5kdb5qqemdgatlkt6;ip;86.173.187.27;time(s);16.381.991.060.953;data;<id:control-1>;<id:control-1>;<id:definite>;<id:definite>;<id:pro>;<id:pro>;judgement;-77;submit;weiter;;;;;;;;;;;;
id;3cb9hjgul5kdb5qqemdgatlkt6;ip;86.173.187.27;time(s);16.381.991.142.346;data;<id:control-2>;<id:control-2>;<id:definite>;<id:definite>;<id:pro>;<id:pro>;judgement;-100;submit;weiter;;;;;;;;;;;;
id;3cb9hjgul5kdb5qqemdgatlkt6;ip;86.173.187.27;time(s);16.381.991.227.375;data;<id:c1-t10>;<id:c1-t10>;<id:cleft>;<id:cleft>;<id:canonical>;<id:canonical>;judgement;50;submit;weiter;;;;;;;;;;;;
id;3cb9hjgul5kdb5qqemdgatlkt6;ip;86.173.187.27;time(s);16.381.991.491.177;data;<id:prolificID>;<id:prolificID>;prolificID;5f5891ea0bd50e0009aa15d7;<id:age>;<id:age>;age;31;<id:sex>;<id:sex>;sex;male;<id:edu>;<id:edu>;edu;Master of Arts;<id:natLang>;<id:natLang>;natLang;Deutsch;submit;weiter
id;3cb9hjgul5kdb5qqemdgatlkt6;ip;86.173.187.27;time(s);16.381.991.511.104;data;feedback;;;;;;;;;;;;;;;;;;;;;
id;6ao3h05ldu4jp15r7d92vvf4i0;ip;185.73.149.129;time(s);16.382.012.746.373;data;submit;Ich möchte an dem Experiment teilnehmen!;;;;;;;;;;;;;;;;;;;;
id;6ao3h05ldu4jp15r7d92vvf4i0;ip;185.73.149.129;time(s);16.382.012.925.309;data;judgement;-100;submit;Experiment starten;;;;;;;;;;;;;;;;;;
id;6ao3h05ldu4jp15r7d92vvf4i0;ip;185.73.149.129;time(s);16.382.013.024.244;data;<id:control-4>;<id:control-4>;<id:pro>;<id:pro>;<id:definite>;<id:definite>;judgement;-100;submit;weiter;;;;;;;;;;;;
id;6ao3h05ldu4jp15r7d92vvf4i0;ip;185.73.149.129;time(s);16.382.013.154.841;data;<id:f-6>;<id:f-6>;<id:dm>;<id:dm>;<id:no_dm>;<id:no_dm>;judgement;-100;submit;weiter;;;;;;;;;;;;
id;6ao3h05ldu4jp15r7d92vvf4i0;ip;185.73.149.129;time(s);16.382.013.250.331;data;<id:f-2>;<id:f-2>;<id:unfront>;<id:unfront>;<id:front>;<id:front>;judgement;-100;submit;weiter;;;;;;;;;;;;
id;6ao3h05ldu4jp15r7d92vvf4i0;ip;185.73.149.129;time(s);16.382.013.333.131;data;<id:f-3>;<id:f-3>;<id:front>;<id:front>;<id:unfront>;<id:unfront>;judgement;100;submit;weiter;;;;;;;;;;;;
id;6ao3h05ldu4jp15r7d92vvf4i0;ip;185.73.149.129;time(s);16.382.013.453.631;data;<id:control-1>;<id:control-1>;<id:definite>;<id:definite>;<id:pro>;<id:pro>;judgement;-100;submit;weiter;;;;;;;;;;;;
id;6ao3h05ldu4jp15r7d92vvf4i0;ip;185.73.149.129;time(s);16.382.013.538.843;data;<id:f-5>;<id:f-5>;<id:no_dm>;<id:no_dm>;<id:dm>;<id:dm>;judgement;100;submit;weiter;;;;;;;;;;;;
id;6ao3h05ldu4jp15r7d92vvf4i0;ip;185.73.149.129;time(s);16.382.013.681.829;data;<id:c3-t3>;<id:c3-t3>;<id:canonical>;<id:canonical>;<id:cleft>;<id:cleft>;judgement;100;submit;weiter;;;;;;;;;;;;
id;6ao3h05ldu4jp15r7d92vvf4i0;ip;185.73.149.129;time(s);16.382.013.757.592;data;<id:c1-t10>;<id:c1-t10>;<id:canonical>;<id:canonical>;<id:cleft>;<id:cleft>;judgement;-100;submit;weiter;;;;;;;;;;;;
id;6ao3h05ldu4jp15r7d92vvf4i0;ip;185.73.149.129;time(s);16.382.013.832.784;data;<id:f-1>;<id:f-1>;<id:front>;<id:front>;<id:unfront>;<id:unfront>;judgement;100;submit;weiter;;;;;;;;;;;;
id;6ao3h05ldu4jp15r7d92vvf4i0;ip;185.73.149.129;time(s);16.382.013.910.572;data;<id:control-2>;<id:control-2>;<id:definite>;<id:definite>;<id:pro>;<id:pro>;judgement;-100;submit;weiter;;;;;;;;;;;;
id;6ao3h05ldu4jp15r7d92vvf4i0;ip;185.73.149.129;time(s);16.382.014.019.358;data;<id:f-7>;<id:f-7>;<id:no_dm>;<id:no_dm>;<id:dm>;<id:dm>;judgement;100;submit;weiter;;;;;;;;;;;;
id;6ao3h05ldu4jp15r7d92vvf4i0;ip;185.73.149.129;time(s);16.382.014.075.507;data;<id:c1-t7>;<id:c1-t7>;<id:canonical>;<id:canonical>;<id:cleft>;<id:cleft>;judgement;-100;submit;weiter;;;;;;;;;;;;
id;6ao3h05ldu4jp15r7d92vvf4i0;ip;185.73.149.129;time(s);16.382.014.136.123;data;<id:f-4>;<id:f-4>;<id:front>;<id:front>;<id:unfront>;<id:unfront>;judgement;100;submit;weiter;;;;;;;;;;;;
id;6ao3h05ldu4jp15r7d92vvf4i0;ip;185.73.149.129;time(s);16.382.014.218.373;data;<id:c3-t12>;<id:c3-t12>;<id:cleft>;<id:cleft>;<id:canonical>;<id:canonical>;judgement;100;submit;weiter;;;;;;;;;;;;
id;6ao3h05ldu4jp15r7d92vvf4i0;ip;185.73.149.129;time(s);16.382.014.300.456;data;<id:f-8>;<id:f-8>;<id:dm>;<id:dm>;<id:no_dm>;<id:no_dm>;judgement;-100;submit;weiter;;;;;;;;;;;;
id;6ao3h05ldu4jp15r7d92vvf4i0;ip;185.73.149.129;time(s);16.382.014.371.034;data;<id:control-3>;<id:control-3>;<id:definite>;<id:definite>;<id:pro>;<id:pro>;judgement;100;submit;weiter;;;;;;;;;;;;
id;6ao3h05ldu4jp15r7d92vvf4i0;ip;185.73.149.129;time(s);16.382.014.863.970;data;<id:prolificID>;<id:prolificID>;prolificID;612f5b3d35cba77a536ee5a7;<id:age>;<id:age>;age;29;<id:sex>;<id:sex>;sex;female;<id:edu>;<id:edu>;edu;Scottish Wider Access Course;<id:natLang>;<id:natLang>;natLang;Deutsch;submit;weiter
id;6ao3h05ldu4jp15r7d92vvf4i0;ip;185.73.149.129;time(s);16.382.014.894.332;data;feedback;;;;;;;;;;;;;;;;;;;;;
id;6go1kuiavl4i21f2qc2lou3vc4;ip;5.146.194.126;time(s);16.381.984.318.307;data;submit;Ich möchte an dem Experiment teilnehmen!;;;;;;;;;;;;;;;;;;;;
id;6go1kuiavl4i21f2qc2lou3vc4;ip;5.146.194.126;time(s);16.381.984.626.794;data;judgement;15;submit;Experiment starten;;;;;;;;;;;;;;;;;;
id;6go1kuiavl4i21f2qc2lou3vc4;ip;5.146.194.126;time(s);16.381.984.727.978;data;<id:control-3>;<id:control-3>;<id:pro>;<id:pro>;<id:definite>;<id:definite>;judgement;-72;submit;weiter;;;;;;;;;;;;
id;6go1kuiavl4i21f2qc2lou3vc4;ip;5.146.194.126;time(s);16.381.984.821.033;data;<id:f-7>;<id:f-7>;<id:dm>;<id:dm>;<id:no_dm>;<id:no_dm>;judgement;-89;submit;weiter;;;;;;;;;;;;
id;6go1kuiavl4i21f2qc2lou3vc4;ip;5.146.194.126;time(s);16.381.984.887.861;data;<id:f-2>;<id:f-2>;<id:unfront>;<id:unfront>;<id:front>;<id:front>;judgement;-94;submit;weiter;;;;;;;;;;;;
id;6go1kuiavl4i21f2qc2lou3vc4;ip;5.146.194.126;time(s);16.381.984.985.077;data;<id:f-6>;<id:f-6>;<id:dm>;<id:dm>;<id:no_dm>;<id:no_dm>;judgement;-67;submit;weiter;;;;;;;;;;;;
id;6go1kuiavl4i21f2qc2lou3vc4;ip;5.146.194.126;time(s);16.381.985.060.093;data;<id:f-1>;<id:f-1>;<id:unfront>;<id:unfront>;<id:front>;<id:front>;judgement;-90;submit;weiter;;;;;;;;;;;;
id;6go1kuiavl4i21f2qc2lou3vc4;ip;5.146.194.126;time(s);16.381.985.169.810;data;<id:control-1>;<id:control-1>;<id:definite>;<id:definite>;<id:pro>;<id:pro>;judgement;-100;submit;weiter;;;;;;;;;;;;
id;6go1kuiavl4i21f2qc2lou3vc4;ip;5.146.194.126;time(s);16.381.985.250.133;data;<id:control-2>;<id:control-2>;<id:pro>;<id:pro>;<id:definite>;<id:definite>;judgement;100;submit;weiter;;;;;;;;;;;;
id;6go1kuiavl4i21f2qc2lou3vc4;ip;5.146.194.126;time(s);16.381.985.304.013;data;<id:f-4>;<id:f-4>;<id:front>;<id:front>;<id:unfront>;<id:unfront>;judgement;-100;submit;weiter;;;;;;;;;;;;
id;6go1kuiavl4i21f2qc2lou3vc4;ip;5.146.194.126;time(s);16.381.985.470.429;data;<id:c3-t3>;<id:c3-t3>;<id:cleft>;<id:cleft>;<id:canonical>;<id:canonical>;judgement;-66;submit;weiter;;;;;;;;;;;;
id;6go1kuiavl4i21f2qc2lou3vc4;ip;5.146.194.126;time(s);16.381.985.561.467;data;<id:f-8>;<id:f-8>;<id:dm>;<id:dm>;<id:no_dm>;<id:no_dm>;judgement;-88;submit;weiter;;;;;;;;;;;;
id;6go1kuiavl4i21f2qc2lou3vc4;ip;5.146.194.126;time(s);16.381.985.676.758;data;<id:c3-t12>;<id:c3-t12>;<id:cleft>;<id:cleft>;<id:canonical>;<id:canonical>;judgement;-55;submit;weiter;;;;;;;;;;;;
id;6go1kuiavl4i21f2qc2lou3vc4;ip;5.146.194.126;time(s);16.381.985.742.947;data;<id:f-3>;<id:f-3>;<id:front>;<id:front>;<id:unfront>;<id:unfront>;judgement;85;submit;weiter;;;;;;;;;;;;
id;6go1kuiavl4i21f2qc2lou3vc4;ip;5.146.194.126;time(s);16.381.985.801.872;data;<id:control-4>;<id:control-4>;<id:pro>;<id:pro>;<id:definite>;<id:definite>;judgement;-93;submit;weiter;;;;;;;;;;;;
id;6go1kuiavl4i21f2qc2lou3vc4;ip;5.146.194.126;time(s);16.381.985.872.580;data;<id:f-5>;<id:f-5>;<id:dm>;<id:dm>;<id:no_dm>;<id:no_dm>;judgement;-87;submit;weiter;;;;;;;;;;;;
id;6go1kuiavl4i21f2qc2lou3vc4;ip;5.146.194.126;time(s);16.381.985.968.433;data;<id:c1-t7>;<id:c1-t7>;<id:canonical>;<id:canonical>;<id:cleft>;<id:cleft>;judgement;7;submit;weiter;;;;;;;;;;;;
id;6go1kuiavl4i21f2qc2lou3vc4;ip;5.146.194.126;time(s);16.381.986.020.778;data;<id:c1-t10>;<id:c1-t10>;<id:canonical>;<id:canonical>;<id:cleft>;<id:cleft>;judgement;1;submit;weiter;;;;;;;;;;;;
id;6go1kuiavl4i21f2qc2lou3vc4;ip;5.146.194.126;time(s);16.381.986.164.920;data;<id:prolificID>;<id:prolificID>;prolificID;5f23c2bb95e7ff1a1bd79a69;<id:age>;<id:age>;age;34;<id:sex>;<id:sex>;sex;male;<id:edu>;<id:edu>;edu;Realschule;<id:natLang>;<id:natLang>;natLang;Deutsch;submit;weiter
id;6go1kuiavl4i21f2qc2lou3vc4;ip;5.146.194.126;time(s);16.381.986.465.060;data;feedback;Ein Aufmerksamkeitstest zwischendurch wäre sinnvoll.;;;;;;;;;;;;;;;;;;;;
id;6v4m0msvcbd7j1vdpgrgc8tqb5;ip;91.53.235.108;time(s);16.381.979.104.587;data;submit;Ich möchte an dem Experiment teilnehmen!;;;;;;;;;;;;;;;;;;;;
id;6v4m0msvcbd7j1vdpgrgc8tqb5;ip;91.53.235.108;time(s);16.381.979.834.501;data;judgement;-73;submit;Experiment starten;;;;;;;;;;;;;;;;;;
id;6v4m0msvcbd7j1vdpgrgc8tqb5;ip;91.53.235.108;time(s);16.381.980.058.905;data;<id:f-7>;<id:f-7>;<id:dm>;<id:dm>;<id:no_dm>;<id:no_dm>;judgement;-68;submit;weiter;;;;;;;;;;;;
id;6v4m0msvcbd7j1vdpgrgc8tqb5;ip;91.53.235.108;time(s);16.381.980.159.540;data;<id:f-6>;<id:f-6>;<id:no_dm>;<id:no_dm>;<id:dm>;<id:dm>;judgement;0;submit;weiter;;;;;;;;;;;;
id;6v4m0msvcbd7j1vdpgrgc8tqb5;ip;91.53.235.108;time(s);16.381.980.274.270;data;<id:f-8>;<id:f-8>;<id:no_dm>;<id:no_dm>;<id:dm>;<id:dm>;judgement;50;submit;weiter;;;;;;;;;;;;
id;6v4m0msvcbd7j1vdpgrgc8tqb5;ip;91.53.235.108;time(s);16.381.980.610.581;data;<id:c3-t3>;<id:c3-t3>;<id:cleft>;<id:cleft>;<id:canonical>;<id:canonical>;judgement;-35;submit;weiter;;;;;;;;;;;;
id;6v4m0msvcbd7j1vdpgrgc8tqb5;ip;91.53.235.108;time(s);16.381.980.848.758;data;<id:control-4>;<id:control-4>;<id:definite>;<id:definite>;<id:pro>;<id:pro>;judgement;51;submit;weiter;;;;;;;;;;;;
id;6v4m0msvcbd7j1vdpgrgc8tqb5;ip;91.53.235.108;time(s);16.381.981.025.838;data;<id:control-2>;<id:control-2>;<id:definite>;<id:definite>;<id:pro>;<id:pro>;judgement;-51;submit;weiter;;;;;;;;;;;;
id;6v4m0msvcbd7j1vdpgrgc8tqb5;ip;91.53.235.108;time(s);16.381.981.199.435;data;<id:control-1>;<id:control-1>;<id:definite>;<id:definite>;<id:pro>;<id:pro>;judgement;-66;submit;weiter;;;;;;;;;;;;
id;6v4m0msvcbd7j1vdpgrgc8tqb5;ip;91.53.235.108;time(s);16.381.981.346.920;data;<id:f-1>;<id:f-1>;<id:unfront>;<id:unfront>;<id:front>;<id:front>;judgement;0;submit;weiter;;;;;;;;;;;;
id;6v4m0msvcbd7j1vdpgrgc8tqb5;ip;91.53.235.108;time(s);16.381.981.472.307;data;<id:f-4>;<id:f-4>;<id:front>;<id:front>;<id:unfront>;<id:unfront>;judgement;53;submit;weiter;;;;;;;;;;;;
id;6v4m0msvcbd7j1vdpgrgc8tqb5;ip;91.53.235.108;time(s);16.381.981.579.464;data;<id:c1-t7>;<id:c1-t7>;<id:cleft>;<id:cleft>;<id:canonical>;<id:canonical>;judgement;40;submit;weiter;;;;;;;;;;;;
id;6v4m0msvcbd7j1vdpgrgc8tqb5;ip;91.53.235.108;time(s);16.381.981.704.792;data;<id:c1-t10>;<id:c1-t10>;<id:cleft>;<id:cleft>;<id:canonical>;<id:canonical>;judgement;13;submit;weiter;;;;;;;;;;;;
id;6v4m0msvcbd7j1vdpgrgc8tqb5;ip;91.53.235.108;time(s);16.381.981.861.581;data;<id:f-5>;<id:f-5>;<id:dm>;<id:dm>;<id:no_dm>;<id:no_dm>;judgement;-38;submit;weiter;;;;;;;;;;;;
id;6v4m0msvcbd7j1vdpgrgc8tqb5;ip;91.53.235.108;time(s);16.381.981.966.355;data;<id:f-2>;<id:f-2>;<id:unfront>;<id:unfront>;<id:front>;<id:front>;judgement;-48;submit;weiter;;;;;;;;;;;;
id;6v4m0msvcbd7j1vdpgrgc8tqb5;ip;91.53.235.108;time(s);16.381.982.106.694;data;<id:c3-t12>;<id:c3-t12>;<id:canonical>;<id:canonical>;<id:cleft>;<id:cleft>;judgement;46;submit;weiter;;;;;;;;;;;;
id;6v4m0msvcbd7j1vdpgrgc8tqb5;ip;91.53.235.108;time(s);16.381.982.245.233;data;<id:control-3>;<id:control-3>;<id:definite>;<id:definite>;<id:pro>;<id:pro>;judgement;13;submit;weiter;;;;;;;;;;;;
id;6v4m0msvcbd7j1vdpgrgc8tqb5;ip;91.53.235.108;time(s);16.381.982.458.140;data;<id:f-3>;<id:f-3>;<id:front>;<id:front>;<id:unfront>;<id:unfront>;judgement;-17;submit;weiter;;;;;;;;;;;;
id;6v4m0msvcbd7j1vdpgrgc8tqb5;ip;91.53.235.108;time(s);16.381.982.768.917;data;<id:prolificID>;<id:prolificID>;prolificID;60fd8d7489c1e150a8c29d96;<id:age>;<id:age>;age;23;<id:sex>;<id:sex>;sex;female;<id:edu>;<id:edu>;edu;Allgemeine Hochschulreife;<id:natLang>;<id:natLang>;natLang;Deutsch;submit;weiter
id;6v4m0msvcbd7j1vdpgrgc8tqb5;ip;91.53.235.108;time(s);16.381.982.842.605;data;feedback;;;;;;;;;;;;;;;;;;;;;
id;87ln2lgivqe2pmkl3v5acvqo34;ip;217.234.216.165;time(s);16.382.010.067.332;data;submit;Ich möchte an dem Experiment teilnehmen!;;;;;;;;;;;;;;;;;;;;
id;87ln2lgivqe2pmkl3v5acvqo34;ip;217.234.216.165;time(s);16.382.011.462.133;data;judgement;-100;submit;Experiment starten;;;;;;;;;;;;;;;;;;
id;87ln2lgivqe2pmkl3v5acvqo34;ip;217.234.216.165;time(s);16.382.011.950.304;data;<id:control-3>;<id:control-3>;<id:pro>;<id:pro>;<id:definite>;<id:definite>;judgement;-74;submit;weiter;;;;;;;;;;;;
id;87ln2lgivqe2pmkl3v5acvqo34;ip;217.234.216.165;time(s);16.382.012.233.143;data;<id:f-5>;<id:f-5>;<id:no_dm>;<id:no_dm>;<id:dm>;<id:dm>;judgement;86;submit;weiter;;;;;;;;;;;;
id;87ln2lgivqe2pmkl3v5acvqo34;ip;217.234.216.165;time(s);16.382.013.102.593;data;<id:control-4>;<id:control-4>;<id:pro>;<id:pro>;<id:definite>;<id:definite>;judgement;80;submit;weiter;;;;;;;;;;;;
id;87ln2lgivqe2pmkl3v5acvqo34;ip;217.234.216.165;time(s);16.382.013.391.620;data;<id:c3-t3>;<id:c3-t3>;<id:cleft>;<id:cleft>;<id:canonical>;<id:canonical>;judgement;-30;submit;weiter;;;;;;;;;;;;
id;87ln2lgivqe2pmkl3v5acvqo34;ip;217.234.216.165;time(s);16.382.013.508.437;data;<id:f-4>;<id:f-4>;<id:front>;<id:front>;<id:unfront>;<id:unfront>;judgement;74;submit;weiter;;;;;;;;;;;;
id;87ln2lgivqe2pmkl3v5acvqo34;ip;217.234.216.165;time(s);16.382.013.725.502;data;<id:c3-t12>;<id:c3-t12>;<id:canonical>;<id:canonical>;<id:cleft>;<id:cleft>;judgement;43;submit;weiter;;;;;;;;;;;;
id;87ln2lgivqe2pmkl3v5acvqo34;ip;217.234.216.165;time(s);16.382.013.898.268;data;<id:f-7>;<id:f-7>;<id:no_dm>;<id:no_dm>;<id:dm>;<id:dm>;judgement;23;submit;weiter;;;;;;;;;;;;
id;87ln2lgivqe2pmkl3v5acvqo34;ip;217.234.216.165;time(s);16.382.016.089.402;data;<id:control-2>;<id:control-2>;<id:pro>;<id:pro>;<id:definite>;<id:definite>;judgement;100;submit;weiter;;;;;;;;;;;;
id;87ln2lgivqe2pmkl3v5acvqo34;ip;217.234.216.165;time(s);16.382.016.216.526;data;<id:c1-t7>;<id:c1-t7>;<id:cleft>;<id:cleft>;<id:canonical>;<id:canonical>;judgement;42;submit;weiter;;;;;;;;;;;;
id;87ln2lgivqe2pmkl3v5acvqo34;ip;217.234.216.165;time(s);16.382.016.417.762;data;<id:f-8>;<id:f-8>;<id:no_dm>;<id:no_dm>;<id:dm>;<id:dm>;judgement;76;submit;weiter;;;;;;;;;;;;
id;87ln2lgivqe2pmkl3v5acvqo34;ip;217.234.216.165;time(s);16.382.016.573.146;data;<id:f-6>;<id:f-6>;<id:dm>;<id:dm>;<id:no_dm>;<id:no_dm>;judgement;-64;submit;weiter;;;;;;;;;;;;
id;87ln2lgivqe2pmkl3v5acvqo34;ip;217.234.216.165;time(s);16.382.017.057.833;data;<id:control-1>;<id:control-1>;<id:definite>;<id:definite>;<id:pro>;<id:pro>;judgement;-100;submit;weiter;;;;;;;;;;;;
id;87ln2lgivqe2pmkl3v5acvqo34;ip;217.234.216.165;time(s);16.382.017.179.978;data;<id:f-2>;<id:f-2>;<id:front>;<id:front>;<id:unfront>;<id:unfront>;judgement;-61;submit;weiter;;;;;;;;;;;;
id;87ln2lgivqe2pmkl3v5acvqo34;ip;217.234.216.165;time(s);16.382.017.269.669;data;<id:c1-t10>;<id:c1-t10>;<id:canonical>;<id:canonical>;<id:cleft>;<id:cleft>;judgement;-66;submit;weiter;;;;;;;;;;;;
id;87ln2lgivqe2pmkl3v5acvqo34;ip;217.234.216.165;time(s);16.382.017.455.256;data;<id:f-3>;<id:f-3>;<id:front>;<id:front>;<id:unfront>;<id:unfront>;judgement;0;submit;weiter;;;;;;;;;;;;
id;87ln2lgivqe2pmkl3v5acvqo34;ip;217.234.216.165;time(s);16.382.017.638.174;data;<id:f-1>;<id:f-1>;<id:unfront>;<id:unfront>;<id:front>;<id:front>;judgement;10;submit;weiter;;;;;;;;;;;;
id;87ln2lgivqe2pmkl3v5acvqo34;ip;217.234.216.165;time(s);16.382.017.931.870;data;<id:prolificID>;<id:prolificID>;prolificID;5ec7ce2dd402d6256c260e0d;<id:age>;<id:age>;age;26;<id:sex>;<id:sex>;sex;male;<id:edu>;<id:edu>;edu;Bachelor;<id:natLang>;<id:natLang>;natLang;Deutsch, Spanisch;submit;weiter
id;87ln2lgivqe2pmkl3v5acvqo34;ip;217.234.216.165;time(s);16.382.017.964.841;data;feedback;;;;;;;;;;;;;;;;;;;;;
id;9eu6gb789b28t3oqfc9f1ibtt7;ip;142.177.68.105;time(s);16.382.007.656.681;data;submit;Ich möchte an dem Experiment teilnehmen!;;;;;;;;;;;;;;;;;;;;
id;9eu6gb789b28t3oqfc9f1ibtt7;ip;142.177.68.105;time(s);16.382.008.112.319;data;judgement;-100;submit;Experiment starten;;;;;;;;;;;;;;;;;;
id;9eu6gb789b28t3oqfc9f1ibtt7;ip;142.177.68.105;time(s);16.382.008.339.661;data;<id:c3-t12>;<id:c3-t12>;<id:cleft>;<id:cleft>;<id:canonical>;<id:canonical>;judgement;-46;submit;weiter;;;;;;;;;;;;
id;9eu6gb789b28t3oqfc9f1ibtt7;ip;142.177.68.105;time(s);16.382.008.438.978;data;<id:f-6>;<id:f-6>;<id:no_dm>;<id:no_dm>;<id:dm>;<id:dm>;judgement;-36;submit;weiter;;;;;;;;;;;;
id;9eu6gb789b28t3oqfc9f1ibtt7;ip;142.177.68.105;time(s);16.382.008.573.126;data;<id:c1-t10>;<id:c1-t10>;<id:canonical>;<id:canonical>;<id:cleft>;<id:cleft>;judgement;14;submit;weiter;;;;;;;;;;;;
id;9eu6gb789b28t3oqfc9f1ibtt7;ip;142.177.68.105;time(s);16.382.008.666.630;data;<id:c1-t7>;<id:c1-t7>;<id:canonical>;<id:canonical>;<id:cleft>;<id:cleft>;judgement;-29;submit;weiter;;;;;;;;;;;;
id;9eu6gb789b28t3oqfc9f1ibtt7;ip;142.177.68.105;time(s);16.382.008.822.987;data;<id:c3-t3>;<id:c3-t3>;<id:canonical>;<id:canonical>;<id:cleft>;<id:cleft>;judgement;40;submit;weiter;;;;;;;;;;;;
id;9eu6gb789b28t3oqfc9f1ibtt7;ip;142.177.68.105;time(s);16.382.008.917.741;data;<id:f-2>;<id:f-2>;<id:front>;<id:front>;<id:unfront>;<id:unfront>;judgement;-73;submit;weiter;;;;;;;;;;;;
id;9eu6gb789b28t3oqfc9f1ibtt7;ip;142.177.68.105;time(s);16.382.009.014.912;data;<id:f-3>;<id:f-3>;<id:unfront>;<id:unfront>;<id:front>;<id:front>;judgement;-52;submit;weiter;;;;;;;;;;;;
id;9eu6gb789b28t3oqfc9f1ibtt7;ip;142.177.68.105;time(s);16.382.009.131.218;data;<id:f-1>;<id:f-1>;<id:front>;<id:front>;<id:unfront>;<id:unfront>;judgement;-73;submit;weiter;;;;;;;;;;;;
id;9eu6gb789b28t3oqfc9f1ibtt7;ip;142.177.68.105;time(s);16.382.009.256.148;data;<id:control-3>;<id:control-3>;<id:pro>;<id:pro>;<id:definite>;<id:definite>;judgement;-23;submit;weiter;;;;;;;;;;;;
id;9eu6gb789b28t3oqfc9f1ibtt7;ip;142.177.68.105;time(s);16.382.009.388.206;data;<id:control-2>;<id:control-2>;<id:definite>;<id:definite>;<id:pro>;<id:pro>;judgement;-65;submit;weiter;;;;;;;;;;;;
id;9eu6gb789b28t3oqfc9f1ibtt7;ip;142.177.68.105;time(s);16.382.009.481.049;data;<id:f-7>;<id:f-7>;<id:no_dm>;<id:no_dm>;<id:dm>;<id:dm>;judgement;-15;submit;weiter;;;;;;;;;;;;
id;9eu6gb789b28t3oqfc9f1ibtt7;ip;142.177.68.105;time(s);16.382.009.576.665;data;<id:f-8>;<id:f-8>;<id:dm>;<id:dm>;<id:no_dm>;<id:no_dm>;judgement;35;submit;weiter;;;;;;;;;;;;
id;9eu6gb789b28t3oqfc9f1ibtt7;ip;142.177.68.105;time(s);16.382.009.674.999;data;<id:f-5>;<id:f-5>;<id:dm>;<id:dm>;<id:no_dm>;<id:no_dm>;judgement;-42;submit;weiter;;;;;;;;;;;;
id;9eu6gb789b28t3oqfc9f1ibtt7;ip;142.177.68.105;time(s);16.382.009.810.194;data;<id:control-1>;<id:control-1>;<id:pro>;<id:pro>;<id:definite>;<id:definite>;judgement;57;submit;weiter;;;;;;;;;;;;
id;9eu6gb789b28t3oqfc9f1ibtt7;ip;142.177.68.105;time(s);16.382.009.899.247;data;<id:f-4>;<id:f-4>;<id:unfront>;<id:unfront>;<id:front>;<id:front>;judgement;-34;submit;weiter;;;;;;;;;;;;
id;9eu6gb789b28t3oqfc9f1ibtt7;ip;142.177.68.105;time(s);16.382.010.031.333;data;<id:control-4>;<id:control-4>;<id:definite>;<id:definite>;<id:pro>;<id:pro>;judgement;34;submit;weiter;;;;;;;;;;;;
id;9eu6gb789b28t3oqfc9f1ibtt7;ip;142.177.68.105;time(s);16.382.010.308.437;data;<id:prolificID>;<id:prolificID>;prolificID;61545eb999bfe7a2ec3c3cdc;<id:age>;<id:age>;age;29;<id:sex>;<id:sex>;sex;male;<id:edu>;<id:edu>;edu;Hochschule;<id:natLang>;<id:natLang>;natLang;Deutsch;submit;weiter
id;9eu6gb789b28t3oqfc9f1ibtt7;ip;142.177.68.105;time(s);16.382.010.365.884;data;feedback;;;;;;;;;;;;;;;;;;;;;
id;d5j1tho85vbchdimr0h71ooli1;ip;84.148.34.2;time(s);16.381.997.822.213;data;submit;Ich möchte an dem Experiment teilnehmen!;;;;;;;;;;;;;;;;;;;;
id;d5j1tho85vbchdimr0h71ooli1;ip;84.148.34.2;time(s);16.381.998.005.256;data;judgement;-100;submit;Experiment starten;;;;;;;;;;;;;;;;;;
id;d5j1tho85vbchdimr0h71ooli1;ip;84.148.34.2;time(s);16.381.998.209.667;data;<id:c1-t7>;<id:c1-t7>;<id:cleft>;<id:cleft>;<id:canonical>;<id:canonical>;judgement;29;submit;weiter;;;;;;;;;;;;
id;d5j1tho85vbchdimr0h71ooli1;ip;84.148.34.2;time(s);16.381.998.391.054;data;<id:f-8>;<id:f-8>;<id:dm>;<id:dm>;<id:no_dm>;<id:no_dm>;judgement;-70;submit;weiter;;;;;;;;;;;;
id;d5j1tho85vbchdimr0h71ooli1;ip;84.148.34.2;time(s);16.381.998.592.946;data;<id:c3-t3>;<id:c3-t3>;<id:canonical>;<id:canonical>;<id:cleft>;<id:cleft>;judgement;-29;submit;weiter;;;;;;;;;;;;
id;d5j1tho85vbchdimr0h71ooli1;ip;84.148.34.2;time(s);16.381.998.788.743;data;<id:f-3>;<id:f-3>;<id:unfront>;<id:unfront>;<id:front>;<id:front>;judgement;-54;submit;weiter;;;;;;;;;;;;
id;d5j1tho85vbchdimr0h71ooli1;ip;84.148.34.2;time(s);16.381.998.913.246;data;<id:f-2>;<id:f-2>;<id:unfront>;<id:unfront>;<id:front>;<id:front>;judgement;46;submit;weiter;;;;;;;;;;;;
id;d5j1tho85vbchdimr0h71ooli1;ip;84.148.34.2;time(s);16.381.999.022.976;data;<id:f-1>;<id:f-1>;<id:front>;<id:front>;<id:unfront>;<id:unfront>;judgement;-37;submit;weiter;;;;;;;;;;;;
id;d5j1tho85vbchdimr0h71ooli1;ip;84.148.34.2;time(s);16.381.999.136.603;data;<id:c3-t12>;<id:c3-t12>;<id:cleft>;<id:cleft>;<id:canonical>;<id:canonical>;judgement;-33;submit;weiter;;;;;;;;;;;;
id;d5j1tho85vbchdimr0h71ooli1;ip;84.148.34.2;time(s);16.381.999.245.125;data;<id:c1-t10>;<id:c1-t10>;<id:canonical>;<id:canonical>;<id:cleft>;<id:cleft>;judgement;18;submit;weiter;;;;;;;;;;;;
id;d5j1tho85vbchdimr0h71ooli1;ip;84.148.34.2;time(s);16.381.999.351.198;data;<id:f-4>;<id:f-4>;<id:unfront>;<id:unfront>;<id:front>;<id:front>;judgement;-63;submit;weiter;;;;;;;;;;;;
id;d5j1tho85vbchdimr0h71ooli1;ip;84.148.34.2;time(s);16.381.999.467.603;data;<id:f-5>;<id:f-5>;<id:dm>;<id:dm>;<id:no_dm>;<id:no_dm>;judgement;-54;submit;weiter;;;;;;;;;;;;
id;d5j1tho85vbchdimr0h71ooli1;ip;84.148.34.2;time(s);16.381.999.601.822;data;<id:control-4>;<id:control-4>;<id:definite>;<id:definite>;<id:pro>;<id:pro>;judgement;61;submit;weiter;;;;;;;;;;;;
id;d5j1tho85vbchdimr0h71ooli1;ip;84.148.34.2;time(s);16.381.999.754.263;data;<id:f-6>;<id:f-6>;<id:no_dm>;<id:no_dm>;<id:dm>;<id:dm>;judgement;26;submit;weiter;;;;;;;;;;;;
id;d5j1tho85vbchdimr0h71ooli1;ip;84.148.34.2;time(s);16.381.999.860.006;data;<id:control-3>;<id:control-3>;<id:pro>;<id:pro>;<id:definite>;<id:definite>;judgement;-38;submit;weiter;;;;;;;;;;;;
id;d5j1tho85vbchdimr0h71ooli1;ip;84.148.34.2;time(s);16.381.999.966.475;data;<id:f-7>;<id:f-7>;<id:no_dm>;<id:no_dm>;<id:dm>;<id:dm>;judgement;46;submit;weiter;;;;;;;;;;;;
id;d5j1tho85vbchdimr0h71ooli1;ip;84.148.34.2;time(s);16.382.000.200.439;data;<id:control-2>;<id:control-2>;<id:pro>;<id:pro>;<id:definite>;<id:definite>;judgement;69;submit;weiter;;;;;;;;;;;;
id;d5j1tho85vbchdimr0h71ooli1;ip;84.148.34.2;time(s);16.382.000.336.795;data;<id:control-1>;<id:control-1>;<id:definite>;<id:definite>;<id:pro>;<id:pro>;judgement;61;submit;weiter;;;;;;;;;;;;
id;d5j1tho85vbchdimr0h71ooli1;ip;84.148.34.2;time(s);16.382.000.557.823;data;<id:prolificID>;<id:prolificID>;prolificID;60e87cdadc71fdf3aec482b4;<id:age>;<id:age>;age;18;<id:sex>;<id:sex>;sex;male;<id:edu>;<id:edu>;edu;Mittlere Reife;<id:natLang>;<id:natLang>;natLang;Deutsch;submit;weiter
id;d5j1tho85vbchdimr0h71ooli1;ip;84.148.34.2;time(s);16.382.001.234.308;data;feedback;eine Skala unter dem Schieberegler würde es einfacher machen seine Antworten im Bezug auf die vorherigen einzuordnen;;;;;;;;;;;;;;;;;;;;
id;enke7h83e5f9mtugm8ocnvp524;ip;213.233.155.163;time(s);16.382.004.281.557;data;submit;Ich möchte an dem Experiment teilnehmen!;;;;;;;;;;;;;;;;;;;;
id;enke7h83e5f9mtugm8ocnvp524;ip;213.233.155.163;time(s);16.382.005.678.512;data;judgement;-100;submit;Experiment starten;;;;;;;;;;;;;;;;;;
id;enke7h83e5f9mtugm8ocnvp524;ip;213.233.155.168;time(s);16.382.006.055.994;data;<id:f-3>;<id:f-3>;<id:front>;<id:front>;<id:unfront>;<id:unfront>;judgement;73;submit;weiter;;;;;;;;;;;;
id;enke7h83e5f9mtugm8ocnvp524;ip;213.233.155.168;time(s);16.382.006.503.991;data;<id:c3-t12>;<id:c3-t12>;<id:canonical>;<id:canonical>;<id:cleft>;<id:cleft>;judgement;100;submit;weiter;;;;;;;;;;;;
id;enke7h83e5f9mtugm8ocnvp524;ip;213.233.155.154;time(s);16.382.006.831.592;data;<id:c3-t3>;<id:c3-t3>;<id:canonical>;<id:canonical>;<id:cleft>;<id:cleft>;judgement;73;submit;weiter;;;;;;;;;;;;
id;enke7h83e5f9mtugm8ocnvp524;ip;213.233.155.168;time(s);16.382.007.066.394;data;<id:f-5>;<id:f-5>;<id:no_dm>;<id:no_dm>;<id:dm>;<id:dm>;judgement;100;submit;weiter;;;;;;;;;;;;
id;enke7h83e5f9mtugm8ocnvp524;ip;213.233.155.168;time(s);16.382.007.306.124;data;<id:c1-t10>;<id:c1-t10>;<id:cleft>;<id:cleft>;<id:canonical>;<id:canonical>;judgement;-99;submit;weiter;;;;;;;;;;;;
id;enke7h83e5f9mtugm8ocnvp524;ip;213.233.155.167;time(s);16.382.007.770.454;data;<id:control-1>;<id:control-1>;<id:definite>;<id:definite>;<id:pro>;<id:pro>;judgement;-100;submit;weiter;;;;;;;;;;;;
id;enke7h83e5f9mtugm8ocnvp524;ip;213.233.155.168;time(s);16.382.007.930.024;data;<id:control-3>;<id:control-3>;<id:definite>;<id:definite>;<id:pro>;<id:pro>;judgement;100;submit;weiter;;;;;;;;;;;;
id;enke7h83e5f9mtugm8ocnvp524;ip;213.233.155.167;time(s);16.382.008.262.144;data;<id:control-2>;<id:control-2>;<id:definite>;<id:definite>;<id:pro>;<id:pro>;judgement;-100;submit;weiter;;;;;;;;;;;;
id;enke7h83e5f9mtugm8ocnvp524;ip;213.233.155.167;time(s);16.382.008.451.507;data;<id:f-4>;<id:f-4>;<id:front>;<id:front>;<id:unfront>;<id:unfront>;judgement;59;submit;weiter;;;;;;;;;;;;
id;enke7h83e5f9mtugm8ocnvp524;ip;213.233.155.154;time(s);16.382.008.677.024;data;<id:f-7>;<id:f-7>;<id:dm>;<id:dm>;<id:no_dm>;<id:no_dm>;judgement;-100;submit;weiter;;;;;;;;;;;;
id;enke7h83e5f9mtugm8ocnvp524;ip;213.233.155.163;time(s);16.382.008.840.430;data;<id:f-6>;<id:f-6>;<id:no_dm>;<id:no_dm>;<id:dm>;<id:dm>;judgement;52;submit;weiter;;;;;;;;;;;;
id;enke7h83e5f9mtugm8ocnvp524;ip;213.233.155.168;time(s);16.382.009.085.426;data;<id:c1-t7>;<id:c1-t7>;<id:cleft>;<id:cleft>;<id:canonical>;<id:canonical>;judgement;-79;submit;weiter;;;;;;;;;;;;
id;enke7h83e5f9mtugm8ocnvp524;ip;213.233.155.154;time(s);16.382.009.300.412;data;<id:f-2>;<id:f-2>;<id:front>;<id:front>;<id:unfront>;<id:unfront>;judgement;52;submit;weiter;;;;;;;;;;;;
id;enke7h83e5f9mtugm8ocnvp524;ip;213.233.155.168;time(s);16.382.009.651.746;data;<id:f-8>;<id:f-8>;<id:no_dm>;<id:no_dm>;<id:dm>;<id:dm>;judgement;93;submit;weiter;;;;;;;;;;;;
id;enke7h83e5f9mtugm8ocnvp524;ip;213.233.155.167;time(s);16.382.009.862.441;data;<id:control-4>;<id:control-4>;<id:pro>;<id:pro>;<id:definite>;<id:definite>;judgement;-100;submit;weiter;;;;;;;;;;;;
id;enke7h83e5f9mtugm8ocnvp524;ip;213.233.155.163;time(s);16.382.010.154.375;data;<id:f-1>;<id:f-1>;<id:unfront>;<id:unfront>;<id:front>;<id:front>;judgement;0;submit;weiter;;;;;;;;;;;;
id;enke7h83e5f9mtugm8ocnvp524;ip;213.233.155.163;time(s);16.382.011.559.984;data;<id:prolificID>;<id:prolificID>;prolificID;60fd309d0d96f6084b0d8fba;<id:age>;<id:age>;age;19;<id:sex>;<id:sex>;sex;female;<id:edu>;<id:edu>;edu;Irischer leaving cert;<id:natLang>;<id:natLang>;natLang;deutsch, englisch;submit;weiter
id;enke7h83e5f9mtugm8ocnvp524;ip;213.233.155.168;time(s);16.382.011.618.037;data;feedback;;;;;;;;;;;;;;;;;;;;;
id;jjbpv28ljiis2rc2nt1pbfn582;ip;185.17.206.124;time(s);16.382.003.008.580;data;submit;Ich möchte an dem Experiment teilnehmen!;;;;;;;;;;;;;;;;;;;;
id;jjbpv28ljiis2rc2nt1pbfn582;ip;185.17.206.124;time(s);16.382.003.356.001;data;judgement;-82;submit;Experiment starten;;;;;;;;;;;;;;;;;;
id;jjbpv28ljiis2rc2nt1pbfn582;ip;185.17.206.124;time(s);16.382.003.725.977;data;<id:f-2>;<id:f-2>;<id:front>;<id:front>;<id:unfront>;<id:unfront>;judgement;-72;submit;weiter;;;;;;;;;;;;
id;jjbpv28ljiis2rc2nt1pbfn582;ip;185.17.206.124;time(s);16.382.003.914.815;data;<id:c3-t12>;<id:c3-t12>;<id:cleft>;<id:cleft>;<id:canonical>;<id:canonical>;judgement;70;submit;weiter;;;;;;;;;;;;
id;jjbpv28ljiis2rc2nt1pbfn582;ip;185.17.206.124;time(s);16.382.004.086.110;data;<id:control-1>;<id:control-1>;<id:pro>;<id:pro>;<id:definite>;<id:definite>;judgement;65;submit;weiter;;;;;;;;;;;;
id;jjbpv28ljiis2rc2nt1pbfn582;ip;185.17.206.124;time(s);16.382.004.229.978;data;<id:c1-t7>;<id:c1-t7>;<id:canonical>;<id:canonical>;<id:cleft>;<id:cleft>;judgement;-72;submit;weiter;;;;;;;;;;;;
id;jjbpv28ljiis2rc2nt1pbfn582;ip;185.17.206.124;time(s);16.382.004.380.461;data;<id:control-2>;<id:control-2>;<id:definite>;<id:definite>;<id:pro>;<id:pro>;judgement;-91;submit;weiter;;;;;;;;;;;;
id;jjbpv28ljiis2rc2nt1pbfn582;ip;185.17.206.124;time(s);16.382.004.522.419;data;<id:f-3>;<id:f-3>;<id:front>;<id:front>;<id:unfront>;<id:unfront>;judgement;52;submit;weiter;;;;;;;;;;;;
id;jjbpv28ljiis2rc2nt1pbfn582;ip;185.17.206.124;time(s);16.382.004.602.820;data;<id:f-6>;<id:f-6>;<id:dm>;<id:dm>;<id:no_dm>;<id:no_dm>;judgement;-80;submit;weiter;;;;;;;;;;;;
id;jjbpv28ljiis2rc2nt1pbfn582;ip;185.17.206.124;time(s);16.382.005.681.150;data;<id:f-4>;<id:f-4>;<id:front>;<id:front>;<id:unfront>;<id:unfront>;judgement;88;submit;weiter;;;;;;;;;;;;
id;jjbpv28ljiis2rc2nt1pbfn582;ip;185.17.206.124;time(s);16.382.005.835.927;data;<id:f-5>;<id:f-5>;<id:dm>;<id:dm>;<id:no_dm>;<id:no_dm>;judgement;-76;submit;weiter;;;;;;;;;;;;
id;jjbpv28ljiis2rc2nt1pbfn582;ip;185.17.206.124;time(s);16.382.005.909.442;data;<id:control-3>;<id:control-3>;<id:definite>;<id:definite>;<id:pro>;<id:pro>;judgement;-89;submit;weiter;;;;;;;;;;;;
id;jjbpv28ljiis2rc2nt1pbfn582;ip;185.17.206.124;time(s);16.382.006.023.535;data;<id:control-4>;<id:control-4>;<id:pro>;<id:pro>;<id:definite>;<id:definite>;judgement;67;submit;weiter;;;;;;;;;;;;
id;jjbpv28ljiis2rc2nt1pbfn582;ip;185.17.206.124;time(s);16.382.006.271.070;data;<id:c3-t3>;<id:c3-t3>;<id:canonical>;<id:canonical>;<id:cleft>;<id:cleft>;judgement;71;submit;weiter;;;;;;;;;;;;
id;jjbpv28ljiis2rc2nt1pbfn582;ip;185.17.206.124;time(s);16.382.006.375.874;data;<id:f-1>;<id:f-1>;<id:unfront>;<id:unfront>;<id:front>;<id:front>;judgement;-81;submit;weiter;;;;;;;;;;;;
id;jjbpv28ljiis2rc2nt1pbfn582;ip;185.17.206.124;time(s);16.382.006.502.352;data;<id:f-7>;<id:f-7>;<id:dm>;<id:dm>;<id:no_dm>;<id:no_dm>;judgement;-79;submit;weiter;;;;;;;;;;;;
id;jjbpv28ljiis2rc2nt1pbfn582;ip;185.17.206.124;time(s);16.382.006.645.071;data;<id:f-8>;<id:f-8>;<id:no_dm>;<id:no_dm>;<id:dm>;<id:dm>;judgement;79;submit;weiter;;;;;;;;;;;;
id;jjbpv28ljiis2rc2nt1pbfn582;ip;185.17.206.124;time(s);16.382.006.735.738;data;<id:c1-t10>;<id:c1-t10>;<id:cleft>;<id:cleft>;<id:canonical>;<id:canonical>;judgement;-88;submit;weiter;;;;;;;;;;;;
id;jjbpv28ljiis2rc2nt1pbfn582;ip;185.17.206.124;time(s);16.382.007.110.771;data;<id:prolificID>;<id:prolificID>;prolificID;5dd08cf019eecb169dc131ba;<id:age>;<id:age>;age;35;<id:sex>;<id:sex>;sex;female;<id:edu>;<id:edu>;edu;Abitur;<id:natLang>;<id:natLang>;natLang;deutsch;submit;weiter
id;jjbpv28ljiis2rc2nt1pbfn582;ip;185.17.206.124;time(s);16.382.007.130.095;data;feedback;;;;;;;;;;;;;;;;;;;;;
id;o8bcf6p8e4kta98t96ql4t6h76;ip;193.159.89.144;time(s);16.381.992.751.341;data;submit;Ich möchte an dem Experiment teilnehmen!;;;;;;;;;;;;;;;;;;;;
id;o8bcf6p8e4kta98t96ql4t6h76;ip;193.159.89.144;time(s);16.381.993.458.203;data;judgement;-99;submit;Experiment starten;;;;;;;;;;;;;;;;;;
id;o8bcf6p8e4kta98t96ql4t6h76;ip;193.159.89.144;time(s);16.381.993.605.539;data;<id:c1-t7>;<id:c1-t7>;<id:canonical>;<id:canonical>;<id:cleft>;<id:cleft>;judgement;68;submit;weiter;;;;;;;;;;;;
id;o8bcf6p8e4kta98t96ql4t6h76;ip;193.159.89.144;time(s);16.381.993.735.022;data;<id:f-2>;<id:f-2>;<id:front>;<id:front>;<id:unfront>;<id:unfront>;judgement;95;submit;weiter;;;;;;;;;;;;
id;o8bcf6p8e4kta98t96ql4t6h76;ip;193.159.89.144;time(s);16.381.993.936.441;data;<id:f-5>;<id:f-5>;<id:dm>;<id:dm>;<id:no_dm>;<id:no_dm>;judgement;23;submit;weiter;;;;;;;;;;;;
id;o8bcf6p8e4kta98t96ql4t6h76;ip;193.159.89.144;time(s);16.381.994.153.767;data;<id:control-1>;<id:control-1>;<id:definite>;<id:definite>;<id:pro>;<id:pro>;judgement;-98;submit;weiter;;;;;;;;;;;;
id;o8bcf6p8e4kta98t96ql4t6h76;ip;193.159.89.144;time(s);16.381.994.240.592;data;<id:f-6>;<id:f-6>;<id:no_dm>;<id:no_dm>;<id:dm>;<id:dm>;judgement;0;submit;weiter;;;;;;;;;;;;
id;o8bcf6p8e4kta98t96ql4t6h76;ip;193.159.89.144;time(s);16.381.994.411.792;data;<id:c3-t12>;<id:c3-t12>;<id:canonical>;<id:canonical>;<id:cleft>;<id:cleft>;judgement;-1;submit;weiter;;;;;;;;;;;;
id;o8bcf6p8e4kta98t96ql4t6h76;ip;193.159.89.144;time(s);16.381.994.537.736;data;<id:c3-t3>;<id:c3-t3>;<id:canonical>;<id:canonical>;<id:cleft>;<id:cleft>;judgement;15;submit;weiter;;;;;;;;;;;;
id;o8bcf6p8e4kta98t96ql4t6h76;ip;193.159.89.144;time(s);16.381.994.668.920;data;<id:f-3>;<id:f-3>;<id:unfront>;<id:unfront>;<id:front>;<id:front>;judgement;-70;submit;weiter;;;;;;;;;;;;
id;o8bcf6p8e4kta98t96ql4t6h76;ip;193.159.89.144;time(s);16.381.994.823.245;data;<id:f-7>;<id:f-7>;<id:no_dm>;<id:no_dm>;<id:dm>;<id:dm>;judgement;37;submit;weiter;;;;;;;;;;;;
id;o8bcf6p8e4kta98t96ql4t6h76;ip;193.159.89.144;time(s);16.381.995.000.702;data;<id:control-2>;<id:control-2>;<id:definite>;<id:definite>;<id:pro>;<id:pro>;judgement;-88;submit;weiter;;;;;;;;;;;;
id;o8bcf6p8e4kta98t96ql4t6h76;ip;193.159.89.144;time(s);16.381.995.101.605;data;<id:control-3>;<id:control-3>;<id:definite>;<id:definite>;<id:pro>;<id:pro>;judgement;-9;submit;weiter;;;;;;;;;;;;
id;o8bcf6p8e4kta98t96ql4t6h76;ip;193.159.89.144;time(s);16.381.995.209.877;data;<id:c1-t10>;<id:c1-t10>;<id:cleft>;<id:cleft>;<id:canonical>;<id:canonical>;judgement;24;submit;weiter;;;;;;;;;;;;
id;o8bcf6p8e4kta98t96ql4t6h76;ip;193.159.89.144;time(s);16.381.995.288.312;data;<id:control-4>;<id:control-4>;<id:pro>;<id:pro>;<id:definite>;<id:definite>;judgement;-70;submit;weiter;;;;;;;;;;;;
id;o8bcf6p8e4kta98t96ql4t6h76;ip;193.159.89.144;time(s);16.381.995.526.181;data;<id:f-8>;<id:f-8>;<id:dm>;<id:dm>;<id:no_dm>;<id:no_dm>;judgement;-25;submit;weiter;;;;;;;;;;;;
id;o8bcf6p8e4kta98t96ql4t6h76;ip;193.159.89.144;time(s);16.381.995.600.721;data;<id:f-4>;<id:f-4>;<id:unfront>;<id:unfront>;<id:front>;<id:front>;judgement;-47;submit;weiter;;;;;;;;;;;;
id;o8bcf6p8e4kta98t96ql4t6h76;ip;193.159.89.144;time(s);16.381.995.702.041;data;<id:f-1>;<id:f-1>;<id:front>;<id:front>;<id:unfront>;<id:unfront>;judgement;57;submit;weiter;;;;;;;;;;;;
id;o8bcf6p8e4kta98t96ql4t6h76;ip;193.159.89.144;time(s);16.381.995.957.843;data;<id:prolificID>;<id:prolificID>;prolificID;616fe943836453ab0b4777d7;<id:age>;<id:age>;age;27;<id:sex>;<id:sex>;sex;female;<id:edu>;<id:edu>;edu;Bachelor;<id:natLang>;<id:natLang>;natLang;deutsch;submit;weiter
id;o8bcf6p8e4kta98t96ql4t6h76;ip;193.159.89.144;time(s);16.381.996.001.624;data;feedback;;;;;;;;;;;;;;;;;;;;;
id;re7krqmccfn64uicta1bh3ii22;ip;176.199.149.90;time(s);16.382.017.179.220;data;submit;Ich möchte an dem Experiment teilnehmen!;;;;;;;;;;;;;;;;;;;;
id;re7krqmccfn64uicta1bh3ii22;ip;176.199.149.90;time(s);16.382.017.351.204;data;judgement;-100;submit;Experiment starten;;;;;;;;;;;;;;;;;;
id;re7krqmccfn64uicta1bh3ii22;ip;176.199.149.90;time(s);16.382.017.702.396;data;<id:c3-t12>;<id:c3-t12>;<id:cleft>;<id:cleft>;<id:canonical>;<id:canonical>;judgement;-100;submit;weiter;;;;;;;;;;;;
id;re7krqmccfn64uicta1bh3ii22;ip;176.199.149.90;time(s);16.382.017.876.366;data;<id:f-2>;<id:f-2>;<id:unfront>;<id:unfront>;<id:front>;<id:front>;judgement;-54;submit;weiter;;;;;;;;;;;;
id;re7krqmccfn64uicta1bh3ii22;ip;176.199.149.90;time(s);16.382.018.191.054;data;<id:f-3>;<id:f-3>;<id:front>;<id:front>;<id:unfront>;<id:unfront>;judgement;52;submit;weiter;;;;;;;;;;;;
id;re7krqmccfn64uicta1bh3ii22;ip;176.199.149.90;time(s);16.382.018.343.549;data;<id:control-3>;<id:control-3>;<id:pro>;<id:pro>;<id:definite>;<id:definite>;judgement;-51;submit;weiter;;;;;;;;;;;;
id;re7krqmccfn64uicta1bh3ii22;ip;176.199.149.90;time(s);16.382.018.597.865;data;<id:c3-t3>;<id:c3-t3>;<id:cleft>;<id:cleft>;<id:canonical>;<id:canonical>;judgement;-60;submit;weiter;;;;;;;;;;;;
id;re7krqmccfn64uicta1bh3ii22;ip;176.199.149.90;time(s);16.382.018.696.445;data;<id:c1-t10>;<id:c1-t10>;<id:cleft>;<id:cleft>;<id:canonical>;<id:canonical>;judgement;-52;submit;weiter;;;;;;;;;;;;
id;re7krqmccfn64uicta1bh3ii22;ip;176.199.149.90;time(s);16.382.018.844.279;data;<id:f-1>;<id:f-1>;<id:unfront>;<id:unfront>;<id:front>;<id:front>;judgement;-56;submit;weiter;;;;;;;;;;;;
id;re7krqmccfn64uicta1bh3ii22;ip;176.199.149.90;time(s);16.382.019.043.618;data;<id:control-4>;<id:control-4>;<id:definite>;<id:definite>;<id:pro>;<id:pro>;judgement;52;submit;weiter;;;;;;;;;;;;
id;re7krqmccfn64uicta1bh3ii22;ip;176.199.149.90;time(s);16.382.019.128.383;data;<id:c1-t7>;<id:c1-t7>;<id:canonical>;<id:canonical>;<id:cleft>;<id:cleft>;judgement;45;submit;weiter;;;;;;;;;;;;
id;re7krqmccfn64uicta1bh3ii22;ip;176.199.149.90;time(s);16.382.019.262.480;data;<id:f-5>;<id:f-5>;<id:dm>;<id:dm>;<id:no_dm>;<id:no_dm>;judgement;-100;submit;weiter;;;;;;;;;;;;
id;re7krqmccfn64uicta1bh3ii22;ip;176.199.149.90;time(s);16.382.020.106.657;data;<id:control-1>;<id:control-1>;<id:definite>;<id:definite>;<id:pro>;<id:pro>;judgement;-100;submit;weiter;;;;;;;;;;;;
id;re7krqmccfn64uicta1bh3ii22;ip;176.199.149.90;time(s);16.382.020.322.231;data;<id:f-8>;<id:f-8>;<id:no_dm>;<id:no_dm>;<id:dm>;<id:dm>;judgement;99;submit;weiter;;;;;;;;;;;;
id;re7krqmccfn64uicta1bh3ii22;ip;176.199.149.90;time(s);16.382.020.417.835;data;<id:f-6>;<id:f-6>;<id:dm>;<id:dm>;<id:no_dm>;<id:no_dm>;judgement;-100;submit;weiter;;;;;;;;;;;;
id;re7krqmccfn64uicta1bh3ii22;ip;176.199.149.90;time(s);16.382.020.575.859;data;<id:control-2>;<id:control-2>;<id:definite>;<id:definite>;<id:pro>;<id:pro>;judgement;-100;submit;weiter;;;;;;;;;;;;
id;re7krqmccfn64uicta1bh3ii22;ip;176.199.149.90;time(s);16.382.020.653.804;data;<id:f-4>;<id:f-4>;<id:front>;<id:front>;<id:unfront>;<id:unfront>;judgement;100;submit;weiter;;;;;;;;;;;;
id;re7krqmccfn64uicta1bh3ii22;ip;176.199.149.90;time(s);16.382.020.808.647;data;<id:f-7>;<id:f-7>;<id:dm>;<id:dm>;<id:no_dm>;<id:no_dm>;judgement;-100;submit;weiter;;;;;;;;;;;;
id;re7krqmccfn64uicta1bh3ii22;ip;176.199.149.90;time(s);16.382.021.059.377;data;<id:prolificID>;<id:prolificID>;prolificID;60a539554c693dd0bea82093;<id:age>;<id:age>;age;37;<id:sex>;<id:sex>;sex;female;<id:edu>;<id:edu>;edu;Master of Arts ;<id:natLang>;<id:natLang>;natLang;Deutsch;submit;weiter
id;re7krqmccfn64uicta1bh3ii22;ip;176.199.149.90;time(s);16.382.021.083.511;data;feedback;;;;;;;;;;;;;;;;;;;;;
id;rm0d07dfij6du0re8hlqgl4dl1;ip;84.78.123.156;time(s);16.382.009.084.212;data;submit;Ich möchte an dem Experiment teilnehmen!;;;;;;;;;;;;;;;;;;;;
id;rm0d07dfij6du0re8hlqgl4dl1;ip;84.78.123.156;time(s);16.382.009.344.795;data;judgement;-100;submit;Experiment starten;;;;;;;;;;;;;;;;;;
id;rm0d07dfij6du0re8hlqgl4dl1;ip;84.78.123.156;time(s);16.382.009.518.434;data;<id:control-3>;<id:control-3>;<id:definite>;<id:definite>;<id:pro>;<id:pro>;judgement;38;submit;weiter;;;;;;;;;;;;
id;rm0d07dfij6du0re8hlqgl4dl1;ip;84.78.123.156;time(s);16.382.009.603.567;data;<id:f-6>;<id:f-6>;<id:dm>;<id:dm>;<id:no_dm>;<id:no_dm>;judgement;-71;submit;weiter;;;;;;;;;;;;
id;rm0d07dfij6du0re8hlqgl4dl1;ip;84.78.123.156;time(s);16.382.009.694.581;data;<id:c1-t7>;<id:c1-t7>;<id:canonical>;<id:canonical>;<id:cleft>;<id:cleft>;judgement;38;submit;weiter;;;;;;;;;;;;
id;rm0d07dfij6du0re8hlqgl4dl1;ip;84.78.123.156;time(s);16.382.009.819.668;data;<id:c3-t3>;<id:c3-t3>;<id:canonical>;<id:canonical>;<id:cleft>;<id:cleft>;judgement;49;submit;weiter;;;;;;;;;;;;
id;rm0d07dfij6du0re8hlqgl4dl1;ip;84.78.123.156;time(s);16.382.009.923.539;data;<id:c3-t12>;<id:c3-t12>;<id:cleft>;<id:cleft>;<id:canonical>;<id:canonical>;judgement;0;submit;weiter;;;;;;;;;;;;
id;rm0d07dfij6du0re8hlqgl4dl1;ip;84.78.123.156;time(s);16.382.010.010.961;data;<id:f-1>;<id:f-1>;<id:unfront>;<id:unfront>;<id:front>;<id:front>;judgement;-67;submit;weiter;;;;;;;;;;;;
id;rm0d07dfij6du0re8hlqgl4dl1;ip;84.78.123.156;time(s);16.382.010.077.617;data;<id:f-3>;<id:f-3>;<id:front>;<id:front>;<id:unfront>;<id:unfront>;judgement;0;submit;weiter;;;;;;;;;;;;
id;rm0d07dfij6du0re8hlqgl4dl1;ip;84.78.123.156;time(s);16.382.010.202.031;data;<id:f-5>;<id:f-5>;<id:no_dm>;<id:no_dm>;<id:dm>;<id:dm>;judgement;83;submit;weiter;;;;;;;;;;;;
id;rm0d07dfij6du0re8hlqgl4dl1;ip;84.78.123.156;time(s);16.382.010.274.309;data;<id:f-2>;<id:f-2>;<id:front>;<id:front>;<id:unfront>;<id:unfront>;judgement;61;submit;weiter;;;;;;;;;;;;
id;rm0d07dfij6du0re8hlqgl4dl1;ip;84.78.123.156;time(s);16.382.010.345.179;data;<id:f-4>;<id:f-4>;<id:unfront>;<id:unfront>;<id:front>;<id:front>;judgement;-86;submit;weiter;;;;;;;;;;;;
id;rm0d07dfij6du0re8hlqgl4dl1;ip;84.78.123.156;time(s);16.382.010.429.536;data;<id:control-2>;<id:control-2>;<id:definite>;<id:definite>;<id:pro>;<id:pro>;judgement;-78;submit;weiter;;;;;;;;;;;;
id;rm0d07dfij6du0re8hlqgl4dl1;ip;84.78.123.156;time(s);16.382.010.514.529;data;<id:f-8>;<id:f-8>;<id:dm>;<id:dm>;<id:no_dm>;<id:no_dm>;judgement;-96;submit;weiter;;;;;;;;;;;;
id;rm0d07dfij6du0re8hlqgl4dl1;ip;84.78.123.156;time(s);16.382.010.604.928;data;<id:control-1>;<id:control-1>;<id:pro>;<id:pro>;<id:definite>;<id:definite>;judgement;65;submit;weiter;;;;;;;;;;;;
id;rm0d07dfij6du0re8hlqgl4dl1;ip;84.78.123.156;time(s);16.382.010.699.302;data;<id:f-7>;<id:f-7>;<id:no_dm>;<id:no_dm>;<id:dm>;<id:dm>;judgement;98;submit;weiter;;;;;;;;;;;;
id;rm0d07dfij6du0re8hlqgl4dl1;ip;84.78.123.156;time(s);16.382.010.795.576;data;<id:c1-t10>;<id:c1-t10>;<id:cleft>;<id:cleft>;<id:canonical>;<id:canonical>;judgement;60;submit;weiter;;;;;;;;;;;;
id;rm0d07dfij6du0re8hlqgl4dl1;ip;84.78.123.156;time(s);16.382.010.862.812;data;<id:control-4>;<id:control-4>;<id:pro>;<id:pro>;<id:definite>;<id:definite>;judgement;-96;submit;weiter;;;;;;;;;;;;
id;rm0d07dfij6du0re8hlqgl4dl1;ip;84.78.123.156;time(s);16.382.011.135.964;data;<id:prolificID>;<id:prolificID>;prolificID;615f3a23295a71c1d49ab7e3;<id:age>;<id:age>;age;42;<id:sex>;<id:sex>;sex;female;<id:edu>;<id:edu>;edu;FH ;<id:natLang>;<id:natLang>;natLang;deutsch ;submit;weiter
id;rm0d07dfij6du0re8hlqgl4dl1;ip;84.78.123.156;time(s);16.382.011.164.947;data;feedback;;;;;;;;;;;;;;;;;;;;;
id;u9gpuqbjg3fijid8a7h0q1cm30;ip;131.152.231.249;time(s);16.382.015.798.324;data;submit;Ich möchte an dem Experiment teilnehmen!;;;;;;;;;;;;;;;;;;;;
id;u9gpuqbjg3fijid8a7h0q1cm30;ip;131.152.231.249;time(s);16.382.017.151.906;data;judgement;-100;submit;Experiment starten;;;;;;;;;;;;;;;;;;
id;u9gpuqbjg3fijid8a7h0q1cm30;ip;131.152.231.249;time(s);16.382.017.527.709;data;<id:f-7>;<id:f-7>;<id:dm>;<id:dm>;<id:no_dm>;<id:no_dm>;judgement;-60;submit;weiter;;;;;;;;;;;;
id;u9gpuqbjg3fijid8a7h0q1cm30;ip;131.152.231.249;time(s);16.382.018.125.512;data;<id:control-4>;<id:control-4>;<id:definite>;<id:definite>;<id:pro>;<id:pro>;judgement;-20;submit;weiter;;;;;;;;;;;;
id;u9gpuqbjg3fijid8a7h0q1cm30;ip;131.152.231.249;time(s);16.382.018.287.001;data;<id:control-2>;<id:control-2>;<id:definite>;<id:definite>;<id:pro>;<id:pro>;judgement;-39;submit;weiter;;;;;;;;;;;;
id;u9gpuqbjg3fijid8a7h0q1cm30;ip;131.152.231.249;time(s);16.382.018.394.703;data;<id:f-5>;<id:f-5>;<id:no_dm>;<id:no_dm>;<id:dm>;<id:dm>;judgement;57;submit;weiter;;;;;;;;;;;;
id;u9gpuqbjg3fijid8a7h0q1cm30;ip;131.152.231.249;time(s);16.382.018.528.523;data;<id:control-1>;<id:control-1>;<id:pro>;<id:pro>;<id:definite>;<id:definite>;judgement;35;submit;weiter;;;;;;;;;;;;
id;u9gpuqbjg3fijid8a7h0q1cm30;ip;131.152.231.249;time(s);16.382.018.712.576;data;<id:c3-t3>;<id:c3-t3>;<id:cleft>;<id:cleft>;<id:canonical>;<id:canonical>;judgement;-16;submit;weiter;;;;;;;;;;;;
id;u9gpuqbjg3fijid8a7h0q1cm30;ip;131.152.231.249;time(s);16.382.018.854.995;data;<id:c1-t7>;<id:c1-t7>;<id:canonical>;<id:canonical>;<id:cleft>;<id:cleft>;judgement;-22;submit;weiter;;;;;;;;;;;;
id;u9gpuqbjg3fijid8a7h0q1cm30;ip;131.152.231.249;time(s);16.382.018.954.037;data;<id:f-4>;<id:f-4>;<id:front>;<id:front>;<id:unfront>;<id:unfront>;judgement;36;submit;weiter;;;;;;;;;;;;
id;u9gpuqbjg3fijid8a7h0q1cm30;ip;131.152.231.249;time(s);16.382.019.090.352;data;<id:f-3>;<id:f-3>;<id:unfront>;<id:unfront>;<id:front>;<id:front>;judgement;-30;submit;weiter;;;;;;;;;;;;
id;u9gpuqbjg3fijid8a7h0q1cm30;ip;131.152.231.249;time(s);16.382.019.241.562;data;<id:control-3>;<id:control-3>;<id:definite>;<id:definite>;<id:pro>;<id:pro>;judgement;-21;submit;weiter;;;;;;;;;;;;
id;u9gpuqbjg3fijid8a7h0q1cm30;ip;131.152.231.249;time(s);16.382.019.375.264;data;<id:f-2>;<id:f-2>;<id:unfront>;<id:unfront>;<id:front>;<id:front>;judgement;-32;submit;weiter;;;;;;;;;;;;
id;u9gpuqbjg3fijid8a7h0q1cm30;ip;131.152.231.249;time(s);16.382.019.501.436;data;<id:c3-t12>;<id:c3-t12>;<id:cleft>;<id:cleft>;<id:canonical>;<id:canonical>;judgement;45;submit;weiter;;;;;;;;;;;;
id;u9gpuqbjg3fijid8a7h0q1cm30;ip;131.152.231.249;time(s);16.382.019.635.668;data;<id:f-8>;<id:f-8>;<id:no_dm>;<id:no_dm>;<id:dm>;<id:dm>;judgement;66;submit;weiter;;;;;;;;;;;;
id;u9gpuqbjg3fijid8a7h0q1cm30;ip;131.152.231.249;time(s);16.382.019.703.842;data;<id:f-6>;<id:f-6>;<id:no_dm>;<id:no_dm>;<id:dm>;<id:dm>;judgement;51;submit;weiter;;;;;;;;;;;;
id;u9gpuqbjg3fijid8a7h0q1cm30;ip;131.152.231.249;time(s);16.382.019.815.911;data;<id:f-1>;<id:f-1>;<id:front>;<id:front>;<id:unfront>;<id:unfront>;judgement;30;submit;weiter;;;;;;;;;;;;
id;u9gpuqbjg3fijid8a7h0q1cm30;ip;131.152.231.249;time(s);16.382.019.939.810;data;<id:c1-t10>;<id:c1-t10>;<id:canonical>;<id:canonical>;<id:cleft>;<id:cleft>;judgement;-45;submit;weiter;;;;;;;;;;;;
id;u9gpuqbjg3fijid8a7h0q1cm30;ip;131.152.231.249;time(s);16.382.020.181.545;data;<id:prolificID>;<id:prolificID>;prolificID;60fd1e0283fd261fb158ab92;<id:age>;<id:age>;age;20;<id:sex>;<id:sex>;sex;female;<id:edu>;<id:edu>;edu;Abitur;<id:natLang>;<id:natLang>;natLang;Deutsch;submit;weiter
id;u9gpuqbjg3fijid8a7h0q1cm30;ip;131.152.231.249;time(s);16.382.020.227.292;data;feedback;;;;;;;;;;;;;;;;;;;;;
id;ufuohu152vkr2aec6fhr9bb7q7;ip;79.225.189.183;time(s);16.382.000.391.661;data;submit;Ich möchte an dem Experiment teilnehmen!;;;;;;;;;;;;;;;;;;;;
id;ufuohu152vkr2aec6fhr9bb7q7;ip;79.225.189.183;time(s);16.382.001.123.737;data;judgement;-100;submit;Experiment starten;;;;;;;;;;;;;;;;;;
id;ufuohu152vkr2aec6fhr9bb7q7;ip;79.225.189.183;time(s);16.382.001.301.200;data;<id:c1-t10>;<id:c1-t10>;<id:cleft>;<id:cleft>;<id:canonical>;<id:canonical>;judgement;-100;submit;weiter;;;;;;;;;;;;
id;ufuohu152vkr2aec6fhr9bb7q7;ip;79.225.189.183;time(s);16.382.001.408.632;data;<id:c1-t7>;<id:c1-t7>;<id:cleft>;<id:cleft>;<id:canonical>;<id:canonical>;judgement;-100;submit;weiter;;;;;;;;;;;;
id;ufuohu152vkr2aec6fhr9bb7q7;ip;79.225.189.183;time(s);16.382.001.694.487;data;<id:f-3>;<id:f-3>;<id:unfront>;<id:unfront>;<id:front>;<id:front>;judgement;13;submit;weiter;;;;;;;;;;;;
id;ufuohu152vkr2aec6fhr9bb7q7;ip;79.225.189.183;time(s);16.382.001.827.854;data;<id:f-2>;<id:f-2>;<id:front>;<id:front>;<id:unfront>;<id:unfront>;judgement;56;submit;weiter;;;;;;;;;;;;
id;ufuohu152vkr2aec6fhr9bb7q7;ip;79.225.189.183;time(s);16.382.002.077.466;data;<id:f-5>;<id:f-5>;<id:dm>;<id:dm>;<id:no_dm>;<id:no_dm>;judgement;-63;submit;weiter;;;;;;;;;;;;
id;ufuohu152vkr2aec6fhr9bb7q7;ip;79.225.189.183;time(s);16.382.002.168.177;data;<id:f-6>;<id:f-6>;<id:no_dm>;<id:no_dm>;<id:dm>;<id:dm>;judgement;84;submit;weiter;;;;;;;;;;;;
id;ufuohu152vkr2aec6fhr9bb7q7;ip;79.225.189.183;time(s);16.382.002.362.397;data;<id:control-4>;<id:control-4>;<id:pro>;<id:pro>;<id:definite>;<id:definite>;judgement;-100;submit;weiter;;;;;;;;;;;;
id;ufuohu152vkr2aec6fhr9bb7q7;ip;79.225.189.183;time(s);16.382.002.473.112;data;<id:f-4>;<id:f-4>;<id:front>;<id:front>;<id:unfront>;<id:unfront>;judgement;83;submit;weiter;;;;;;;;;;;;
id;ufuohu152vkr2aec6fhr9bb7q7;ip;79.225.189.183;time(s);16.382.002.613.387;data;<id:f-1>;<id:f-1>;<id:front>;<id:front>;<id:unfront>;<id:unfront>;judgement;38;submit;weiter;;;;;;;;;;;;
id;ufuohu152vkr2aec6fhr9bb7q7;ip;79.225.189.183;time(s);16.382.003.206.276;data;<id:control-1>;<id:control-1>;<id:pro>;<id:pro>;<id:definite>;<id:definite>;judgement;100;submit;weiter;;;;;;;;;;;;
id;ufuohu152vkr2aec6fhr9bb7q7;ip;79.225.189.183;time(s);16.382.003.338.513;data;<id:f-8>;<id:f-8>;<id:dm>;<id:dm>;<id:no_dm>;<id:no_dm>;judgement;-94;submit;weiter;;;;;;;;;;;;
id;ufuohu152vkr2aec6fhr9bb7q7;ip;79.225.189.183;time(s);16.382.003.718.344;data;<id:c3-t12>;<id:c3-t12>;<id:canonical>;<id:canonical>;<id:cleft>;<id:cleft>;judgement;83;submit;weiter;;;;;;;;;;;;
id;ufuohu152vkr2aec6fhr9bb7q7;ip;79.225.189.183;time(s);16.382.003.832.602;data;<id:c3-t3>;<id:c3-t3>;<id:canonical>;<id:canonical>;<id:cleft>;<id:cleft>;judgement;72;submit;weiter;;;;;;;;;;;;
id;ufuohu152vkr2aec6fhr9bb7q7;ip;79.225.189.183;time(s);16.382.003.899.256;data;<id:control-3>;<id:control-3>;<id:pro>;<id:pro>;<id:definite>;<id:definite>;judgement;-100;submit;weiter;;;;;;;;;;;;
id;ufuohu152vkr2aec6fhr9bb7q7;ip;79.225.189.183;time(s);16.382.004.008.645;data;<id:f-7>;<id:f-7>;<id:dm>;<id:dm>;<id:no_dm>;<id:no_dm>;judgement;-40;submit;weiter;;;;;;;;;;;;
id;ufuohu152vkr2aec6fhr9bb7q7;ip;79.225.189.183;time(s);16.382.004.150.641;data;<id:control-2>;<id:control-2>;<id:pro>;<id:pro>;<id:definite>;<id:definite>;judgement;91;submit;weiter;;;;;;;;;;;;
id;ufuohu152vkr2aec6fhr9bb7q7;ip;79.225.189.183;time(s);16.382.004.345.111;data;<id:prolificID>;<id:prolificID>;prolificID;611d08b80fd6356dbabc92e5;<id:age>;<id:age>;age;22;<id:sex>;<id:sex>;sex;female;<id:edu>;<id:edu>;edu;Abitur;<id:natLang>;<id:natLang>;natLang;deutsch;submit;weiter
id;ufuohu152vkr2aec6fhr9bb7q7;ip;79.225.189.183;time(s);16.382.004.388.954;data;feedback;;;;;;;;;;;;;;;;;;;;;
