id;29pfvlifaa3p0ngtnr3bn6aia5;ip;95.222.28.131;time(s);16.371.412.957.044;data;submit;Ich möchte an dem Experiment teilnehmen!;;;;;;;;;;;;;;;;;;;;;;
id;29pfvlifaa3p0ngtnr3bn6aia5;ip;95.222.28.131;time(s);16.371.413.466.762;data;expectedness1;41;expectedness2;62;expectedness3;7;expectedness4;4;expectedness5;54;submit;Experiment starten;;;;;;;;;;;;
id;29pfvlifaa3p0ngtnr3bn6aia5;ip;95.222.28.131;time(s);16.371.413.881.908;data;<id:c3-t11>;<id:c3-t11>;<id:irr>;<id:irr>;expectedness1;0;<id:pq2>;<id:pq2>;expectedness2;7;<id:then>;<id:then>;expectedness3;77;<id:pq3>;<id:pq3>;expectedness4;22;<id:pq1>;<id:pq1>;expectedness5;22;submit;weiter
id;29pfvlifaa3p0ngtnr3bn6aia5;ip;95.222.28.131;time(s);16.371.414.271.485;data;<id:f4>;<id:f4>;<id:q5>;<id:q5>;expectedness1;9;<id:q3>;<id:q3>;expectedness2;25;<id:q2>;<id:q2>;expectedness3;5;<id:q4>;<id:q4>;expectedness4;5;<id:q1>;<id:q1>;expectedness5;100;submit;weiter
id;29pfvlifaa3p0ngtnr3bn6aia5;ip;95.222.28.131;time(s);16.371.414.655.208;data;<id:c3-t14>;<id:c3-t14>;<id:irr>;<id:irr>;expectedness1;0;<id:then>;<id:then>;expectedness2;42;<id:pq2>;<id:pq2>;expectedness3;1;<id:pq3>;<id:pq3>;expectedness4;83;<id:pq1>;<id:pq1>;expectedness5;12;submit;weiter
id;29pfvlifaa3p0ngtnr3bn6aia5;ip;95.222.28.131;time(s);16.371.415.002.675;data;<id:f13>;<id:f13>;<id:q2>;<id:q2>;expectedness1;7;<id:q4>;<id:q4>;expectedness2;31;<id:q3>;<id:q3>;expectedness3;7;<id:q1>;<id:q1>;expectedness4;100;<id:q5>;<id:q5>;expectedness5;0;submit;weiter
id;29pfvlifaa3p0ngtnr3bn6aia5;ip;95.222.28.131;time(s);16.371.415.316.276;data;<id:f9>;<id:f9>;<id:q1>;<id:q1>;expectedness1;91;<id:q2>;<id:q2>;expectedness2;73;<id:q5>;<id:q5>;expectedness3;6;<id:q3>;<id:q3>;expectedness4;35;<id:q4>;<id:q4>;expectedness5;27;submit;weiter
id;29pfvlifaa3p0ngtnr3bn6aia5;ip;95.222.28.131;time(s);16.371.415.688.081;data;<id:f11>;<id:f11>;<id:q5>;<id:q5>;expectedness1;0;<id:q1>;<id:q1>;expectedness2;14;<id:q3>;<id:q3>;expectedness3;0;<id:q4>;<id:q4>;expectedness4;51;<id:q2>;<id:q2>;expectedness5;59;submit;weiter
id;29pfvlifaa3p0ngtnr3bn6aia5;ip;95.222.28.131;time(s);16.371.415.998.170;data;<id:f1>;<id:f1>;<id:q2>;<id:q2>;expectedness1;54;<id:q4>;<id:q4>;expectedness2;76;<id:q3>;<id:q3>;expectedness3;76;<id:q1>;<id:q1>;expectedness4;0;<id:q5>;<id:q5>;expectedness5;0;submit;weiter
id;29pfvlifaa3p0ngtnr3bn6aia5;ip;95.222.28.131;time(s);16.371.416.219.260;data;<id:f3>;<id:f3>;<id:q4>;<id:q4>;expectedness1;0;<id:q5>;<id:q5>;expectedness2;0;<id:q3>;<id:q3>;expectedness3;39;<id:q2>;<id:q2>;expectedness4;30;<id:q1>;<id:q1>;expectedness5;92;submit;weiter
id;29pfvlifaa3p0ngtnr3bn6aia5;ip;95.222.28.131;time(s);16.371.416.497.081;data;<id:c1-t7>;<id:c1-t7>;<id:pq2>;<id:pq2>;expectedness1;83;<id:irr>;<id:irr>;expectedness2;0;<id:then>;<id:then>;expectedness3;80;<id:pq3>;<id:pq3>;expectedness4;21;<id:pq1>;<id:pq1>;expectedness5;80;submit;weiter
id;29pfvlifaa3p0ngtnr3bn6aia5;ip;95.222.28.131;time(s);16.371.416.767.100;data;<id:f12>;<id:f12>;<id:q1>;<id:q1>;expectedness1;89;<id:q2>;<id:q2>;expectedness2;76;<id:q5>;<id:q5>;expectedness3;0;<id:q3>;<id:q3>;expectedness4;89;<id:q4>;<id:q4>;expectedness5;0;submit;weiter
id;29pfvlifaa3p0ngtnr3bn6aia5;ip;95.222.28.131;time(s);16.371.417.049.859;data;<id:f10>;<id:f10>;<id:q5>;<id:q5>;expectedness1;80;<id:q4>;<id:q4>;expectedness2;82;<id:q2>;<id:q2>;expectedness3;3;<id:q3>;<id:q3>;expectedness4;1;<id:q1>;<id:q1>;expectedness5;74;submit;weiter
id;29pfvlifaa3p0ngtnr3bn6aia5;ip;95.222.28.131;time(s);16.371.417.287.452;data;<id:c3-t16>;<id:c3-t16>;<id:pq3>;<id:pq3>;expectedness1;77;<id:irr>;<id:irr>;expectedness2;0;<id:pq2>;<id:pq2>;expectedness3;7;<id:pq1>;<id:pq1>;expectedness4;35;<id:then>;<id:then>;expectedness5;74;submit;weiter
id;29pfvlifaa3p0ngtnr3bn6aia5;ip;95.222.28.131;time(s);16.371.417.642.827;data;<id:f2>;<id:f2>;<id:q2>;<id:q2>;expectedness1;48;<id:q3>;<id:q3>;expectedness2;81;<id:q4>;<id:q4>;expectedness3;82;<id:q1>;<id:q1>;expectedness4;82;<id:q5>;<id:q5>;expectedness5;46;submit;weiter
id;29pfvlifaa3p0ngtnr3bn6aia5;ip;95.222.28.131;time(s);16.371.417.957.105;data;<id:c1-t5>;<id:c1-t5>;<id:pq3>;<id:pq3>;expectedness1;12;<id:pq2>;<id:pq2>;expectedness2;70;<id:then>;<id:then>;expectedness3;70;<id:pq1>;<id:pq1>;expectedness4;91;<id:irr>;<id:irr>;expectedness5;0;submit;weiter
id;29pfvlifaa3p0ngtnr3bn6aia5;ip;95.222.28.131;time(s);16.371.418.209.372;data;<id:f5>;<id:f5>;<id:q5>;<id:q5>;expectedness1;0;<id:q4>;<id:q4>;expectedness2;12;<id:q3>;<id:q3>;expectedness3;53;<id:q1>;<id:q1>;expectedness4;54;<id:q2>;<id:q2>;expectedness5;55;submit;weiter
id;29pfvlifaa3p0ngtnr3bn6aia5;ip;95.222.28.131;time(s);16.371.418.452.310;data;<id:c1-t8>;<id:c1-t8>;<id:pq1>;<id:pq1>;expectedness1;70;<id:irr>;<id:irr>;expectedness2;0;<id:pq2>;<id:pq2>;expectedness3;63;<id:then>;<id:then>;expectedness4;63;<id:pq3>;<id:pq3>;expectedness5;2;submit;weiter
id;29pfvlifaa3p0ngtnr3bn6aia5;ip;95.222.28.131;time(s);16.371.418.688.832;data;<id:c3-t10>;<id:c3-t10>;<id:then>;<id:then>;expectedness1;34;<id:irr>;<id:irr>;expectedness2;0;<id:pq1>;<id:pq1>;expectedness3;30;<id:pq2>;<id:pq2>;expectedness4;31;<id:pq3>;<id:pq3>;expectedness5;94;submit;weiter
id;29pfvlifaa3p0ngtnr3bn6aia5;ip;95.222.28.131;time(s);16.371.418.945.555;data;<id:f14>;<id:f14>;<id:q2>;<id:q2>;expectedness1;3;<id:q1>;<id:q1>;expectedness2;81;<id:q3>;<id:q3>;expectedness3;1;<id:q4>;<id:q4>;expectedness4;1;<id:q5>;<id:q5>;expectedness5;0;submit;weiter
id;29pfvlifaa3p0ngtnr3bn6aia5;ip;95.222.28.131;time(s);16.371.419.263.750;data;<id:c3-t12>;<id:c3-t12>;<id:pq2>;<id:pq2>;expectedness1;50;<id:irr>;<id:irr>;expectedness2;0;<id:then>;<id:then>;expectedness3;39;<id:pq1>;<id:pq1>;expectedness4;30;<id:pq3>;<id:pq3>;expectedness5;90;submit;weiter
id;29pfvlifaa3p0ngtnr3bn6aia5;ip;95.222.28.131;time(s);16.371.419.469.724;data;<id:f6>;<id:f6>;<id:q4>;<id:q4>;expectedness1;0;<id:q1>;<id:q1>;expectedness2;87;<id:q5>;<id:q5>;expectedness3;4;<id:q2>;<id:q2>;expectedness4;87;<id:q3>;<id:q3>;expectedness5;4;submit;weiter
id;29pfvlifaa3p0ngtnr3bn6aia5;ip;95.222.28.131;time(s);16.371.419.732.973;data;<id:c3-t13>;<id:c3-t13>;<id:irr>;<id:irr>;expectedness1;0;<id:then>;<id:then>;expectedness2;17;<id:pq2>;<id:pq2>;expectedness3;60;<id:pq1>;<id:pq1>;expectedness4;89;<id:pq3>;<id:pq3>;expectedness5;95;submit;weiter
id;29pfvlifaa3p0ngtnr3bn6aia5;ip;95.222.28.131;time(s);16.371.419.970.859;data;<id:c1-t3>;<id:c1-t3>;<id:then>;<id:then>;expectedness1;29;<id:irr>;<id:irr>;expectedness2;0;<id:pq1>;<id:pq1>;expectedness3;95;<id:pq3>;<id:pq3>;expectedness4;13;<id:pq2>;<id:pq2>;expectedness5;15;submit;weiter
id;29pfvlifaa3p0ngtnr3bn6aia5;ip;95.222.28.131;time(s);16.371.420.103.764;data;<id:c1-t1>;<id:c1-t1>;<id:pq2>;<id:pq2>;expectedness1;88;<id:irr>;<id:irr>;expectedness2;0;<id:pq3>;<id:pq3>;expectedness3;83;<id:pq1>;<id:pq1>;expectedness4;68;<id:then>;<id:then>;expectedness5;47;submit;weiter
id;29pfvlifaa3p0ngtnr3bn6aia5;ip;95.222.28.131;time(s);16.371.420.251.465;data;<id:c1-t4>;<id:c1-t4>;<id:then>;<id:then>;expectedness1;45;<id:pq1>;<id:pq1>;expectedness2;92;<id:pq3>;<id:pq3>;expectedness3;40;<id:pq2>;<id:pq2>;expectedness4;24;<id:irr>;<id:irr>;expectedness5;0;submit;weiter
id;29pfvlifaa3p0ngtnr3bn6aia5;ip;95.222.28.131;time(s);16.371.420.536.626;data;<id:c3-t9>;<id:c3-t9>;<id:pq1>;<id:pq1>;expectedness1;76;<id:pq3>;<id:pq3>;expectedness2;41;<id:pq2>;<id:pq2>;expectedness3;42;<id:irr>;<id:irr>;expectedness4;0;<id:then>;<id:then>;expectedness5;36;submit;weiter
id;29pfvlifaa3p0ngtnr3bn6aia5;ip;95.222.28.131;time(s);16.371.420.743.866;data;<id:f7>;<id:f7>;<id:q2>;<id:q2>;expectedness1;12;<id:q4>;<id:q4>;expectedness2;91;<id:q3>;<id:q3>;expectedness3;0;<id:q1>;<id:q1>;expectedness4;6;<id:q5>;<id:q5>;expectedness5;26;submit;weiter
id;29pfvlifaa3p0ngtnr3bn6aia5;ip;95.222.28.131;time(s);16.371.420.928.116;data;<id:c1-t6>;<id:c1-t6>;<id:pq1>;<id:pq1>;expectedness1;83;<id:pq2>;<id:pq2>;expectedness2;74;<id:then>;<id:then>;expectedness3;37;<id:irr>;<id:irr>;expectedness4;0;<id:pq3>;<id:pq3>;expectedness5;35;submit;weiter
id;29pfvlifaa3p0ngtnr3bn6aia5;ip;95.222.28.131;time(s);16.371.421.192.495;data;<id:c3-t15>;<id:c3-t15>;<id:then>;<id:then>;expectedness1;20;<id:pq2>;<id:pq2>;expectedness2;91;<id:irr>;<id:irr>;expectedness3;0;<id:pq3>;<id:pq3>;expectedness4;92;<id:pq1>;<id:pq1>;expectedness5;14;submit;weiter
id;29pfvlifaa3p0ngtnr3bn6aia5;ip;95.222.28.131;time(s);16.371.421.489.519;data;<id:f8>;<id:f8>;<id:q5>;<id:q5>;expectedness1;0;<id:q2>;<id:q2>;expectedness2;74;<id:q1>;<id:q1>;expectedness3;89;<id:q3>;<id:q3>;expectedness4;81;<id:q4>;<id:q4>;expectedness5;5;submit;weiter
id;29pfvlifaa3p0ngtnr3bn6aia5;ip;95.222.28.131;time(s);16.371.421.681.075;data;<id:c1-t2>;<id:c1-t2>;<id:then>;<id:then>;expectedness1;14;<id:pq3>;<id:pq3>;expectedness2;0;<id:pq2>;<id:pq2>;expectedness3;94;<id:irr>;<id:irr>;expectedness4;0;<id:pq1>;<id:pq1>;expectedness5;95;submit;weiter
id;29pfvlifaa3p0ngtnr3bn6aia5;ip;95.222.28.131;time(s);16.371.422.005.452;data;<id:prolificID>;<id:prolificID>;prolificID;5e7b485f469f741485b7803e;<id:age>;<id:age>;age;26;<id:sex>;<id:sex>;sex;female;<id:edu>;<id:edu>;edu;Abitur;<id:natLang>;<id:natLang>;natLang;Deutsch;submit;weiter;;
id;29pfvlifaa3p0ngtnr3bn6aia5;ip;95.222.28.131;time(s);16.371.422.037.471;data;feedback;;;;;;;;;;;;;;;;;;;;;;;
id;eluh4ta6l0agoqf4c3643amm56;ip;176.199.7.167;time(s);16.371.413.882.354;data;submit;Ich möchte an dem Experiment teilnehmen!;;;;;;;;;;;;;;;;;;;;;;
id;eluh4ta6l0agoqf4c3643amm56;ip;176.199.7.167;time(s);16.371.414.359.223;data;expectedness1;17;expectedness2;4;expectedness3;34;expectedness4;0;expectedness5;77;submit;Experiment starten;;;;;;;;;;;;
id;eluh4ta6l0agoqf4c3643amm56;ip;176.199.7.167;time(s);16.371.414.569.278;data;<id:f12>;<id:f12>;<id:q1>;<id:q1>;expectedness1;42;<id:q4>;<id:q4>;expectedness2;0;<id:q2>;<id:q2>;expectedness3;3;<id:q5>;<id:q5>;expectedness4;0;<id:q3>;<id:q3>;expectedness5;53;submit;weiter
id;eluh4ta6l0agoqf4c3643amm56;ip;176.199.7.167;time(s);16.371.414.748.628;data;<id:f2>;<id:f2>;<id:q1>;<id:q1>;expectedness1;72;<id:q2>;<id:q2>;expectedness2;12;<id:q3>;<id:q3>;expectedness3;45;<id:q4>;<id:q4>;expectedness4;46;<id:q5>;<id:q5>;expectedness5;50;submit;weiter
id;eluh4ta6l0agoqf4c3643amm56;ip;176.199.7.167;time(s);16.371.415.029.675;data;<id:c3-t11>;<id:c3-t11>;<id:pq1>;<id:pq1>;expectedness1;53;<id:irr>;<id:irr>;expectedness2;0;<id:pq2>;<id:pq2>;expectedness3;26;<id:then>;<id:then>;expectedness4;27;<id:pq3>;<id:pq3>;expectedness5;21;submit;weiter
id;eluh4ta6l0agoqf4c3643amm56;ip;176.199.7.167;time(s);16.371.415.218.744;data;<id:f7>;<id:f7>;<id:q4>;<id:q4>;expectedness1;50;<id:q5>;<id:q5>;expectedness2;0;<id:q3>;<id:q3>;expectedness3;0;<id:q1>;<id:q1>;expectedness4;0;<id:q2>;<id:q2>;expectedness5;16;submit;weiter
id;eluh4ta6l0agoqf4c3643amm56;ip;176.199.7.167;time(s);16.371.415.355.618;data;<id:f14>;<id:f14>;<id:q5>;<id:q5>;expectedness1;0;<id:q4>;<id:q4>;expectedness2;0;<id:q3>;<id:q3>;expectedness3;5;<id:q2>;<id:q2>;expectedness4;10;<id:q1>;<id:q1>;expectedness5;100;submit;weiter
id;eluh4ta6l0agoqf4c3643amm56;ip;176.199.7.167;time(s);16.371.415.509.785;data;<id:c1-t6>;<id:c1-t6>;<id:pq2>;<id:pq2>;expectedness1;48;<id:pq1>;<id:pq1>;expectedness2;64;<id:then>;<id:then>;expectedness3;63;<id:irr>;<id:irr>;expectedness4;0;<id:pq3>;<id:pq3>;expectedness5;49;submit;weiter
id;eluh4ta6l0agoqf4c3643amm56;ip;176.199.7.167;time(s);16.371.415.687.077;data;<id:c3-t16>;<id:c3-t16>;<id:pq3>;<id:pq3>;expectedness1;55;<id:pq2>;<id:pq2>;expectedness2;16;<id:pq1>;<id:pq1>;expectedness3;54;<id:irr>;<id:irr>;expectedness4;0;<id:then>;<id:then>;expectedness5;54;submit;weiter
id;eluh4ta6l0agoqf4c3643amm56;ip;176.199.7.167;time(s);16.371.415.825.683;data;<id:f10>;<id:f10>;<id:q5>;<id:q5>;expectedness1;82;<id:q3>;<id:q3>;expectedness2;0;<id:q2>;<id:q2>;expectedness3;33;<id:q4>;<id:q4>;expectedness4;75;<id:q1>;<id:q1>;expectedness5;97;submit;weiter
id;eluh4ta6l0agoqf4c3643amm56;ip;176.199.7.167;time(s);16.371.415.942.748;data;<id:c1-t7>;<id:c1-t7>;<id:irr>;<id:irr>;expectedness1;0;<id:pq1>;<id:pq1>;expectedness2;73;<id:pq2>;<id:pq2>;expectedness3;73;<id:then>;<id:then>;expectedness4;74;<id:pq3>;<id:pq3>;expectedness5;0;submit;weiter
id;eluh4ta6l0agoqf4c3643amm56;ip;176.199.7.167;time(s);16.371.416.100.285;data;<id:c1-t3>;<id:c1-t3>;<id:pq3>;<id:pq3>;expectedness1;0;<id:pq1>;<id:pq1>;expectedness2;54;<id:irr>;<id:irr>;expectedness3;0;<id:pq2>;<id:pq2>;expectedness4;42;<id:then>;<id:then>;expectedness5;79;submit;weiter
id;eluh4ta6l0agoqf4c3643amm56;ip;176.199.7.167;time(s);16.371.416.257.407;data;<id:f8>;<id:f8>;<id:q2>;<id:q2>;expectedness1;68;<id:q5>;<id:q5>;expectedness2;0;<id:q3>;<id:q3>;expectedness3;78;<id:q4>;<id:q4>;expectedness4;46;<id:q1>;<id:q1>;expectedness5;72;submit;weiter
id;eluh4ta6l0agoqf4c3643amm56;ip;176.199.7.167;time(s);16.371.416.483.445;data;<id:f9>;<id:f9>;<id:q2>;<id:q2>;expectedness1;91;<id:q4>;<id:q4>;expectedness2;64;<id:q5>;<id:q5>;expectedness3;65;<id:q3>;<id:q3>;expectedness4;58;<id:q1>;<id:q1>;expectedness5;85;submit;weiter
id;eluh4ta6l0agoqf4c3643amm56;ip;176.199.7.167;time(s);16.371.416.654.691;data;<id:c1-t8>;<id:c1-t8>;<id:irr>;<id:irr>;expectedness1;0;<id:pq2>;<id:pq2>;expectedness2;64;<id:pq3>;<id:pq3>;expectedness3;0;<id:then>;<id:then>;expectedness4;84;<id:pq1>;<id:pq1>;expectedness5;77;submit;weiter
id;eluh4ta6l0agoqf4c3643amm56;ip;176.199.7.167;time(s);16.371.416.860.633;data;<id:c3-t14>;<id:c3-t14>;<id:pq2>;<id:pq2>;expectedness1;47;<id:pq1>;<id:pq1>;expectedness2;68;<id:pq3>;<id:pq3>;expectedness3;0;<id:irr>;<id:irr>;expectedness4;0;<id:then>;<id:then>;expectedness5;80;submit;weiter
id;eluh4ta6l0agoqf4c3643amm56;ip;176.199.7.167;time(s);16.371.417.021.619;data;<id:f11>;<id:f11>;<id:q3>;<id:q3>;expectedness1;0;<id:q2>;<id:q2>;expectedness2;94;<id:q1>;<id:q1>;expectedness3;87;<id:q5>;<id:q5>;expectedness4;0;<id:q4>;<id:q4>;expectedness5;85;submit;weiter
id;eluh4ta6l0agoqf4c3643amm56;ip;176.199.7.167;time(s);16.371.417.140.126;data;<id:f3>;<id:f3>;<id:q3>;<id:q3>;expectedness1;54;<id:q1>;<id:q1>;expectedness2;100;<id:q5>;<id:q5>;expectedness3;0;<id:q2>;<id:q2>;expectedness4;68;<id:q4>;<id:q4>;expectedness5;0;submit;weiter
id;eluh4ta6l0agoqf4c3643amm56;ip;176.199.7.167;time(s);16.371.417.284.003;data;<id:f4>;<id:f4>;<id:q1>;<id:q1>;expectedness1;100;<id:q5>;<id:q5>;expectedness2;55;<id:q3>;<id:q3>;expectedness3;53;<id:q4>;<id:q4>;expectedness4;11;<id:q2>;<id:q2>;expectedness5;27;submit;weiter
id;eluh4ta6l0agoqf4c3643amm56;ip;176.199.7.167;time(s);16.371.417.534.315;data;<id:f5>;<id:f5>;<id:q5>;<id:q5>;expectedness1;39;<id:q3>;<id:q3>;expectedness2;48;<id:q4>;<id:q4>;expectedness3;31;<id:q1>;<id:q1>;expectedness4;60;<id:q2>;<id:q2>;expectedness5;76;submit;weiter
id;eluh4ta6l0agoqf4c3643amm56;ip;176.199.7.167;time(s);16.371.417.728.578;data;<id:c3-t15>;<id:c3-t15>;<id:pq1>;<id:pq1>;expectedness1;70;<id:pq3>;<id:pq3>;expectedness2;77;<id:pq2>;<id:pq2>;expectedness3;58;<id:then>;<id:then>;expectedness4;100;<id:irr>;<id:irr>;expectedness5;0;submit;weiter
id;eluh4ta6l0agoqf4c3643amm56;ip;176.199.7.167;time(s);16.371.417.921.177;data;<id:c3-t10>;<id:c3-t10>;<id:pq3>;<id:pq3>;expectedness1;73;<id:pq2>;<id:pq2>;expectedness2;75;<id:pq1>;<id:pq1>;expectedness3;35;<id:irr>;<id:irr>;expectedness4;0;<id:then>;<id:then>;expectedness5;94;submit;weiter
id;eluh4ta6l0agoqf4c3643amm56;ip;176.199.7.167;time(s);16.371.418.075.412;data;<id:c1-t4>;<id:c1-t4>;<id:pq3>;<id:pq3>;expectedness1;0;<id:pq1>;<id:pq1>;expectedness2;73;<id:pq2>;<id:pq2>;expectedness3;0;<id:then>;<id:then>;expectedness4;100;<id:irr>;<id:irr>;expectedness5;0;submit;weiter
id;eluh4ta6l0agoqf4c3643amm56;ip;176.199.7.167;time(s);16.371.418.239.450;data;<id:c3-t12>;<id:c3-t12>;<id:pq2>;<id:pq2>;expectedness1;61;<id:then>;<id:then>;expectedness2;96;<id:pq3>;<id:pq3>;expectedness3;74;<id:pq1>;<id:pq1>;expectedness4;36;<id:irr>;<id:irr>;expectedness5;0;submit;weiter
id;eluh4ta6l0agoqf4c3643amm56;ip;176.199.7.167;time(s);16.371.418.379.536;data;<id:f6>;<id:f6>;<id:q5>;<id:q5>;expectedness1;65;<id:q3>;<id:q3>;expectedness2;80;<id:q2>;<id:q2>;expectedness3;99;<id:q4>;<id:q4>;expectedness4;0;<id:q1>;<id:q1>;expectedness5;85;submit;weiter
id;eluh4ta6l0agoqf4c3643amm56;ip;176.199.7.167;time(s);16.371.418.622.601;data;<id:f1>;<id:f1>;<id:q3>;<id:q3>;expectedness1;87;<id:q5>;<id:q5>;expectedness2;0;<id:q1>;<id:q1>;expectedness3;0;<id:q4>;<id:q4>;expectedness4;83;<id:q2>;<id:q2>;expectedness5;75;submit;weiter
id;eluh4ta6l0agoqf4c3643amm56;ip;176.199.7.167;time(s);16.371.418.727.378;data;<id:c1-t2>;<id:c1-t2>;<id:pq1>;<id:pq1>;expectedness1;65;<id:pq3>;<id:pq3>;expectedness2;0;<id:pq2>;<id:pq2>;expectedness3;74;<id:irr>;<id:irr>;expectedness4;0;<id:then>;<id:then>;expectedness5;95;submit;weiter
id;eluh4ta6l0agoqf4c3643amm56;ip;176.199.7.167;time(s);16.371.418.876.823;data;<id:c1-t1>;<id:c1-t1>;<id:then>;<id:then>;expectedness1;81;<id:pq2>;<id:pq2>;expectedness2;81;<id:irr>;<id:irr>;expectedness3;0;<id:pq3>;<id:pq3>;expectedness4;24;<id:pq1>;<id:pq1>;expectedness5;88;submit;weiter
id;eluh4ta6l0agoqf4c3643amm56;ip;176.199.7.167;time(s);16.371.419.069.902;data;<id:c3-t9>;<id:c3-t9>;<id:pq2>;<id:pq2>;expectedness1;47;<id:pq1>;<id:pq1>;expectedness2;48;<id:pq3>;<id:pq3>;expectedness3;86;<id:irr>;<id:irr>;expectedness4;0;<id:then>;<id:then>;expectedness5;93;submit;weiter
id;eluh4ta6l0agoqf4c3643amm56;ip;176.199.7.167;time(s);16.371.419.210.044;data;<id:c1-t5>;<id:c1-t5>;<id:pq2>;<id:pq2>;expectedness1;83;<id:pq3>;<id:pq3>;expectedness2;0;<id:pq1>;<id:pq1>;expectedness3;84;<id:irr>;<id:irr>;expectedness4;0;<id:then>;<id:then>;expectedness5;94;submit;weiter
id;eluh4ta6l0agoqf4c3643amm56;ip;176.199.7.167;time(s);16.371.419.445.211;data;<id:c3-t13>;<id:c3-t13>;<id:pq1>;<id:pq1>;expectedness1;34;<id:then>;<id:then>;expectedness2;89;<id:pq3>;<id:pq3>;expectedness3;97;<id:pq2>;<id:pq2>;expectedness4;0;<id:irr>;<id:irr>;expectedness5;0;submit;weiter
id;eluh4ta6l0agoqf4c3643amm56;ip;176.199.7.167;time(s);16.371.419.606.583;data;<id:f13>;<id:f13>;<id:q4>;<id:q4>;expectedness1;100;<id:q2>;<id:q2>;expectedness2;53;<id:q1>;<id:q1>;expectedness3;100;<id:q5>;<id:q5>;expectedness4;0;<id:q3>;<id:q3>;expectedness5;49;submit;weiter
id;eluh4ta6l0agoqf4c3643amm56;ip;176.199.7.167;time(s);16.371.419.769.878;data;<id:prolificID>;<id:prolificID>;prolificID;6047160c7861011a33829c25;<id:age>;<id:age>;age;29;<id:sex>;<id:sex>;sex;male;<id:edu>;<id:edu>;edu;Master;<id:natLang>;<id:natLang>;natLang;Deutsch;submit;weiter;;
id;eluh4ta6l0agoqf4c3643amm56;ip;176.199.7.167;time(s);16.371.419.787.659;data;feedback;;;;;;;;;;;;;;;;;;;;;;;
id;fr9ofphi3934sn598cjbm6bgs5;ip;80.120.42.210;time(s);16.371.414.984.260;data;submit;Ich möchte an dem Experiment teilnehmen!;;;;;;;;;;;;;;;;;;;;;;
id;fr9ofphi3934sn598cjbm6bgs5;ip;80.120.42.210;time(s);16.371.416.024.578;data;expectedness1;100;expectedness2;0;expectedness3;0;expectedness4;0;expectedness5;100;submit;Experiment starten;;;;;;;;;;;;
id;fr9ofphi3934sn598cjbm6bgs5;ip;80.120.42.210;time(s);16.371.416.159.466;data;<id:f4>;<id:f4>;<id:q5>;<id:q5>;expectedness1;0;<id:q4>;<id:q4>;expectedness2;0;<id:q1>;<id:q1>;expectedness3;100;<id:q2>;<id:q2>;expectedness4;0;<id:q3>;<id:q3>;expectedness5;100;submit;weiter
id;fr9ofphi3934sn598cjbm6bgs5;ip;80.120.42.210;time(s);16.371.417.258.303;data;<id:f2>;<id:f2>;<id:q1>;<id:q1>;expectedness1;78;<id:q3>;<id:q3>;expectedness2;100;<id:q5>;<id:q5>;expectedness3;0;<id:q2>;<id:q2>;expectedness4;0;<id:q4>;<id:q4>;expectedness5;32;submit;weiter
id;fr9ofphi3934sn598cjbm6bgs5;ip;80.120.42.210;time(s);16.371.417.597.851;data;<id:f8>;<id:f8>;<id:q2>;<id:q2>;expectedness1;24;<id:q5>;<id:q5>;expectedness2;0;<id:q1>;<id:q1>;expectedness3;81;<id:q4>;<id:q4>;expectedness4;56;<id:q3>;<id:q3>;expectedness5;100;submit;weiter
id;fr9ofphi3934sn598cjbm6bgs5;ip;80.120.42.210;time(s);16.371.418.105.936;data;<id:c1-t2>;<id:c1-t2>;<id:then>;<id:then>;expectedness1;54;<id:pq1>;<id:pq1>;expectedness2;100;<id:irr>;<id:irr>;expectedness3;0;<id:pq3>;<id:pq3>;expectedness4;0;<id:pq2>;<id:pq2>;expectedness5;100;submit;weiter
id;fr9ofphi3934sn598cjbm6bgs5;ip;80.120.42.210;time(s);16.371.418.350.429;data;<id:c1-t4>;<id:c1-t4>;<id:irr>;<id:irr>;expectedness1;0;<id:pq1>;<id:pq1>;expectedness2;68;<id:pq3>;<id:pq3>;expectedness3;80;<id:then>;<id:then>;expectedness4;80;<id:pq2>;<id:pq2>;expectedness5;0;submit;weiter
id;fr9ofphi3934sn598cjbm6bgs5;ip;80.120.42.210;time(s);16.371.418.631.373;data;<id:f1>;<id:f1>;<id:q2>;<id:q2>;expectedness1;48;<id:q4>;<id:q4>;expectedness2;69;<id:q1>;<id:q1>;expectedness3;12;<id:q5>;<id:q5>;expectedness4;0;<id:q3>;<id:q3>;expectedness5;100;submit;weiter
id;fr9ofphi3934sn598cjbm6bgs5;ip;80.120.42.210;time(s);16.371.418.658.519;data;<id:f11>;<id:f11>;<id:q2>;<id:q2>;expectedness1;0;<id:q5>;<id:q5>;expectedness2;0;<id:q4>;<id:q4>;expectedness3;0;<id:q1>;<id:q1>;expectedness4;0;<id:q3>;<id:q3>;expectedness5;0;submit;weiter
id;fr9ofphi3934sn598cjbm6bgs5;ip;80.120.42.210;time(s);16.371.419.070.117;data;<id:f3>;<id:f3>;<id:q2>;<id:q2>;expectedness1;100;<id:q1>;<id:q1>;expectedness2;100;<id:q5>;<id:q5>;expectedness3;0;<id:q4>;<id:q4>;expectedness4;0;<id:q3>;<id:q3>;expectedness5;60;submit;weiter
id;fr9ofphi3934sn598cjbm6bgs5;ip;80.120.42.210;time(s);16.371.419.265.734;data;<id:c1-t6>;<id:c1-t6>;<id:pq1>;<id:pq1>;expectedness1;83;<id:irr>;<id:irr>;expectedness2;0;<id:pq3>;<id:pq3>;expectedness3;56;<id:then>;<id:then>;expectedness4;100;<id:pq2>;<id:pq2>;expectedness5;50;submit;weiter
id;fr9ofphi3934sn598cjbm6bgs5;ip;80.120.42.210;time(s);16.371.419.471.566;data;<id:c3-t16>;<id:c3-t16>;<id:then>;<id:then>;expectedness1;0;<id:pq3>;<id:pq3>;expectedness2;68;<id:irr>;<id:irr>;expectedness3;0;<id:pq1>;<id:pq1>;expectedness4;86;<id:pq2>;<id:pq2>;expectedness5;46;submit;weiter
id;fr9ofphi3934sn598cjbm6bgs5;ip;80.120.42.210;time(s);16.371.419.805.708;data;<id:c3-t14>;<id:c3-t14>;<id:pq2>;<id:pq2>;expectedness1;26;<id:pq1>;<id:pq1>;expectedness2;49;<id:pq3>;<id:pq3>;expectedness3;83;<id:then>;<id:then>;expectedness4;100;<id:irr>;<id:irr>;expectedness5;0;submit;weiter
id;fr9ofphi3934sn598cjbm6bgs5;ip;80.120.42.210;time(s);16.371.420.107.171;data;<id:c1-t8>;<id:c1-t8>;<id:irr>;<id:irr>;expectedness1;0;<id:then>;<id:then>;expectedness2;83;<id:pq1>;<id:pq1>;expectedness3;97;<id:pq2>;<id:pq2>;expectedness4;33;<id:pq3>;<id:pq3>;expectedness5;0;submit;weiter
id;fr9ofphi3934sn598cjbm6bgs5;ip;80.120.42.210;time(s);16.371.420.266.858;data;<id:c1-t1>;<id:c1-t1>;<id:pq3>;<id:pq3>;expectedness1;0;<id:pq2>;<id:pq2>;expectedness2;80;<id:then>;<id:then>;expectedness3;100;<id:irr>;<id:irr>;expectedness4;0;<id:pq1>;<id:pq1>;expectedness5;36;submit;weiter
id;fr9ofphi3934sn598cjbm6bgs5;ip;80.120.42.210;time(s);16.371.420.529.541;data;<id:f5>;<id:f5>;<id:q3>;<id:q3>;expectedness1;65;<id:q1>;<id:q1>;expectedness2;51;<id:q5>;<id:q5>;expectedness3;82;<id:q2>;<id:q2>;expectedness4;34;<id:q4>;<id:q4>;expectedness5;0;submit;weiter
id;fr9ofphi3934sn598cjbm6bgs5;ip;80.120.42.210;time(s);16.371.420.766.797;data;<id:c1-t7>;<id:c1-t7>;<id:then>;<id:then>;expectedness1;100;<id:pq1>;<id:pq1>;expectedness2;54;<id:pq2>;<id:pq2>;expectedness3;82;<id:irr>;<id:irr>;expectedness4;0;<id:pq3>;<id:pq3>;expectedness5;0;submit;weiter
id;fr9ofphi3934sn598cjbm6bgs5;ip;80.120.42.210;time(s);16.371.421.266.950;data;<id:f12>;<id:f12>;<id:q3>;<id:q3>;expectedness1;75;<id:q5>;<id:q5>;expectedness2;0;<id:q1>;<id:q1>;expectedness3;100;<id:q2>;<id:q2>;expectedness4;57;<id:q4>;<id:q4>;expectedness5;0;submit;weiter
id;fr9ofphi3934sn598cjbm6bgs5;ip;80.120.42.210;time(s);16.371.421.454.500;data;<id:f14>;<id:f14>;<id:q2>;<id:q2>;expectedness1;83;<id:q5>;<id:q5>;expectedness2;0;<id:q3>;<id:q3>;expectedness3;46;<id:q4>;<id:q4>;expectedness4;0;<id:q1>;<id:q1>;expectedness5;98;submit;weiter
id;fr9ofphi3934sn598cjbm6bgs5;ip;80.120.42.210;time(s);16.371.421.621.711;data;<id:c1-t5>;<id:c1-t5>;<id:pq3>;<id:pq3>;expectedness1;73;<id:then>;<id:then>;expectedness2;94;<id:pq1>;<id:pq1>;expectedness3;66;<id:pq2>;<id:pq2>;expectedness4;99;<id:irr>;<id:irr>;expectedness5;0;submit;weiter
id;fr9ofphi3934sn598cjbm6bgs5;ip;80.120.42.210;time(s);16.371.421.930.706;data;<id:f7>;<id:f7>;<id:q3>;<id:q3>;expectedness1;0;<id:q5>;<id:q5>;expectedness2;0;<id:q4>;<id:q4>;expectedness3;86;<id:q1>;<id:q1>;expectedness4;0;<id:q2>;<id:q2>;expectedness5;95;submit;weiter
id;fr9ofphi3934sn598cjbm6bgs5;ip;80.120.42.210;time(s);16.371.422.182.994;data;<id:f10>;<id:f10>;<id:q1>;<id:q1>;expectedness1;0;<id:q5>;<id:q5>;expectedness2;90;<id:q4>;<id:q4>;expectedness3;88;<id:q2>;<id:q2>;expectedness4;0;<id:q3>;<id:q3>;expectedness5;0;submit;weiter
id;fr9ofphi3934sn598cjbm6bgs5;ip;80.120.42.210;time(s);16.371.422.370.645;data;<id:c3-t12>;<id:c3-t12>;<id:pq2>;<id:pq2>;expectedness1;48;<id:irr>;<id:irr>;expectedness2;0;<id:pq1>;<id:pq1>;expectedness3;99;<id:then>;<id:then>;expectedness4;0;<id:pq3>;<id:pq3>;expectedness5;94;submit;weiter
id;fr9ofphi3934sn598cjbm6bgs5;ip;80.120.42.210;time(s);16.371.422.505.579;data;<id:c3-t9>;<id:c3-t9>;<id:irr>;<id:irr>;expectedness1;0;<id:then>;<id:then>;expectedness2;84;<id:pq2>;<id:pq2>;expectedness3;95;<id:pq3>;<id:pq3>;expectedness4;84;<id:pq1>;<id:pq1>;expectedness5;85;submit;weiter
id;fr9ofphi3934sn598cjbm6bgs5;ip;80.120.42.210;time(s);16.371.422.656.758;data;<id:c3-t10>;<id:c3-t10>;<id:then>;<id:then>;expectedness1;0;<id:irr>;<id:irr>;expectedness2;0;<id:pq3>;<id:pq3>;expectedness3;89;<id:pq1>;<id:pq1>;expectedness4;28;<id:pq2>;<id:pq2>;expectedness5;84;submit;weiter
id;fr9ofphi3934sn598cjbm6bgs5;ip;80.120.42.210;time(s);16.371.422.888.159;data;<id:f9>;<id:f9>;<id:q5>;<id:q5>;expectedness1;71;<id:q1>;<id:q1>;expectedness2;93;<id:q3>;<id:q3>;expectedness3;0;<id:q4>;<id:q4>;expectedness4;46;<id:q2>;<id:q2>;expectedness5;73;submit;weiter
id;fr9ofphi3934sn598cjbm6bgs5;ip;80.120.42.210;time(s);16.371.423.242.901;data;<id:f13>;<id:f13>;<id:q1>;<id:q1>;expectedness1;88;<id:q5>;<id:q5>;expectedness2;0;<id:q2>;<id:q2>;expectedness3;70;<id:q3>;<id:q3>;expectedness4;71;<id:q4>;<id:q4>;expectedness5;20;submit;weiter
id;fr9ofphi3934sn598cjbm6bgs5;ip;80.120.42.210;time(s);16.371.423.396.826;data;<id:f6>;<id:f6>;<id:q3>;<id:q3>;expectedness1;0;<id:q1>;<id:q1>;expectedness2;75;<id:q2>;<id:q2>;expectedness3;98;<id:q4>;<id:q4>;expectedness4;0;<id:q5>;<id:q5>;expectedness5;0;submit;weiter
id;fr9ofphi3934sn598cjbm6bgs5;ip;80.120.42.210;time(s);16.371.423.667.194;data;<id:c3-t13>;<id:c3-t13>;<id:then>;<id:then>;expectedness1;0;<id:pq1>;<id:pq1>;expectedness2;87;<id:pq3>;<id:pq3>;expectedness3;98;<id:pq2>;<id:pq2>;expectedness4;60;<id:irr>;<id:irr>;expectedness5;0;submit;weiter
id;fr9ofphi3934sn598cjbm6bgs5;ip;80.120.42.210;time(s);16.371.423.841.701;data;<id:c3-t11>;<id:c3-t11>;<id:irr>;<id:irr>;expectedness1;0;<id:pq1>;<id:pq1>;expectedness2;78;<id:pq3>;<id:pq3>;expectedness3;30;<id:pq2>;<id:pq2>;expectedness4;55;<id:then>;<id:then>;expectedness5;94;submit;weiter
id;fr9ofphi3934sn598cjbm6bgs5;ip;80.120.42.210;time(s);16.371.424.197.926;data;<id:c1-t3>;<id:c1-t3>;<id:pq3>;<id:pq3>;expectedness1;0;<id:pq1>;<id:pq1>;expectedness2;90;<id:irr>;<id:irr>;expectedness3;0;<id:then>;<id:then>;expectedness4;82;<id:pq2>;<id:pq2>;expectedness5;39;submit;weiter
id;fr9ofphi3934sn598cjbm6bgs5;ip;80.120.42.210;time(s);16.371.424.405.573;data;<id:c3-t15>;<id:c3-t15>;<id:pq3>;<id:pq3>;expectedness1;77;<id:pq2>;<id:pq2>;expectedness2;82;<id:irr>;<id:irr>;expectedness3;0;<id:pq1>;<id:pq1>;expectedness4;0;<id:then>;<id:then>;expectedness5;100;submit;weiter
id;fr9ofphi3934sn598cjbm6bgs5;ip;80.120.42.210;time(s);16.371.424.596.342;data;<id:prolificID>;<id:prolificID>;prolificID;5e48afb1a68f6b347dabe7e3;<id:age>;<id:age>;age;29;<id:sex>;<id:sex>;sex;male;<id:edu>;<id:edu>;edu;Bachelor;<id:natLang>;<id:natLang>;natLang;Deutsch;submit;weiter;;
id;fr9ofphi3934sn598cjbm6bgs5;ip;80.120.42.210;time(s);16.371.424.620.498;data;feedback;;;;;;;;;;;;;;;;;;;;;;;
id;mm63pp0gtbb5qt6ljj83qbe5t1;ip;89.217.162.239;time(s);16.371.419.425.627;data;submit;Ich möchte an dem Experiment teilnehmen!;;;;;;;;;;;;;;;;;;;;;;
id;mm63pp0gtbb5qt6ljj83qbe5t1;ip;89.217.162.239;time(s);16.371.419.863.221;data;expectedness1;90;expectedness2;48;expectedness3;15;expectedness4;0;expectedness5;60;submit;Experiment starten;;;;;;;;;;;;
id;mm63pp0gtbb5qt6ljj83qbe5t1;ip;89.217.162.239;time(s);16.371.420.181.061;data;<id:f13>;<id:f13>;<id:q5>;<id:q5>;expectedness1;4;<id:q2>;<id:q2>;expectedness2;42;<id:q4>;<id:q4>;expectedness3;88;<id:q3>;<id:q3>;expectedness4;34;<id:q1>;<id:q1>;expectedness5;100;submit;weiter
id;mm63pp0gtbb5qt6ljj83qbe5t1;ip;89.217.162.239;time(s);16.371.420.405.290;data;<id:c3-t15>;<id:c3-t15>;<id:irr>;<id:irr>;expectedness1;0;<id:pq2>;<id:pq2>;expectedness2;100;<id:pq1>;<id:pq1>;expectedness3;28;<id:pq3>;<id:pq3>;expectedness4;100;<id:then>;<id:then>;expectedness5;100;submit;weiter
id;mm63pp0gtbb5qt6ljj83qbe5t1;ip;89.217.162.239;time(s);16.371.420.639.111;data;<id:f5>;<id:f5>;<id:q4>;<id:q4>;expectedness1;51;<id:q5>;<id:q5>;expectedness2;3;<id:q3>;<id:q3>;expectedness3;51;<id:q2>;<id:q2>;expectedness4;51;<id:q1>;<id:q1>;expectedness5;51;submit;weiter
id;mm63pp0gtbb5qt6ljj83qbe5t1;ip;89.217.162.239;time(s);16.371.420.839.737;data;<id:c1-t2>;<id:c1-t2>;<id:irr>;<id:irr>;expectedness1;0;<id:pq1>;<id:pq1>;expectedness2;66;<id:then>;<id:then>;expectedness3;93;<id:pq3>;<id:pq3>;expectedness4;6;<id:pq2>;<id:pq2>;expectedness5;92;submit;weiter
id;mm63pp0gtbb5qt6ljj83qbe5t1;ip;89.217.162.239;time(s);16.371.421.042.394;data;<id:f9>;<id:f9>;<id:q5>;<id:q5>;expectedness1;15;<id:q4>;<id:q4>;expectedness2;42;<id:q1>;<id:q1>;expectedness3;58;<id:q3>;<id:q3>;expectedness4;45;<id:q2>;<id:q2>;expectedness5;100;submit;weiter
id;mm63pp0gtbb5qt6ljj83qbe5t1;ip;89.217.162.239;time(s);16.371.421.206.283;data;<id:c3-t11>;<id:c3-t11>;<id:pq1>;<id:pq1>;expectedness1;45;<id:then>;<id:then>;expectedness2;46;<id:pq3>;<id:pq3>;expectedness3;58;<id:pq2>;<id:pq2>;expectedness4;34;<id:irr>;<id:irr>;expectedness5;0;submit;weiter
id;mm63pp0gtbb5qt6ljj83qbe5t1;ip;89.217.162.239;time(s);16.371.421.422.969;data;<id:f11>;<id:f11>;<id:q4>;<id:q4>;expectedness1;0;<id:q1>;<id:q1>;expectedness2;9;<id:q3>;<id:q3>;expectedness3;11;<id:q2>;<id:q2>;expectedness4;100;<id:q5>;<id:q5>;expectedness5;0;submit;weiter
id;mm63pp0gtbb5qt6ljj83qbe5t1;ip;89.217.162.239;time(s);16.371.421.580.576;data;<id:f2>;<id:f2>;<id:q1>;<id:q1>;expectedness1;73;<id:q2>;<id:q2>;expectedness2;76;<id:q3>;<id:q3>;expectedness3;75;<id:q5>;<id:q5>;expectedness4;73;<id:q4>;<id:q4>;expectedness5;77;submit;weiter
id;mm63pp0gtbb5qt6ljj83qbe5t1;ip;89.217.162.239;time(s);16.371.421.748.710;data;<id:f12>;<id:f12>;<id:q4>;<id:q4>;expectedness1;9;<id:q1>;<id:q1>;expectedness2;70;<id:q5>;<id:q5>;expectedness3;7;<id:q2>;<id:q2>;expectedness4;68;<id:q3>;<id:q3>;expectedness5;73;submit;weiter
id;mm63pp0gtbb5qt6ljj83qbe5t1;ip;89.217.162.239;time(s);16.371.421.945.026;data;<id:c3-t14>;<id:c3-t14>;<id:pq2>;<id:pq2>;expectedness1;30;<id:pq3>;<id:pq3>;expectedness2;68;<id:irr>;<id:irr>;expectedness3;0;<id:then>;<id:then>;expectedness4;79;<id:pq1>;<id:pq1>;expectedness5;69;submit;weiter
id;mm63pp0gtbb5qt6ljj83qbe5t1;ip;89.217.162.239;time(s);16.371.422.087.372;data;<id:c1-t1>;<id:c1-t1>;<id:pq1>;<id:pq1>;expectedness1;91;<id:pq3>;<id:pq3>;expectedness2;57;<id:irr>;<id:irr>;expectedness3;0;<id:then>;<id:then>;expectedness4;91;<id:pq2>;<id:pq2>;expectedness5;91;submit;weiter
id;mm63pp0gtbb5qt6ljj83qbe5t1;ip;89.217.162.239;time(s);16.371.422.219.290;data;<id:c1-t6>;<id:c1-t6>;<id:pq1>;<id:pq1>;expectedness1;95;<id:irr>;<id:irr>;expectedness2;0;<id:pq3>;<id:pq3>;expectedness3;85;<id:pq2>;<id:pq2>;expectedness4;53;<id:then>;<id:then>;expectedness5;97;submit;weiter
id;mm63pp0gtbb5qt6ljj83qbe5t1;ip;89.217.162.239;time(s);16.371.422.378.381;data;<id:c3-t13>;<id:c3-t13>;<id:pq1>;<id:pq1>;expectedness1;63;<id:then>;<id:then>;expectedness2;61;<id:pq3>;<id:pq3>;expectedness3;99;<id:pq2>;<id:pq2>;expectedness4;71;<id:irr>;<id:irr>;expectedness5;0;submit;weiter
id;mm63pp0gtbb5qt6ljj83qbe5t1;ip;89.217.162.239;time(s);16.371.422.518.329;data;<id:c3-t12>;<id:c3-t12>;<id:pq1>;<id:pq1>;expectedness1;71;<id:irr>;<id:irr>;expectedness2;0;<id:pq2>;<id:pq2>;expectedness3;75;<id:pq3>;<id:pq3>;expectedness4;72;<id:then>;<id:then>;expectedness5;84;submit;weiter
id;mm63pp0gtbb5qt6ljj83qbe5t1;ip;89.217.162.239;time(s);16.371.422.693.197;data;<id:c3-t16>;<id:c3-t16>;<id:irr>;<id:irr>;expectedness1;0;<id:then>;<id:then>;expectedness2;88;<id:pq3>;<id:pq3>;expectedness3;100;<id:pq2>;<id:pq2>;expectedness4;23;<id:pq1>;<id:pq1>;expectedness5;93;submit;weiter
id;mm63pp0gtbb5qt6ljj83qbe5t1;ip;89.217.162.239;time(s);16.371.422.810.898;data;<id:f14>;<id:f14>;<id:q1>;<id:q1>;expectedness1;100;<id:q5>;<id:q5>;expectedness2;0;<id:q4>;<id:q4>;expectedness3;0;<id:q3>;<id:q3>;expectedness4;46;<id:q2>;<id:q2>;expectedness5;67;submit;weiter
id;mm63pp0gtbb5qt6ljj83qbe5t1;ip;89.217.162.239;time(s);16.371.422.975.774;data;<id:c1-t4>;<id:c1-t4>;<id:pq2>;<id:pq2>;expectedness1;54;<id:then>;<id:then>;expectedness2;99;<id:irr>;<id:irr>;expectedness3;0;<id:pq3>;<id:pq3>;expectedness4;20;<id:pq1>;<id:pq1>;expectedness5;100;submit;weiter
id;mm63pp0gtbb5qt6ljj83qbe5t1;ip;89.217.162.239;time(s);16.371.423.156.903;data;<id:f7>;<id:f7>;<id:q3>;<id:q3>;expectedness1;16;<id:q4>;<id:q4>;expectedness2;89;<id:q1>;<id:q1>;expectedness3;0;<id:q5>;<id:q5>;expectedness4;0;<id:q2>;<id:q2>;expectedness5;98;submit;weiter
id;mm63pp0gtbb5qt6ljj83qbe5t1;ip;89.217.162.239;time(s);16.371.423.287.552;data;<id:f6>;<id:f6>;<id:q3>;<id:q3>;expectedness1;0;<id:q2>;<id:q2>;expectedness2;100;<id:q5>;<id:q5>;expectedness3;77;<id:q4>;<id:q4>;expectedness4;0;<id:q1>;<id:q1>;expectedness5;100;submit;weiter
id;mm63pp0gtbb5qt6ljj83qbe5t1;ip;89.217.162.239;time(s);16.371.423.444.716;data;<id:f1>;<id:f1>;<id:q3>;<id:q3>;expectedness1;99;<id:q4>;<id:q4>;expectedness2;96;<id:q2>;<id:q2>;expectedness3;50;<id:q5>;<id:q5>;expectedness4;23;<id:q1>;<id:q1>;expectedness5;0;submit;weiter
id;mm63pp0gtbb5qt6ljj83qbe5t1;ip;89.217.162.239;time(s);16.371.423.618.461;data;<id:c1-t8>;<id:c1-t8>;<id:pq2>;<id:pq2>;expectedness1;54;<id:pq1>;<id:pq1>;expectedness2;64;<id:then>;<id:then>;expectedness3;100;<id:irr>;<id:irr>;expectedness4;0;<id:pq3>;<id:pq3>;expectedness5;0;submit;weiter
id;mm63pp0gtbb5qt6ljj83qbe5t1;ip;89.217.162.239;time(s);16.371.423.761.002;data;<id:f3>;<id:f3>;<id:q1>;<id:q1>;expectedness1;100;<id:q4>;<id:q4>;expectedness2;0;<id:q5>;<id:q5>;expectedness3;0;<id:q3>;<id:q3>;expectedness4;53;<id:q2>;<id:q2>;expectedness5;65;submit;weiter
id;mm63pp0gtbb5qt6ljj83qbe5t1;ip;89.217.162.239;time(s);16.371.423.884.072;data;<id:f8>;<id:f8>;<id:q4>;<id:q4>;expectedness1;37;<id:q1>;<id:q1>;expectedness2;95;<id:q2>;<id:q2>;expectedness3;99;<id:q3>;<id:q3>;expectedness4;94;<id:q5>;<id:q5>;expectedness5;0;submit;weiter
id;mm63pp0gtbb5qt6ljj83qbe5t1;ip;89.217.162.239;time(s);16.371.424.062.342;data;<id:c3-t10>;<id:c3-t10>;<id:irr>;<id:irr>;expectedness1;0;<id:then>;<id:then>;expectedness2;93;<id:pq3>;<id:pq3>;expectedness3;89;<id:pq1>;<id:pq1>;expectedness4;55;<id:pq2>;<id:pq2>;expectedness5;55;submit;weiter
id;mm63pp0gtbb5qt6ljj83qbe5t1;ip;89.217.162.239;time(s);16.371.424.176.082;data;<id:c1-t3>;<id:c1-t3>;<id:pq3>;<id:pq3>;expectedness1;0;<id:pq1>;<id:pq1>;expectedness2;99;<id:pq2>;<id:pq2>;expectedness3;0;<id:irr>;<id:irr>;expectedness4;0;<id:then>;<id:then>;expectedness5;100;submit;weiter
id;mm63pp0gtbb5qt6ljj83qbe5t1;ip;89.217.162.239;time(s);16.371.424.331.493;data;<id:c1-t5>;<id:c1-t5>;<id:irr>;<id:irr>;expectedness1;0;<id:pq1>;<id:pq1>;expectedness2;98;<id:pq3>;<id:pq3>;expectedness3;0;<id:then>;<id:then>;expectedness4;100;<id:pq2>;<id:pq2>;expectedness5;97;submit;weiter
id;mm63pp0gtbb5qt6ljj83qbe5t1;ip;89.217.162.239;time(s);16.371.424.500.973;data;<id:f10>;<id:f10>;<id:q3>;<id:q3>;expectedness1;24;<id:q2>;<id:q2>;expectedness2;22;<id:q1>;<id:q1>;expectedness3;100;<id:q5>;<id:q5>;expectedness4;100;<id:q4>;<id:q4>;expectedness5;99;submit;weiter
id;mm63pp0gtbb5qt6ljj83qbe5t1;ip;89.217.162.239;time(s);16.371.424.607.829;data;<id:c1-t7>;<id:c1-t7>;<id:irr>;<id:irr>;expectedness1;0;<id:pq2>;<id:pq2>;expectedness2;99;<id:pq3>;<id:pq3>;expectedness3;0;<id:then>;<id:then>;expectedness4;100;<id:pq1>;<id:pq1>;expectedness5;91;submit;weiter
id;mm63pp0gtbb5qt6ljj83qbe5t1;ip;89.217.162.239;time(s);16.371.424.730.936;data;<id:f4>;<id:f4>;<id:q1>;<id:q1>;expectedness1;99;<id:q5>;<id:q5>;expectedness2;15;<id:q2>;<id:q2>;expectedness3;0;<id:q4>;<id:q4>;expectedness4;0;<id:q3>;<id:q3>;expectedness5;100;submit;weiter
id;mm63pp0gtbb5qt6ljj83qbe5t1;ip;89.217.162.239;time(s);16.371.424.899.366;data;<id:c3-t9>;<id:c3-t9>;<id:pq3>;<id:pq3>;expectedness1;99;<id:then>;<id:then>;expectedness2;100;<id:irr>;<id:irr>;expectedness3;0;<id:pq1>;<id:pq1>;expectedness4;60;<id:pq2>;<id:pq2>;expectedness5;15;submit;weiter
id;mm63pp0gtbb5qt6ljj83qbe5t1;ip;89.217.162.239;time(s);16.371.425.241.034;data;<id:prolificID>;<id:prolificID>;prolificID;6155a5b04aa6934e2a7cb6b7;<id:age>;<id:age>;age;39;<id:sex>;<id:sex>;sex;male;<id:edu>;<id:edu>;edu;MSc VWL;<id:natLang>;<id:natLang>;natLang;Schweizerdeutsch;submit;weiter;;
id;mm63pp0gtbb5qt6ljj83qbe5t1;ip;89.217.162.239;time(s);16.371.425.262.329;data;feedback;;;;;;;;;;;;;;;;;;;;;;;
id;s6l6qfidgnfjha62eje409pj75;ip;91.114.67.170;time(s);16.371.408.915.168;data;submit;Ich möchte an dem Experiment teilnehmen!;;;;;;;;;;;;;;;;;;;;;;
id;s6l6qfidgnfjha62eje409pj75;ip;91.114.67.170;time(s);16.371.409.743.069;data;expectedness1;78;expectedness2;40;expectedness3;31;expectedness4;54;expectedness5;59;submit;Experiment starten;;;;;;;;;;;;
id;s6l6qfidgnfjha62eje409pj75;ip;91.114.67.170;time(s);16.371.409.955.785;data;<id:f14>;<id:f14>;<id:q3>;<id:q3>;expectedness1;44;<id:q5>;<id:q5>;expectedness2;56;<id:q1>;<id:q1>;expectedness3;85;<id:q2>;<id:q2>;expectedness4;52;<id:q4>;<id:q4>;expectedness5;27;submit;weiter
id;s6l6qfidgnfjha62eje409pj75;ip;91.114.67.170;time(s);16.371.410.175.445;data;<id:f8>;<id:f8>;<id:q2>;<id:q2>;expectedness1;79;<id:q1>;<id:q1>;expectedness2;78;<id:q5>;<id:q5>;expectedness3;12;<id:q4>;<id:q4>;expectedness4;72;<id:q3>;<id:q3>;expectedness5;89;submit;weiter
id;s6l6qfidgnfjha62eje409pj75;ip;91.114.67.170;time(s);16.371.410.398.007;data;<id:f11>;<id:f11>;<id:q4>;<id:q4>;expectedness1;15;<id:q1>;<id:q1>;expectedness2;29;<id:q5>;<id:q5>;expectedness3;11;<id:q3>;<id:q3>;expectedness4;38;<id:q2>;<id:q2>;expectedness5;85;submit;weiter
id;s6l6qfidgnfjha62eje409pj75;ip;91.114.67.170;time(s);16.371.410.745.027;data;<id:f6>;<id:f6>;<id:q2>;<id:q2>;expectedness1;85;<id:q3>;<id:q3>;expectedness2;31;<id:q5>;<id:q5>;expectedness3;24;<id:q4>;<id:q4>;expectedness4;17;<id:q1>;<id:q1>;expectedness5;85;submit;weiter
id;s6l6qfidgnfjha62eje409pj75;ip;91.114.67.170;time(s);16.371.411.067.866;data;<id:c3-t14>;<id:c3-t14>;<id:pq2>;<id:pq2>;expectedness1;64;<id:irr>;<id:irr>;expectedness2;17;<id:then>;<id:then>;expectedness3;85;<id:pq3>;<id:pq3>;expectedness4;17;<id:pq1>;<id:pq1>;expectedness5;60;submit;weiter
id;s6l6qfidgnfjha62eje409pj75;ip;91.114.67.170;time(s);16.371.411.417.101;data;<id:c3-t10>;<id:c3-t10>;<id:irr>;<id:irr>;expectedness1;13;<id:pq2>;<id:pq2>;expectedness2;57;<id:pq1>;<id:pq1>;expectedness3;58;<id:then>;<id:then>;expectedness4;61;<id:pq3>;<id:pq3>;expectedness5;76;submit;weiter
id;s6l6qfidgnfjha62eje409pj75;ip;91.114.67.170;time(s);16.371.411.564.618;data;<id:c1-t5>;<id:c1-t5>;<id:pq3>;<id:pq3>;expectedness1;36;<id:pq2>;<id:pq2>;expectedness2;75;<id:pq1>;<id:pq1>;expectedness3;58;<id:irr>;<id:irr>;expectedness4;8;<id:then>;<id:then>;expectedness5;68;submit;weiter
id;s6l6qfidgnfjha62eje409pj75;ip;91.114.67.170;time(s);16.371.411.775.171;data;<id:f9>;<id:f9>;<id:q5>;<id:q5>;expectedness1;53;<id:q1>;<id:q1>;expectedness2;76;<id:q4>;<id:q4>;expectedness3;64;<id:q3>;<id:q3>;expectedness4;47;<id:q2>;<id:q2>;expectedness5;63;submit;weiter
id;s6l6qfidgnfjha62eje409pj75;ip;91.114.67.170;time(s);16.371.411.946.445;data;<id:f1>;<id:f1>;<id:q4>;<id:q4>;expectedness1;52;<id:q2>;<id:q2>;expectedness2;38;<id:q3>;<id:q3>;expectedness3;58;<id:q5>;<id:q5>;expectedness4;51;<id:q1>;<id:q1>;expectedness5;49;submit;weiter
id;s6l6qfidgnfjha62eje409pj75;ip;91.114.67.170;time(s);16.371.412.111.843;data;<id:f2>;<id:f2>;<id:q2>;<id:q2>;expectedness1;68;<id:q1>;<id:q1>;expectedness2;66;<id:q4>;<id:q4>;expectedness3;74;<id:q3>;<id:q3>;expectedness4;66;<id:q5>;<id:q5>;expectedness5;76;submit;weiter
id;s6l6qfidgnfjha62eje409pj75;ip;91.114.67.170;time(s);16.371.412.254.251;data;<id:f13>;<id:f13>;<id:q5>;<id:q5>;expectedness1;52;<id:q4>;<id:q4>;expectedness2;63;<id:q3>;<id:q3>;expectedness3;44;<id:q1>;<id:q1>;expectedness4;60;<id:q2>;<id:q2>;expectedness5;72;submit;weiter
id;s6l6qfidgnfjha62eje409pj75;ip;91.114.67.170;time(s);16.371.412.435.539;data;<id:c3-t11>;<id:c3-t11>;<id:pq3>;<id:pq3>;expectedness1;60;<id:irr>;<id:irr>;expectedness2;20;<id:pq2>;<id:pq2>;expectedness3;69;<id:then>;<id:then>;expectedness4;63;<id:pq1>;<id:pq1>;expectedness5;72;submit;weiter
id;s6l6qfidgnfjha62eje409pj75;ip;91.114.67.170;time(s);16.371.413.021.302;data;<id:f3>;<id:f3>;<id:q5>;<id:q5>;expectedness1;17;<id:q3>;<id:q3>;expectedness2;73;<id:q1>;<id:q1>;expectedness3;50;<id:q2>;<id:q2>;expectedness4;64;<id:q4>;<id:q4>;expectedness5;22;submit;weiter
id;s6l6qfidgnfjha62eje409pj75;ip;91.114.67.170;time(s);16.371.413.198.320;data;<id:c1-t8>;<id:c1-t8>;<id:pq3>;<id:pq3>;expectedness1;52;<id:then>;<id:then>;expectedness2;64;<id:irr>;<id:irr>;expectedness3;17;<id:pq2>;<id:pq2>;expectedness4;65;<id:pq1>;<id:pq1>;expectedness5;76;submit;weiter
id;s6l6qfidgnfjha62eje409pj75;ip;91.114.67.170;time(s);16.371.413.329.531;data;<id:f12>;<id:f12>;<id:q1>;<id:q1>;expectedness1;64;<id:q3>;<id:q3>;expectedness2;70;<id:q4>;<id:q4>;expectedness3;31;<id:q5>;<id:q5>;expectedness4;9;<id:q2>;<id:q2>;expectedness5;59;submit;weiter
id;s6l6qfidgnfjha62eje409pj75;ip;91.114.67.170;time(s);16.371.413.440.719;data;<id:c1-t3>;<id:c1-t3>;<id:pq3>;<id:pq3>;expectedness1;20;<id:irr>;<id:irr>;expectedness2;0;<id:then>;<id:then>;expectedness3;74;<id:pq2>;<id:pq2>;expectedness4;67;<id:pq1>;<id:pq1>;expectedness5;81;submit;weiter
id;s6l6qfidgnfjha62eje409pj75;ip;91.114.67.170;time(s);16.371.413.565.560;data;<id:c1-t4>;<id:c1-t4>;<id:irr>;<id:irr>;expectedness1;4;<id:pq1>;<id:pq1>;expectedness2;75;<id:then>;<id:then>;expectedness3;67;<id:pq3>;<id:pq3>;expectedness4;81;<id:pq2>;<id:pq2>;expectedness5;73;submit;weiter
id;s6l6qfidgnfjha62eje409pj75;ip;91.114.67.170;time(s);16.371.413.739.251;data;<id:c3-t16>;<id:c3-t16>;<id:pq3>;<id:pq3>;expectedness1;80;<id:irr>;<id:irr>;expectedness2;12;<id:then>;<id:then>;expectedness3;17;<id:pq2>;<id:pq2>;expectedness4;59;<id:pq1>;<id:pq1>;expectedness5;72;submit;weiter
id;s6l6qfidgnfjha62eje409pj75;ip;91.114.67.170;time(s);16.371.413.925.052;data;<id:c3-t12>;<id:c3-t12>;<id:then>;<id:then>;expectedness1;17;<id:pq1>;<id:pq1>;expectedness2;70;<id:irr>;<id:irr>;expectedness3;12;<id:pq2>;<id:pq2>;expectedness4;51;<id:pq3>;<id:pq3>;expectedness5;82;submit;weiter
id;s6l6qfidgnfjha62eje409pj75;ip;91.114.67.170;time(s);16.371.414.092.800;data;<id:c3-t9>;<id:c3-t9>;<id:then>;<id:then>;expectedness1;66;<id:irr>;<id:irr>;expectedness2;9;<id:pq3>;<id:pq3>;expectedness3;76;<id:pq1>;<id:pq1>;expectedness4;61;<id:pq2>;<id:pq2>;expectedness5;66;submit;weiter
id;s6l6qfidgnfjha62eje409pj75;ip;91.114.67.170;time(s);16.371.414.213.950;data;<id:c1-t2>;<id:c1-t2>;<id:irr>;<id:irr>;expectedness1;6;<id:pq2>;<id:pq2>;expectedness2;77;<id:pq1>;<id:pq1>;expectedness3;75;<id:then>;<id:then>;expectedness4;79;<id:pq3>;<id:pq3>;expectedness5;52;submit;weiter
id;s6l6qfidgnfjha62eje409pj75;ip;91.114.67.170;time(s);16.371.414.374.878;data;<id:c1-t6>;<id:c1-t6>;<id:then>;<id:then>;expectedness1;73;<id:pq3>;<id:pq3>;expectedness2;68;<id:irr>;<id:irr>;expectedness3;3;<id:pq1>;<id:pq1>;expectedness4;72;<id:pq2>;<id:pq2>;expectedness5;64;submit;weiter
id;s6l6qfidgnfjha62eje409pj75;ip;91.114.67.170;time(s);16.371.414.512.925;data;<id:f4>;<id:f4>;<id:q3>;<id:q3>;expectedness1;74;<id:q2>;<id:q2>;expectedness2;17;<id:q1>;<id:q1>;expectedness3;82;<id:q5>;<id:q5>;expectedness4;83;<id:q4>;<id:q4>;expectedness5;51;submit;weiter
id;s6l6qfidgnfjha62eje409pj75;ip;91.114.67.170;time(s);16.371.414.662.781;data;<id:c3-t13>;<id:c3-t13>;<id:irr>;<id:irr>;expectedness1;10;<id:pq2>;<id:pq2>;expectedness2;28;<id:pq3>;<id:pq3>;expectedness3;76;<id:then>;<id:then>;expectedness4;39;<id:pq1>;<id:pq1>;expectedness5;60;submit;weiter
id;s6l6qfidgnfjha62eje409pj75;ip;91.114.67.170;time(s);16.371.414.922.087;data;<id:c3-t15>;<id:c3-t15>;<id:irr>;<id:irr>;expectedness1;10;<id:pq1>;<id:pq1>;expectedness2;60;<id:then>;<id:then>;expectedness3;33;<id:pq3>;<id:pq3>;expectedness4;53;<id:pq2>;<id:pq2>;expectedness5;75;submit;weiter
id;s6l6qfidgnfjha62eje409pj75;ip;91.114.67.170;time(s);16.371.415.055.541;data;<id:f10>;<id:f10>;<id:q4>;<id:q4>;expectedness1;79;<id:q1>;<id:q1>;expectedness2;52;<id:q3>;<id:q3>;expectedness3;67;<id:q2>;<id:q2>;expectedness4;62;<id:q5>;<id:q5>;expectedness5;70;submit;weiter
id;s6l6qfidgnfjha62eje409pj75;ip;91.114.67.170;time(s);16.371.415.238.133;data;<id:f5>;<id:f5>;<id:q1>;<id:q1>;expectedness1;49;<id:q2>;<id:q2>;expectedness2;47;<id:q5>;<id:q5>;expectedness3;55;<id:q3>;<id:q3>;expectedness4;49;<id:q4>;<id:q4>;expectedness5;57;submit;weiter
id;s6l6qfidgnfjha62eje409pj75;ip;91.114.67.170;time(s);16.371.415.363.938;data;<id:c1-t7>;<id:c1-t7>;<id:pq2>;<id:pq2>;expectedness1;70;<id:pq1>;<id:pq1>;expectedness2;57;<id:then>;<id:then>;expectedness3;67;<id:pq3>;<id:pq3>;expectedness4;10;<id:irr>;<id:irr>;expectedness5;7;submit;weiter
id;s6l6qfidgnfjha62eje409pj75;ip;91.114.67.170;time(s);16.371.415.501.611;data;<id:c1-t1>;<id:c1-t1>;<id:irr>;<id:irr>;expectedness1;7;<id:pq2>;<id:pq2>;expectedness2;70;<id:pq1>;<id:pq1>;expectedness3;69;<id:then>;<id:then>;expectedness4;63;<id:pq3>;<id:pq3>;expectedness5;74;submit;weiter
id;s6l6qfidgnfjha62eje409pj75;ip;91.114.67.170;time(s);16.371.415.639.473;data;<id:f7>;<id:f7>;<id:q5>;<id:q5>;expectedness1;35;<id:q3>;<id:q3>;expectedness2;9;<id:q4>;<id:q4>;expectedness3;67;<id:q2>;<id:q2>;expectedness4;72;<id:q1>;<id:q1>;expectedness5;10;submit;weiter
id;s6l6qfidgnfjha62eje409pj75;ip;91.114.67.170;time(s);16.371.415.871.438;data;<id:prolificID>;<id:prolificID>;prolificID;5e6c965de6c65a24727e1d08;<id:age>;<id:age>;age;31;<id:sex>;<id:sex>;sex;male;<id:edu>;<id:edu>;edu;Abitur;<id:natLang>;<id:natLang>;natLang;Deutsch;submit;weiter;;
id;s6l6qfidgnfjha62eje409pj75;ip;91.114.67.170;time(s);16.371.415.920.315;data;feedback;;;;;;;;;;;;;;;;;;;;;;;
