"id";"cond1";"cond2";"cond_q";"expec";"q2";"exp2";"q3";"exp3";"q4";"exp4";"q5";"exp5";"list.id";"list.X0iag69rtodu334o9o79qju9g32";"list.ip";"list.X77.191.48.140";"list.time.s.";"list.X16.377.461.064.498";"list.data";"list.submit";"list.Ich.m√.chte.an.dem.Experiment.teilnehmen.";"list.X";"list.X.1";"list.X.2";"list.X.3";"list.X.4";"list.X.5";"list.X.6";"list.X.7";"list.X.8";"list.X.9";"list.X.10";"list.X.11";"list.X.12";"list.X.13";"list.X.14";"list.X.15";"list.X.16";"list.X.17";"list.X.18";"list.X.19";"list.X.20";"list.X.21"
"0iag69rtodu334o9o79qju9g32";"<id:prolificID>";"<id:prolificID>";"60aa4c26dd5d8157a8027438";"<id:age>";"19";"<id:sex>";"male";"<id:edu>";"Abitur";"<id:natLang>";"deutsch";"weiter";id;0iag69rtodu334o9o79qju9g32;ip;77.191.48.140;time(s);16.377.468.331.899;data;<id:prolificID>;<id:prolificID>;prolificID;60aa4c26dd5d8157a8027438;<id:age>;<id:age>;age;19;<id:sex>;<id:sex>;sex;male;<id:edu>;<id:edu>;edu;Abitur;<id:natLang>;<id:natLang>;natLang;deutsch;submit;weiter;;
"0iag69rtodu334o9o79qju9g32";"feedback";"";"";"";"";"";"";"";"";"";"";"";id;0iag69rtodu334o9o79qju9g32;ip;77.191.48.140;time(s);16.377.468.403.752;data;feedback;;;;;;;;;;;;;;;;;;;;;;;
"0s4ocmjfa52hecqqa6ralh1lq6";"<id:prolificID>";"<id:prolificID>";"6093c5dc39760514172dbe74";"<id:age>";"28";"<id:sex>";"female";"<id:edu>";"Bachelor";"<id:natLang>";"deutsch";"weiter";id;0s4ocmjfa52hecqqa6ralh1lq6;ip;95.90.203.43;time(s);16.377.452.418.145;data;<id:prolificID>;<id:prolificID>;prolificID;6093c5dc39760514172dbe74;<id:age>;<id:age>;age;28;<id:sex>;<id:sex>;sex;female;<id:edu>;<id:edu>;edu;Bachelor;<id:natLang>;<id:natLang>;natLang;deutsch;submit;weiter;;
"0s4ocmjfa52hecqqa6ralh1lq6";"feedback";"";"";"";"";"";"";"";"";"";"";"";id;0s4ocmjfa52hecqqa6ralh1lq6;ip;95.90.203.43;time(s);16.377.452.546.516;data;feedback;;;;;;;;;;;;;;;;;;;;;;;
"2hgtjn6743mh6vh9a41d2qsem1";"<id:prolificID>";"<id:prolificID>";"60f1669a6563dc71aaa5990b";"<id:age>";"28";"<id:sex>";"female";"<id:edu>";"Master";"<id:natLang>";"Deutsch";"weiter";id;2hgtjn6743mh6vh9a41d2qsem1;ip;89.242.213.230;time(s);16.377.476.963.363;data;<id:prolificID>;<id:prolificID>;prolificID;60f1669a6563dc71aaa5990b;<id:age>;<id:age>;age;28;<id:sex>;<id:sex>;sex;female;<id:edu>;<id:edu>;edu;Master;<id:natLang>;<id:natLang>;natLang;Deutsch;submit;weiter;;
"2hgtjn6743mh6vh9a41d2qsem1";"feedback";"";"";"";"";"";"";"";"";"";"";"";id;2hgtjn6743mh6vh9a41d2qsem1;ip;89.242.213.230;time(s);16.377.476.980.328;data;feedback;;;;;;;;;;;;;;;;;;;;;;;
"2jk604hc37m9vkptru23hrio74";"<id:prolificID>";"<id:prolificID>";"6154512eca877599f2bc9d9d";"<id:age>";"24";"<id:sex>";"female";"<id:edu>";"Abitur";"<id:natLang>";"deutsch";"weiter";id;2jk604hc37m9vkptru23hrio74;ip;81.14.235.180;time(s);16.377.475.085.370;data;<id:prolificID>;<id:prolificID>;prolificID;6154512eca877599f2bc9d9d;<id:age>;<id:age>;age;24;<id:sex>;<id:sex>;sex;female;<id:edu>;<id:edu>;edu;Abitur;<id:natLang>;<id:natLang>;natLang;deutsch;submit;weiter;;
"2jk604hc37m9vkptru23hrio74";"feedback";"";"";"";"";"";"";"";"";"";"";"";id;2jk604hc37m9vkptru23hrio74;ip;81.14.235.180;time(s);16.377.475.136.376;data;feedback;;;;;;;;;;;;;;;;;;;;;;;
"2r4s0ehqkdoscjj4lk4rlbrpr0";"<id:prolificID>";"<id:prolificID>";"5c9b3126a586fd00154d5440";"<id:age>";"33";"<id:sex>";"female";"<id:edu>";"Master";"<id:natLang>";"Deutsch";"weiter";id;2r4s0ehqkdoscjj4lk4rlbrpr0;ip;92.4.7.208;time(s);16.377.460.174.424;data;<id:prolificID>;<id:prolificID>;prolificID;5c9b3126a586fd00154d5440;<id:age>;<id:age>;age;33;<id:sex>;<id:sex>;sex;female;<id:edu>;<id:edu>;edu;Master;<id:natLang>;<id:natLang>;natLang;Deutsch;submit;weiter;;
"2r4s0ehqkdoscjj4lk4rlbrpr0";"feedback";"";"";"";"";"";"";"";"";"";"";"";id;2r4s0ehqkdoscjj4lk4rlbrpr0;ip;92.4.7.208;time(s);16.377.460.210.754;data;feedback;;;;;;;;;;;;;;;;;;;;;;;
"3026gvnis4cqkne9tb1cva17u3";"<id:prolificID>";"<id:prolificID>";"56cb572b73cd5b0006f79acd";"<id:age>";"27";"<id:sex>";"female";"<id:edu>";"Realschulabschluss";"<id:natLang>";"Deutsch";"weiter";id;3026gvnis4cqkne9tb1cva17u3;ip;95.90.172.98;time(s);16.377.476.274.887;data;<id:prolificID>;<id:prolificID>;prolificID;56cb572b73cd5b0006f79acd;<id:age>;<id:age>;age;27;<id:sex>;<id:sex>;sex;female;<id:edu>;<id:edu>;edu;Realschulabschluss;<id:natLang>;<id:natLang>;natLang;Deutsch;submit;weiter;;
"3026gvnis4cqkne9tb1cva17u3";"feedback";"";"";"";"";"";"";"";"";"";"";"";id;3026gvnis4cqkne9tb1cva17u3;ip;95.90.172.98;time(s);16.377.476.304.187;data;feedback;;;;;;;;;;;;;;;;;;;;;;;
"3qj8bgr9seisuc0m43bp1pa3f7";"<id:prolificID>";"<id:prolificID>";"5bf3199ebe7c7300017b710a";"<id:age>";"37";"<id:sex>";"male";"<id:edu>";"Abitur";"<id:natLang>";"deutsch";"weiter";id;3qj8bgr9seisuc0m43bp1pa3f7;ip;94.134.91.210;time(s);16.377.466.515.277;data;<id:prolificID>;<id:prolificID>;prolificID;5bf3199ebe7c7300017b710a;<id:age>;<id:age>;age;37;<id:sex>;<id:sex>;sex;male;<id:edu>;<id:edu>;edu;Abitur;<id:natLang>;<id:natLang>;natLang;deutsch;submit;weiter;;
"3qj8bgr9seisuc0m43bp1pa3f7";"feedback";"";"";"";"";"";"";"";"";"";"";"";id;3qj8bgr9seisuc0m43bp1pa3f7;ip;94.134.91.210;time(s);16.377.466.550.145;data;feedback;;;;;;;;;;;;;;;;;;;;;;;
"3uhr90kuc4bo4rk172kh4d2su0";"<id:prolificID>";"<id:prolificID>";"60fd4805b29f40b82bcd7b8e";"<id:age>";"19";"<id:sex>";"female";"<id:edu>";"Fachhochschulreife";"<id:natLang>";"Deutsch";"weiter";id;3uhr90kuc4bo4rk172kh4d2su0;ip;77.0.159.134;time(s);16.377.471.971.110;data;<id:prolificID>;<id:prolificID>;prolificID;60fd4805b29f40b82bcd7b8e;<id:age>;<id:age>;age;19;<id:sex>;<id:sex>;sex;female;<id:edu>;<id:edu>;edu;Fachhochschulreife;<id:natLang>;<id:natLang>;natLang;Deutsch;submit;weiter;;
"3uhr90kuc4bo4rk172kh4d2su0";"feedback";"";"";"";"";"";"";"";"";"";"";"";id;3uhr90kuc4bo4rk172kh4d2su0;ip;77.0.159.134;time(s);16.377.472.011.412;data;feedback;;;;;;;;;;;;;;;;;;;;;;;
"4rok3rh2od1t648oikmnimpea7";"<id:prolificID>";"<id:prolificID>";"5edf3984cb85cc1dc78502d5";"<id:age>";"26";"<id:sex>";"male";"<id:edu>";"Bachelor";"<id:natLang>";"Deutsch";"weiter";id;4rok3rh2od1t648oikmnimpea7;ip;178.203.147.231;time(s);16.377.476.789.732;data;<id:prolificID>;<id:prolificID>;prolificID;5edf3984cb85cc1dc78502d5;<id:age>;<id:age>;age;26;<id:sex>;<id:sex>;sex;male;<id:edu>;<id:edu>;edu;Bachelor;<id:natLang>;<id:natLang>;natLang;Deutsch;submit;weiter;;
"4rok3rh2od1t648oikmnimpea7";"feedback";"";"";"";"";"";"";"";"";"";"";"";id;4rok3rh2od1t648oikmnimpea7;ip;178.203.147.231;time(s);16.377.476.819.074;data;feedback;;;;;;;;;;;;;;;;;;;;;;;
"4u2fh3upvpv19cuhtv5glic5v5";"<id:prolificID>";"<id:prolificID>";"5f3a2bccf6fb65000b904abf";"<id:age>";"27";"<id:sex>";"male";"<id:edu>";"Mittlere Reife";"<id:natLang>";"Deutsch";"weiter";id;4u2fh3upvpv19cuhtv5glic5v5;ip;213.216.23.146;time(s);16.377.466.232.780;data;<id:prolificID>;<id:prolificID>;prolificID;5f3a2bccf6fb65000b904abf;<id:age>;<id:age>;age;27;<id:sex>;<id:sex>;sex;male;<id:edu>;<id:edu>;edu;Mittlere Reife;<id:natLang>;<id:natLang>;natLang;Deutsch;submit;weiter;;
"4u2fh3upvpv19cuhtv5glic5v5";"feedback";"";"";"";"";"";"";"";"";"";"";"";id;4u2fh3upvpv19cuhtv5glic5v5;ip;213.216.23.146;time(s);16.377.466.264.268;data;feedback;;;;;;;;;;;;;;;;;;;;;;;
"551u44521pgierr42jpf496ck6";"<id:prolificID>";"<id:prolificID>";"6155cd050ecfdefdfd225c7c";"<id:age>";"38";"<id:sex>";"male";"<id:edu>";"Bachelor";"<id:natLang>";"Deutsch";"weiter";id;551u44521pgierr42jpf496ck6;ip;84.46.91.174;time(s);16.377.456.281.161;data;<id:prolificID>;<id:prolificID>;prolificID;6155cd050ecfdefdfd225c7c;<id:age>;<id:age>;age;38;<id:sex>;<id:sex>;sex;male;<id:edu>;<id:edu>;edu;Bachelor;<id:natLang>;<id:natLang>;natLang;Deutsch;submit;weiter;;
"551u44521pgierr42jpf496ck6";"feedback";"Spannende Studie, viel Erfolg dabei!";"";"";"";"";"";"";"";"";"";"";id;551u44521pgierr42jpf496ck6;ip;84.46.91.174;time(s);16.377.456.395.830;data;feedback;Spannende Studie, viel Erfolg dabei!;;;;;;;;;;;;;;;;;;;;;;
"6g6n9s01i9p4lhbdsef64jlko4";"<id:prolificID>";"<id:prolificID>";"601acb2067409b31ed73ed63";"<id:age>";"28";"<id:sex>";"female";"<id:edu>";"Bachelor";"<id:natLang>";"Deutsch";"weiter";id;6g6n9s01i9p4lhbdsef64jlko4;ip;95.222.30.47;time(s);16.377.473.707.249;data;<id:prolificID>;<id:prolificID>;prolificID;601acb2067409b31ed73ed63;<id:age>;<id:age>;age;28;<id:sex>;<id:sex>;sex;female;<id:edu>;<id:edu>;edu;Bachelor;<id:natLang>;<id:natLang>;natLang;Deutsch;submit;weiter;;
"6g6n9s01i9p4lhbdsef64jlko4";"feedback";"";"";"";"";"";"";"";"";"";"";"";id;6g6n9s01i9p4lhbdsef64jlko4;ip;95.222.30.47;time(s);16.377.473.720.982;data;feedback;;;;;;;;;;;;;;;;;;;;;;;
"7ckqhvtkr1kmasamose48u0ej1";"<id:prolificID>";"<id:prolificID>";"5e986435a93c9104ab935f20";"<id:age>";"32";"<id:sex>";"male";"<id:edu>";"Studium";"<id:natLang>";"Deutsch";"weiter";id;7ckqhvtkr1kmasamose48u0ej1;ip;213.196.237.206;time(s);16.377.466.152.113;data;<id:prolificID>;<id:prolificID>;prolificID;5e986435a93c9104ab935f20;<id:age>;<id:age>;age;32;<id:sex>;<id:sex>;sex;male;<id:edu>;<id:edu>;edu;Studium;<id:natLang>;<id:natLang>;natLang;Deutsch;submit;weiter;;
"7ckqhvtkr1kmasamose48u0ej1";"feedback";"";"";"";"";"";"";"";"";"";"";"";id;7ckqhvtkr1kmasamose48u0ej1;ip;213.196.237.206;time(s);16.377.466.178.485;data;feedback;;;;;;;;;;;;;;;;;;;;;;;
"81s8bmniice3gudc6klob82f35";"<id:prolificID>";"<id:prolificID>";"614fa98080cd46b53c95c755";"<id:age>";"57";"<id:sex>";"female";"<id:edu>";"College";"<id:natLang>";"Deutsch";"weiter";id;81s8bmniice3gudc6klob82f35;ip;161.65.225.119;time(s);16.377.462.097.135;data;<id:prolificID>;<id:prolificID>;prolificID;614fa98080cd46b53c95c755;<id:age>;<id:age>;age;57;<id:sex>;<id:sex>;sex;female;<id:edu>;<id:edu>;edu;College;<id:natLang>;<id:natLang>;natLang;Deutsch;submit;weiter;;
"81s8bmniice3gudc6klob82f35";"feedback";"";"";"";"";"";"";"";"";"";"";"";id;81s8bmniice3gudc6klob82f35;ip;161.65.225.119;time(s);16.377.462.288.623;data;feedback;;;;;;;;;;;;;;;;;;;;;;;
"8vesmri85lve8du7f2isgk97p5";"<id:prolificID>";"<id:prolificID>";"616d743c2e8a5ce0050ab850";"<id:age>";"25";"<id:sex>";"female";"<id:edu>";"B.Sc.";"<id:natLang>";"Deutsch";"weiter";id;8vesmri85lve8du7f2isgk97p5;ip;95.90.245.218;time(s);16.377.475.310.021;data;<id:prolificID>;<id:prolificID>;prolificID;616d743c2e8a5ce0050ab850;<id:age>;<id:age>;age;25;<id:sex>;<id:sex>;sex;female;<id:edu>;<id:edu>;edu;B.Sc.;<id:natLang>;<id:natLang>;natLang;Deutsch;submit;weiter;;
"8vesmri85lve8du7f2isgk97p5";"feedback";"";"";"";"";"";"";"";"";"";"";"";id;8vesmri85lve8du7f2isgk97p5;ip;95.90.245.218;time(s);16.377.475.327.996;data;feedback;;;;;;;;;;;;;;;;;;;;;;;
"amr97l6io9m4m717pm5ok6fc86";"<id:prolificID>";"<id:prolificID>";"613d6394af28c9206d1c558f";"<id:age>";"27";"<id:sex>";"male";"<id:edu>";"Abitur";"<id:natLang>";"Deutsch";"weiter";id;amr97l6io9m4m717pm5ok6fc86;ip;80.187.106.85;time(s);16.377.479.688.222;data;<id:prolificID>;<id:prolificID>;prolificID;613d6394af28c9206d1c558f;<id:age>;<id:age>;age;27;<id:sex>;<id:sex>;sex;male;<id:edu>;<id:edu>;edu;Abitur;<id:natLang>;<id:natLang>;natLang;Deutsch;submit;weiter;;
"amr97l6io9m4m717pm5ok6fc86";"feedback";"Es war eine angenehme Studie";"";"";"";"";"";"";"";"";"";"";id;amr97l6io9m4m717pm5ok6fc86;ip;80.187.106.85;time(s);16.377.479.795.501;data;feedback;Es war eine angenehme Studie;;;;;;;;;;;;;;;;;;;;;;
"bft0am9hp692ctgkb0ljmgb0p3";"<id:prolificID>";"<id:prolificID>";"6157573b20ca65cc6e7064cc";"<id:age>";"41";"<id:sex>";"female";"<id:edu>";"Hochschulabschluss, Magister";"<id:natLang>";"Deutsch";"weiter";id;bft0am9hp692ctgkb0ljmgb0p3;ip;92.221.51.240;time(s);16.377.458.577.462;data;<id:prolificID>;<id:prolificID>;prolificID;6157573b20ca65cc6e7064cc;<id:age>;<id:age>;age;41;<id:sex>;<id:sex>;sex;female;<id:edu>;<id:edu>;edu;Hochschulabschluss, Magister;<id:natLang>;<id:natLang>;natLang;Deutsch;submit;weiter;;
"bft0am9hp692ctgkb0ljmgb0p3";"feedback";"";"";"";"";"";"";"";"";"";"";"";id;bft0am9hp692ctgkb0ljmgb0p3;ip;92.221.51.240;time(s);16.377.458.656.523;data;feedback;;;;;;;;;;;;;;;;;;;;;;;
"bidbn1cp7au9rcdqv4eq2tpig7";"<id:prolificID>";"<id:prolificID>";"58d4ebdec8677b0001a2107b";"<id:age>";"36";"<id:sex>";"male";"<id:edu>";"Fachabitur";"<id:natLang>";"deutsch,polnisch";"weiter";id;bidbn1cp7au9rcdqv4eq2tpig7;ip;95.91.197.21;time(s);16.377.480.030.461;data;<id:prolificID>;<id:prolificID>;prolificID;58d4ebdec8677b0001a2107b;<id:age>;<id:age>;age;36;<id:sex>;<id:sex>;sex;male;<id:edu>;<id:edu>;edu;Fachabitur;<id:natLang>;<id:natLang>;natLang;deutsch,polnisch;submit;weiter;;
"bidbn1cp7au9rcdqv4eq2tpig7";"feedback";"";"";"";"";"";"";"";"";"";"";"";id;bidbn1cp7au9rcdqv4eq2tpig7;ip;95.91.197.21;time(s);16.377.480.100.766;data;feedback;;;;;;;;;;;;;;;;;;;;;;;
"cu9f77f0qjn23sdp3n0jgtm6n6";"<id:prolificID>";"<id:prolificID>";"610706f34ac8148e62818385";"<id:age>";"23";"<id:sex>";"female";"<id:edu>";"BA";"<id:natLang>";"Deutsch";"weiter";id;cu9f77f0qjn23sdp3n0jgtm6n6;ip;213.174.230.161;time(s);16.377.483.497.846;data;<id:prolificID>;<id:prolificID>;prolificID;610706f34ac8148e62818385;<id:age>;<id:age>;age;23;<id:sex>;<id:sex>;sex;female;<id:edu>;<id:edu>;edu;BA;<id:natLang>;<id:natLang>;natLang;Deutsch;submit;weiter;;
"cu9f77f0qjn23sdp3n0jgtm6n6";"feedback";"";"";"";"";"";"";"";"";"";"";"";id;cu9f77f0qjn23sdp3n0jgtm6n6;ip;213.174.230.161;time(s);16.377.483.528.825;data;feedback;;;;;;;;;;;;;;;;;;;;;;;
"e267o714nnfeld80nh13evr5q0";"<id:prolificID>";"<id:prolificID>";"60fc90839daf35cbbe1da422";"<id:age>";"19";"<id:sex>";"female";"<id:edu>";"Abitur";"<id:natLang>";"Deutsch";"weiter";id;e267o714nnfeld80nh13evr5q0;ip;93.235.39.120;time(s);16.377.470.009.580;data;<id:prolificID>;<id:prolificID>;prolificID;60fc90839daf35cbbe1da422;<id:age>;<id:age>;age;19;<id:sex>;<id:sex>;sex;female;<id:edu>;<id:edu>;edu;Abitur;<id:natLang>;<id:natLang>;natLang;Deutsch;submit;weiter;;
"e267o714nnfeld80nh13evr5q0";"feedback";"";"";"";"";"";"";"";"";"";"";"";id;e267o714nnfeld80nh13evr5q0;ip;93.235.39.120;time(s);16.377.470.119.007;data;feedback;;;;;;;;;;;;;;;;;;;;;;;
"gikagld2tdp27qolv66tl5fj46";"<id:prolificID>";"<id:prolificID>";"5b0d0f0ebd9c3100015655d9";"<id:age>";"52";"<id:sex>";"male";"<id:edu>";"betriebliche Ausbildung";"<id:natLang>";"deutsch";"weiter";id;gikagld2tdp27qolv66tl5fj46;ip;77.21.246.169;time(s);16.377.448.218.976;data;<id:prolificID>;<id:prolificID>;prolificID;5b0d0f0ebd9c3100015655d9;<id:age>;<id:age>;age;52;<id:sex>;<id:sex>;sex;male;<id:edu>;<id:edu>;edu;betriebliche Ausbildung;<id:natLang>;<id:natLang>;natLang;deutsch;submit;weiter;;
"gikagld2tdp27qolv66tl5fj46";"feedback";"Komplett sinnlose Fortsetzungen k√∂nnte man auch weglassen und dann weniger Fortsetzungen abieten. ";"";"";"";"";"";"";"";"";"";"";id;gikagld2tdp27qolv66tl5fj46;ip;77.21.246.169;time(s);16.377.448.766.331;data;feedback;Komplett sinnlose Fortsetzungen k√∂nnte man auch weglassen und dann weniger Fortsetzungen abieten. ;;;;;;;;;;;;;;;;;;;;;;
"hq5lo2ts1uupkmjhacioi14oo7";"<id:prolificID>";"<id:prolificID>";"5b9ec2a99624180001131869";"<id:age>";"34";"<id:sex>";"female";"<id:edu>";"Abitur";"<id:natLang>";"Deutsch";"weiter";id;hq5lo2ts1uupkmjhacioi14oo7;ip;86.62.8.178;time(s);16.377.468.725.456;data;<id:prolificID>;<id:prolificID>;prolificID;5b9ec2a99624180001131869;<id:age>;<id:age>;age;34;<id:sex>;<id:sex>;sex;female;<id:edu>;<id:edu>;edu;Abitur;<id:natLang>;<id:natLang>;natLang;Deutsch;submit;weiter;;
"hq5lo2ts1uupkmjhacioi14oo7";"feedback";"";"";"";"";"";"";"";"";"";"";"";id;hq5lo2ts1uupkmjhacioi14oo7;ip;86.62.8.178;time(s);16.377.468.749.667;data;feedback;;;;;;;;;;;;;;;;;;;;;;;
"hqieqanp7dkmsoslf4ivknfem0";"<id:prolificID>";"<id:prolificID>";"6153539dd7fa158bf72a28e9";"<id:age>";"38";"<id:sex>";"male";"<id:edu>";"Master";"<id:natLang>";"Deutsch";"weiter";id;hqieqanp7dkmsoslf4ivknfem0;ip;91.221.58.23;time(s);16.377.473.730.915;data;<id:prolificID>;<id:prolificID>;prolificID;6153539dd7fa158bf72a28e9;<id:age>;<id:age>;age;38;<id:sex>;<id:sex>;sex;male;<id:edu>;<id:edu>;edu;Master;<id:natLang>;<id:natLang>;natLang;Deutsch;submit;weiter;;
"hqieqanp7dkmsoslf4ivknfem0";"feedback";"";"";"";"";"";"";"";"";"";"";"";id;hqieqanp7dkmsoslf4ivknfem0;ip;91.221.58.23;time(s);16.377.473.765.359;data;feedback;;;;;;;;;;;;;;;;;;;;;;;
"i5a1f23r9rusmkuftaa1477vc6";"<id:prolificID>";"<id:prolificID>";"564f52ab9b124900107eb516";"<id:age>";"44";"<id:sex>";"male";"<id:edu>";"Diplom-Abschluss";"<id:natLang>";"Deutsch";"weiter";id;i5a1f23r9rusmkuftaa1477vc6;ip;31.185.203.238;time(s);16.377.467.490.507;data;<id:prolificID>;<id:prolificID>;prolificID;564f52ab9b124900107eb516;<id:age>;<id:age>;age;44;<id:sex>;<id:sex>;sex;male;<id:edu>;<id:edu>;edu;Diplom-Abschluss;<id:natLang>;<id:natLang>;natLang;Deutsch;submit;weiter;;
"i5a1f23r9rusmkuftaa1477vc6";"feedback";"";"";"";"";"";"";"";"";"";"";"";id;i5a1f23r9rusmkuftaa1477vc6;ip;31.185.203.238;time(s);16.377.467.523.313;data;feedback;;;;;;;;;;;;;;;;;;;;;;;
"kl5a7178bdmd74u752us1820d7";"<id:prolificID>";"<id:prolificID>";"615dfd1954be2c1b879d6e26";"<id:age>";"48";"<id:sex>";"male";"<id:edu>";"Schulische Berufsausbildung";"<id:natLang>";"Deutsch";"weiter";id;kl5a7178bdmd74u752us1820d7;ip;92.219.131.96;time(s);16.377.483.410.832;data;<id:prolificID>;<id:prolificID>;prolificID;615dfd1954be2c1b879d6e26;<id:age>;<id:age>;age;48;<id:sex>;<id:sex>;sex;male;<id:edu>;<id:edu>;edu;Schulische Berufsausbildung;<id:natLang>;<id:natLang>;natLang;Deutsch;submit;weiter;;
"kl5a7178bdmd74u752us1820d7";"feedback";"";"";"";"";"";"";"";"";"";"";"";id;kl5a7178bdmd74u752us1820d7;ip;92.219.131.96;time(s);16.377.483.934.485;data;feedback;;;;;;;;;;;;;;;;;;;;;;;
"l0g69ophopetji8r6jf4c0c1u2";"<id:prolificID>";"<id:prolificID>";"5dfcfc4bed7a680137547420";"<id:age>";"41";"<id:sex>";"male";"<id:edu>";"Berufsausbildung";"<id:natLang>";"Deutsch";"weiter";id;l0g69ophopetji8r6jf4c0c1u2;ip;146.0.191.67;time(s);16.377.470.732.076;data;<id:prolificID>;<id:prolificID>;prolificID;5dfcfc4bed7a680137547420;<id:age>;<id:age>;age;41;<id:sex>;<id:sex>;sex;male;<id:edu>;<id:edu>;edu;Berufsausbildung;<id:natLang>;<id:natLang>;natLang;Deutsch;submit;weiter;;
"l0g69ophopetji8r6jf4c0c1u2";"feedback";"";"";"";"";"";"";"";"";"";"";"";id;l0g69ophopetji8r6jf4c0c1u2;ip;146.0.191.67;time(s);16.377.470.758.837;data;feedback;;;;;;;;;;;;;;;;;;;;;;;
"m9vldljuccobe4qd8gf8t8du27";"<id:prolificID>";"<id:prolificID>";"6171d7b513cebe5597a0d31b";"<id:age>";"29";"<id:sex>";"male";"<id:edu>";"Bachelor";"<id:natLang>";"Deutsch";"weiter";id;m9vldljuccobe4qd8gf8t8du27;ip;88.130.158.203;time(s);16.377.479.275.374;data;<id:prolificID>;<id:prolificID>;prolificID;6171d7b513cebe5597a0d31b;<id:age>;<id:age>;age;29;<id:sex>;<id:sex>;sex;male;<id:edu>;<id:edu>;edu;Bachelor;<id:natLang>;<id:natLang>;natLang;Deutsch;submit;weiter;;
"m9vldljuccobe4qd8gf8t8du27";"feedback";"";"";"";"";"";"";"";"";"";"";"";id;m9vldljuccobe4qd8gf8t8du27;ip;88.130.158.203;time(s);16.377.479.322.786;data;feedback;;;;;;;;;;;;;;;;;;;;;;;
"mlihsplnieda451rpode3vh692";"<id:prolificID>";"<id:prolificID>";"5b648251bd56550001bf31fd";"<id:age>";"50";"<id:sex>";"female";"<id:edu>";"Abitur";"<id:natLang>";"Deutsch";"weiter";id;mlihsplnieda451rpode3vh692;ip;95.222.24.2;time(s);16.377.473.387.229;data;<id:prolificID>;<id:prolificID>;prolificID;5b648251bd56550001bf31fd;<id:age>;<id:age>;age;50;<id:sex>;<id:sex>;sex;female;<id:edu>;<id:edu>;edu;Abitur;<id:natLang>;<id:natLang>;natLang;Deutsch;submit;weiter;;
"mlihsplnieda451rpode3vh692";"feedback";"";"";"";"";"";"";"";"";"";"";"";id;mlihsplnieda451rpode3vh692;ip;95.222.24.2;time(s);16.377.473.417.670;data;feedback;;;;;;;;;;;;;;;;;;;;;;;
"mpugq2638glv4a9i4mfi8r07g3";"<id:prolificID>";"<id:prolificID>";"611bd4a9dd70ae4a2ad802ea";"<id:age>";"30";"<id:sex>";"male";"<id:edu>";"Master";"<id:natLang>";"Deutsch";"weiter";id;mpugq2638glv4a9i4mfi8r07g3;ip;80.138.105.119;time(s);16.377.469.043.936;data;<id:prolificID>;<id:prolificID>;prolificID;611bd4a9dd70ae4a2ad802ea;<id:age>;<id:age>;age;30;<id:sex>;<id:sex>;sex;male;<id:edu>;<id:edu>;edu;Master;<id:natLang>;<id:natLang>;natLang;Deutsch;submit;weiter;;
"mpugq2638glv4a9i4mfi8r07g3";"feedback";"Die Studie hat an sich Spa√ü gemacht. Die Aufgabe war klar formuliert und war auch nicht langweilig. Ein paar Punkte, die mir aufgefallen sind:";"";"";"";"";"";"";"";"";"";"";id;mpugq2638glv4a9i4mfi8r07g3;ip;80.138.105.119;time(s);16.377.472.101.037;data;feedback;Die Studie hat an sich Spa√ü gemacht. Die Aufgabe war klar formuliert und war auch nicht langweilig. Ein paar Punkte, die mir aufgefallen sind:;;;;;;;;;;;;;;;;;;;;;;
"nvpitnpqctsu7jqa1le6avbqg1";"<id:prolificID>";"<id:prolificID>";"5e47c3608b051d26181ccf1c";"<id:age>";"58";"<id:sex>";"female";"<id:edu>";"Staatsexamen";"<id:natLang>";"Deutsch";"weiter";id;nvpitnpqctsu7jqa1le6avbqg1;ip;92.237.244.148;time(s);16.377.463.945.233;data;<id:prolificID>;<id:prolificID>;prolificID;5e47c3608b051d26181ccf1c;<id:age>;<id:age>;age;58;<id:sex>;<id:sex>;sex;female;<id:edu>;<id:edu>;edu;Staatsexamen;<id:natLang>;<id:natLang>;natLang;Deutsch;submit;weiter;;
"nvpitnpqctsu7jqa1le6avbqg1";"feedback";"";"";"";"";"";"";"";"";"";"";"";id;nvpitnpqctsu7jqa1le6avbqg1;ip;92.237.244.148;time(s);16.377.464.028.710;data;feedback;;;;;;;;;;;;;;;;;;;;;;;
"odanj9ngk8jvsnp2pfbhqfhal2";"<id:prolificID>";"<id:prolificID>";"60188e70aac0c8161be05589";"<id:age>";"35";"<id:sex>";"male";"<id:edu>";"Abitur";"<id:natLang>";"deutsch";"weiter";id;odanj9ngk8jvsnp2pfbhqfhal2;ip;178.142.140.250;time(s);16.377.461.975.962;data;<id:prolificID>;<id:prolificID>;prolificID;60188e70aac0c8161be05589;<id:age>;<id:age>;age;35;<id:sex>;<id:sex>;sex;male;<id:edu>;<id:edu>;edu;Abitur;<id:natLang>;<id:natLang>;natLang;deutsch;submit;weiter;;
"odanj9ngk8jvsnp2pfbhqfhal2";"feedback";"";"";"";"";"";"";"";"";"";"";"";id;odanj9ngk8jvsnp2pfbhqfhal2;ip;178.142.140.250;time(s);16.377.462.003.923;data;feedback;;;;;;;;;;;;;;;;;;;;;;;
"olmvjd6s03vnm8sc2nhcou3l30";"<id:prolificID>";"<id:prolificID>";"611e2ee59d5a5784c88a6f8c";"<id:age>";"36";"<id:sex>";"male";"<id:edu>";"Bachelor";"<id:natLang>";"deutsch";"weiter";id;olmvjd6s03vnm8sc2nhcou3l30;ip;80.65.122.186;time(s);16.377.476.636.151;data;<id:prolificID>;<id:prolificID>;prolificID;611e2ee59d5a5784c88a6f8c;<id:age>;<id:age>;age;36;<id:sex>;<id:sex>;sex;male;<id:edu>;<id:edu>;edu;Bachelor;<id:natLang>;<id:natLang>;natLang;deutsch;submit;weiter;;
"olmvjd6s03vnm8sc2nhcou3l30";"feedback";"";"";"";"";"";"";"";"";"";"";"";id;olmvjd6s03vnm8sc2nhcou3l30;ip;80.65.122.186;time(s);16.377.476.748.577;data;feedback;;;;;;;;;;;;;;;;;;;;;;;
"pc85ap8dovc53j83cq8pqi2pd0";"<id:prolificID>";"<id:prolificID>";"59a426b35fd74b0001abfa4f";"<id:age>";"39";"<id:sex>";"female";"<id:edu>";"Mittlere Reife";"<id:natLang>";"Deutsch";"weiter";id;pc85ap8dovc53j83cq8pqi2pd0;ip;84.157.100.41;time(s);16.377.464.962.049;data;<id:prolificID>;<id:prolificID>;prolificID;59a426b35fd74b0001abfa4f;<id:age>;<id:age>;age;39;<id:sex>;<id:sex>;sex;female;<id:edu>;<id:edu>;edu;Mittlere Reife;<id:natLang>;<id:natLang>;natLang;Deutsch;submit;weiter;;
"pc85ap8dovc53j83cq8pqi2pd0";"feedback";"";"";"";"";"";"";"";"";"";"";"";id;pc85ap8dovc53j83cq8pqi2pd0;ip;84.157.100.41;time(s);16.377.464.998.639;data;feedback;;;;;;;;;;;;;;;;;;;;;;;
"pruersqa8c4tdv6t69lf6175c5";"<id:prolificID>";"<id:prolificID>";"61556e8e1b4145282de0ed04";"<id:age>";"24";"<id:sex>";"male";"<id:edu>";"Abitur";"<id:natLang>";"Deutsch";"weiter";id;pruersqa8c4tdv6t69lf6175c5;ip;92.104.76.107;time(s);16.377.478.483.306;data;<id:prolificID>;<id:prolificID>;prolificID;61556e8e1b4145282de0ed04;<id:age>;<id:age>;age;24;<id:sex>;<id:sex>;sex;male;<id:edu>;<id:edu>;edu;Abitur;<id:natLang>;<id:natLang>;natLang;Deutsch;submit;weiter;;
"pruersqa8c4tdv6t69lf6175c5";"feedback";"";"";"";"";"";"";"";"";"";"";"";id;pruersqa8c4tdv6t69lf6175c5;ip;92.104.76.107;time(s);16.377.478.549.454;data;feedback;;;;;;;;;;;;;;;;;;;;;;;
"q6329ddj41rl910cu46p2jcde2";"<id:prolificID>";"<id:prolificID>";"5da727bfc2a70a0011a128e0";"<id:age>";"59";"<id:sex>";"female";"<id:edu>";"Abgeschlossene kaufm√§nnische Berufsausbildung (duales System) nach Realschulabschluss";"<id:natLang>";"Deutsch";"weiter";id;q6329ddj41rl910cu46p2jcde2;ip;80.141.249.180;time(s);16.377.466.883.740;data;<id:prolificID>;<id:prolificID>;prolificID;5da727bfc2a70a0011a128e0;<id:age>;<id:age>;age;59;<id:sex>;<id:sex>;sex;female;<id:edu>;<id:edu>;edu;Abgeschlossene kaufm√§nnische Berufsausbildung (duales System) nach Realschulabschluss;<id:natLang>;<id:natLang>;natLang;Deutsch;submit;weiter;;
"q6329ddj41rl910cu46p2jcde2";"feedback";"Alles ist reibungslos und z√ºgig verlaufen.";"";"";"";"";"";"";"";"";"";"";id;q6329ddj41rl910cu46p2jcde2;ip;80.141.249.180;time(s);16.377.467.091.006;data;feedback;Alles ist reibungslos und z√ºgig verlaufen.;;;;;;;;;;;;;;;;;;;;;;
"qkih3gqfnppihg0pne9i3b4hq4";"<id:prolificID>";"<id:prolificID>";"61557b45faa33549b1e71618";"<id:age>";"33";"<id:sex>";"male";"<id:edu>";"Bachelor";"<id:natLang>";"Deutsch/√ñsterreich";"weiter";id;qkih3gqfnppihg0pne9i3b4hq4;ip;185.17.14.13;time(s);16.377.488.817.502;data;<id:prolificID>;<id:prolificID>;prolificID;61557b45faa33549b1e71618;<id:age>;<id:age>;age;33;<id:sex>;<id:sex>;sex;male;<id:edu>;<id:edu>;edu;Bachelor;<id:natLang>;<id:natLang>;natLang;Deutsch/√ñsterreich;submit;weiter;;
"qkih3gqfnppihg0pne9i3b4hq4";"feedback";"";"";"";"";"";"";"";"";"";"";"";id;qkih3gqfnppihg0pne9i3b4hq4;ip;185.17.14.13;time(s);16.377.488.839.267;data;feedback;;;;;;;;;;;;;;;;;;;;;;;
"rv0338rvvvg40k6nv6gj3heaj7";"<id:prolificID>";"<id:prolificID>";"60fd2caccef1bca1241c92b9";"<id:age>";"27";"<id:sex>";"female";"<id:edu>";"Bachelor";"<id:natLang>";"Deutsch";"weiter";id;rv0338rvvvg40k6nv6gj3heaj7;ip;91.43.51.94;time(s);16.377.474.391.334;data;<id:prolificID>;<id:prolificID>;prolificID;60fd2caccef1bca1241c92b9;<id:age>;<id:age>;age;27;<id:sex>;<id:sex>;sex;female;<id:edu>;<id:edu>;edu;Bachelor;<id:natLang>;<id:natLang>;natLang;Deutsch;submit;weiter;;
"rv0338rvvvg40k6nv6gj3heaj7";"feedback";"";"";"";"";"";"";"";"";"";"";"";id;rv0338rvvvg40k6nv6gj3heaj7;ip;91.43.51.94;time(s);16.377.474.409.597;data;feedback;;;;;;;;;;;;;;;;;;;;;;;
"sv7vpmugbdjfnl4rvp1kh0vs34";"<id:prolificID>";"<id:prolificID>";"5d9fa5803760ce00149b815a";"<id:age>";"53";"<id:sex>";"female";"<id:edu>";"Abitur";"<id:natLang>";"deutsch";"weiter";id;sv7vpmugbdjfnl4rvp1kh0vs34;ip;79.253.2.23;time(s);16.377.469.308.567;data;<id:prolificID>;<id:prolificID>;prolificID;5d9fa5803760ce00149b815a;<id:age>;<id:age>;age;53;<id:sex>;<id:sex>;sex;female;<id:edu>;<id:edu>;edu;Abitur;<id:natLang>;<id:natLang>;natLang;deutsch;submit;weiter;;
"sv7vpmugbdjfnl4rvp1kh0vs34";"feedback";"";"";"";"";"";"";"";"";"";"";"";id;sv7vpmugbdjfnl4rvp1kh0vs34;ip;79.253.2.23;time(s);16.377.469.729.524;data;feedback;;;;;;;;;;;;;;;;;;;;;;;
"tkoifl7a977maao066k3v04dk4";"<id:prolificID>";"<id:prolificID>";"60e6d460c610e74cad181b03";"<id:age>";"33";"<id:sex>";"female";"<id:edu>";"Master";"<id:natLang>";"Deutsch";"weiter";id;tkoifl7a977maao066k3v04dk4;ip;2.24.108.168;time(s);16.377.463.843.696;data;<id:prolificID>;<id:prolificID>;prolificID;60e6d460c610e74cad181b03;<id:age>;<id:age>;age;33;<id:sex>;<id:sex>;sex;female;<id:edu>;<id:edu>;edu;Master;<id:natLang>;<id:natLang>;natLang;Deutsch;submit;weiter;;
"tkoifl7a977maao066k3v04dk4";"feedback";"";"";"";"";"";"";"";"";"";"";"";id;tkoifl7a977maao066k3v04dk4;ip;2.24.108.168;time(s);16.377.463.890.093;data;feedback;;;;;;;;;;;;;;;;;;;;;;;
"vis02hh2jo0pc8rflih5fseev2";"<id:prolificID>";"<id:prolificID>";"604e372ea77f55aa4d089681";"<id:age>";"31";"<id:sex>";"female";"<id:edu>";"Abitur ";"<id:natLang>";"Deutsch ";"weiter";id;vis02hh2jo0pc8rflih5fseev2;ip;82.132.218.106;time(s);16.377.469.154.703;data;<id:prolificID>;<id:prolificID>;prolificID;604e372ea77f55aa4d089681;<id:age>;<id:age>;age;31;<id:sex>;<id:sex>;sex;female;<id:edu>;<id:edu>;edu;Abitur ;<id:natLang>;<id:natLang>;natLang;Deutsch ;submit;weiter;;
"vis02hh2jo0pc8rflih5fseev2";"feedback";"";"";"";"";"";"";"";"";"";"";"";id;vis02hh2jo0pc8rflih5fseev2;ip;82.132.218.106;time(s);16.377.469.185.012;data;feedback;;;;;;;;;;;;;;;;;;;;;;;
"2d4oinih2o6mqei0vioigq6hu1";"<id:prolificID>";"<id:prolificID>";"60d5786d3ea6636710a77519";"<id:age>";"31";"<id:sex>";"male";"<id:edu>";"FH";"<id:natLang>";"Deutsch";"weiter";id;2d4oinih2o6mqei0vioigq6hu1;ip;146.241.73.49;time(s);16.377.483.099.501;data;<id:prolificID>;<id:prolificID>;prolificID;60d5786d3ea6636710a77519;<id:age>;<id:age>;age;31;<id:sex>;<id:sex>;sex;male;<id:edu>;<id:edu>;edu;FH;<id:natLang>;<id:natLang>;natLang;Deutsch;submit;weiter;;
"2d4oinih2o6mqei0vioigq6hu1";"feedback";"";"";"";"";"";"";"";"";"";"";"";id;2d4oinih2o6mqei0vioigq6hu1;ip;146.241.73.49;time(s);16.377.483.131.173;data;feedback;;;;;;;;;;;;;;;;;;;;;;;
"46kp4o1k5opbh8upc5895ri4b3";"<id:prolificID>";"<id:prolificID>";"6113c4b83fd23931c1aad1fc";"<id:age>";"19";"<id:sex>";"female";"<id:edu>";"Allgemeine Hochschulreife";"<id:natLang>";"Deutsch";"weiter";id;46kp4o1k5opbh8upc5895ri4b3;ip;80.187.111.35;time(s);16.377.471.612.157;data;<id:prolificID>;<id:prolificID>;prolificID;6113c4b83fd23931c1aad1fc;<id:age>;<id:age>;age;19;<id:sex>;<id:sex>;sex;female;<id:edu>;<id:edu>;edu;Allgemeine Hochschulreife;<id:natLang>;<id:natLang>;natLang;Deutsch;submit;weiter;;
"46kp4o1k5opbh8upc5895ri4b3";"feedback";"";"";"";"";"";"";"";"";"";"";"";id;46kp4o1k5opbh8upc5895ri4b3;ip;80.187.111.35;time(s);16.377.471.634.062;data;feedback;;;;;;;;;;;;;;;;;;;;;;;
"565sbiadgbqvl811v248ss2710";"<id:prolificID>";"<id:prolificID>";"5f9a7cb8b064e8184a4bdf54";"<id:age>";"48";"<id:sex>";"male";"<id:edu>";"Abitur";"<id:natLang>";"Deutsch";"weiter";id;565sbiadgbqvl811v248ss2710;ip;62.178.213.15;time(s);16.377.476.871.535;data;<id:prolificID>;<id:prolificID>;prolificID;5f9a7cb8b064e8184a4bdf54;<id:age>;<id:age>;age;48;<id:sex>;<id:sex>;sex;male;<id:edu>;<id:edu>;edu;Abitur;<id:natLang>;<id:natLang>;natLang;Deutsch;submit;weiter;;
"565sbiadgbqvl811v248ss2710";"feedback";"";"";"";"";"";"";"";"";"";"";"";id;565sbiadgbqvl811v248ss2710;ip;62.178.213.15;time(s);16.377.476.943.426;data;feedback;;;;;;;;;;;;;;;;;;;;;;;
"5d4ca60et67jsol5jsel9un3n2";"<id:prolificID>";"<id:prolificID>";"5f75986c7befb820e5497fe2";"<id:age>";"40";"<id:sex>";"male";"<id:edu>";"Diplom";"<id:natLang>";"Deutsch";"weiter";id;5d4ca60et67jsol5jsel9un3n2;ip;5.146.93.65;time(s);16.377.479.267.422;data;<id:prolificID>;<id:prolificID>;prolificID;5f75986c7befb820e5497fe2;<id:age>;<id:age>;age;40;<id:sex>;<id:sex>;sex;male;<id:edu>;<id:edu>;edu;Diplom;<id:natLang>;<id:natLang>;natLang;Deutsch;submit;weiter;;
"5d4ca60et67jsol5jsel9un3n2";"feedback";"Interessante Studie";"";"";"";"";"";"";"";"";"";"";id;5d4ca60et67jsol5jsel9un3n2;ip;5.146.93.65;time(s);16.377.479.429.103;data;feedback;Interessante Studie;;;;;;;;;;;;;;;;;;;;;;
"70t1tqhthg96pcgtehgs6h8g02";"<id:prolificID>";"<id:prolificID>";"5d6fda2bde432b0019b19ba7";"<id:age>";"54";"<id:sex>";"male";"<id:edu>";"Master";"<id:natLang>";"Deutsch";"weiter";id;70t1tqhthg96pcgtehgs6h8g02;ip;87.189.18.43;time(s);16.377.461.073.226;data;<id:prolificID>;<id:prolificID>;prolificID;5d6fda2bde432b0019b19ba7;<id:age>;<id:age>;age;54;<id:sex>;<id:sex>;sex;male;<id:edu>;<id:edu>;edu;Master;<id:natLang>;<id:natLang>;natLang;Deutsch;submit;weiter;;
"70t1tqhthg96pcgtehgs6h8g02";"feedback";"";"";"";"";"";"";"";"";"";"";"";id;70t1tqhthg96pcgtehgs6h8g02;ip;87.189.18.43;time(s);16.377.461.100.226;data;feedback;;;;;;;;;;;;;;;;;;;;;;;
"787ied613ll1sgtb1nud0cptd5";"<id:prolificID>";"<id:prolificID>";"615f7810191cf32e93365694";"<id:age>";"23";"<id:sex>";"male";"<id:edu>";"Abitur";"<id:natLang>";"Deutsch";"weiter";id;787ied613ll1sgtb1nud0cptd5;ip;95.90.247.25;time(s);16.377.478.795.272;data;<id:prolificID>;<id:prolificID>;prolificID;615f7810191cf32e93365694;<id:age>;<id:age>;age;23;<id:sex>;<id:sex>;sex;male;<id:edu>;<id:edu>;edu;Abitur;<id:natLang>;<id:natLang>;natLang;Deutsch;submit;weiter;;
"787ied613ll1sgtb1nud0cptd5";"feedback";"";"";"";"";"";"";"";"";"";"";"";id;787ied613ll1sgtb1nud0cptd5;ip;95.90.247.25;time(s);16.377.478.818.256;data;feedback;;;;;;;;;;;;;;;;;;;;;;;
"798usl5a2ipdur7nvlrkt9agq3";"<id:prolificID>";"<id:prolificID>";"5efb72be797e710d8060aa05";"<id:age>";"50";"<id:sex>";"male";"<id:edu>";"Fachabitur";"<id:natLang>";"Deutsch";"weiter";id;798usl5a2ipdur7nvlrkt9agq3;ip;88.130.60.210;time(s);16.377.464.061.430;data;<id:prolificID>;<id:prolificID>;prolificID;5efb72be797e710d8060aa05;<id:age>;<id:age>;age;50;<id:sex>;<id:sex>;sex;male;<id:edu>;<id:edu>;edu;Fachabitur;<id:natLang>;<id:natLang>;natLang;Deutsch;submit;weiter;;
"798usl5a2ipdur7nvlrkt9agq3";"feedback";"";"";"";"";"";"";"";"";"";"";"";id;798usl5a2ipdur7nvlrkt9agq3;ip;88.130.60.210;time(s);16.377.464.089.310;data;feedback;;;;;;;;;;;;;;;;;;;;;;;
"8an1kg7djt9khhavo91o4dq626";"<id:prolificID>";"<id:prolificID>";"5fc4c4a96640b184dd4845cc";"<id:age>";"43";"<id:sex>";"male";"<id:edu>";"Diplom ";"<id:natLang>";"Deutsch";"weiter";id;8an1kg7djt9khhavo91o4dq626;ip;133.106.212.179;time(s);16.377.462.046.259;data;<id:prolificID>;<id:prolificID>;prolificID;5fc4c4a96640b184dd4845cc;<id:age>;<id:age>;age;43;<id:sex>;<id:sex>;sex;male;<id:edu>;<id:edu>;edu;Diplom ;<id:natLang>;<id:natLang>;natLang;Deutsch;submit;weiter;;
"8an1kg7djt9khhavo91o4dq626";"feedback";"";"";"";"";"";"";"";"";"";"";"";id;8an1kg7djt9khhavo91o4dq626;ip;133.106.212.179;time(s);16.377.462.083.483;data;feedback;;;;;;;;;;;;;;;;;;;;;;;
"8uutc942bjet89s8la11n2tdm7";"<id:prolificID>";"<id:prolificID>";"58c537bfb101a7000129391a";"<id:age>";"39";"<id:sex>";"female";"<id:edu>";"Bachelor";"<id:natLang>";"Deutsch";"weiter";id;8uutc942bjet89s8la11n2tdm7;ip;93.231.36.163;time(s);16.377.473.037.478;data;<id:prolificID>;<id:prolificID>;prolificID;58c537bfb101a7000129391a;<id:age>;<id:age>;age;39;<id:sex>;<id:sex>;sex;female;<id:edu>;<id:edu>;edu;Bachelor;<id:natLang>;<id:natLang>;natLang;Deutsch;submit;weiter;;
"8uutc942bjet89s8la11n2tdm7";"feedback";"";"";"";"";"";"";"";"";"";"";"";id;8uutc942bjet89s8la11n2tdm7;ip;93.231.36.163;time(s);16.377.473.061.007;data;feedback;;;;;;;;;;;;;;;;;;;;;;;
"975ccs2bqlh65duns9et4u68j1";"<id:prolificID>";"<id:prolificID>";"6155bd80c7a9dcaaa175fd4f";"<id:age>";"48";"<id:sex>";"male";"<id:edu>";"H√∂here Fachschule";"<id:natLang>";"Deutsch";"weiter";id;975ccs2bqlh65duns9et4u68j1;ip;84.227.83.7;time(s);16.377.454.156.774;data;<id:prolificID>;<id:prolificID>;prolificID;6155bd80c7a9dcaaa175fd4f;<id:age>;<id:age>;age;48;<id:sex>;<id:sex>;sex;male;<id:edu>;<id:edu>;edu;H√∂here Fachschule;<id:natLang>;<id:natLang>;natLang;Deutsch;submit;weiter;;
"975ccs2bqlh65duns9et4u68j1";"feedback";"";"";"";"";"";"";"";"";"";"";"";id;975ccs2bqlh65duns9et4u68j1;ip;84.227.83.7;time(s);16.377.454.190.375;data;feedback;;;;;;;;;;;;;;;;;;;;;;;
"9v2a18st9b7pjd35ajps6gvvr3";"<id:prolificID>";"<id:prolificID>";"5a33c9b80758280001030b0d";"<id:age>";"32";"<id:sex>";"female";"<id:edu>";"M.A.";"<id:natLang>";"Deutsch";"weiter";id;9v2a18st9b7pjd35ajps6gvvr3;ip;80.0.6.185;time(s);16.377.474.006.438;data;<id:prolificID>;<id:prolificID>;prolificID;5a33c9b80758280001030b0d;<id:age>;<id:age>;age;32;<id:sex>;<id:sex>;sex;female;<id:edu>;<id:edu>;edu;M.A.;<id:natLang>;<id:natLang>;natLang;Deutsch;submit;weiter;;
"9v2a18st9b7pjd35ajps6gvvr3";"feedback";"";"";"";"";"";"";"";"";"";"";"";id;9v2a18st9b7pjd35ajps6gvvr3;ip;80.0.6.185;time(s);16.377.474.032.786;data;feedback;;;;;;;;;;;;;;;;;;;;;;;
"ajqiq6j215nt4n28ast7r9u885";"<id:prolificID>";"<id:prolificID>";"6156fbf134f9491024219cf6";"<id:age>";"53";"<id:sex>";"male";"<id:edu>";"Bachelor";"<id:natLang>";"Deutsch";"weiter";id;ajqiq6j215nt4n28ast7r9u885;ip;178.251.68.251;time(s);16.377.466.621.633;data;<id:prolificID>;<id:prolificID>;prolificID;6156fbf134f9491024219cf6;<id:age>;<id:age>;age;53;<id:sex>;<id:sex>;sex;male;<id:edu>;<id:edu>;edu;Bachelor;<id:natLang>;<id:natLang>;natLang;Deutsch;submit;weiter;;
"ajqiq6j215nt4n28ast7r9u885";"feedback";"mir f√§llt kein kommentar ein";"";"";"";"";"";"";"";"";"";"";id;ajqiq6j215nt4n28ast7r9u885;ip;178.251.68.251;time(s);16.377.466.786.918;data;feedback;mir f√§llt kein kommentar ein;;;;;;;;;;;;;;;;;;;;;;
"b1okj31j1606u8d9hcf2v7knm1";"<id:prolificID>";"<id:prolificID>";"5aeaf9a9cb04880001cbd1a5";"<id:age>";"31";"<id:sex>";"female";"<id:edu>";"Universit√§t Master";"<id:natLang>";"Deutsch, Englisch";"weiter";id;b1okj31j1606u8d9hcf2v7knm1;ip;80.109.24.116;time(s);16.377.459.129.464;data;<id:prolificID>;<id:prolificID>;prolificID;5aeaf9a9cb04880001cbd1a5;<id:age>;<id:age>;age;31;<id:sex>;<id:sex>;sex;female;<id:edu>;<id:edu>;edu;Universit√§t Master;<id:natLang>;<id:natLang>;natLang;Deutsch, Englisch;submit;weiter;;
"b1okj31j1606u8d9hcf2v7knm1";"feedback";"";"";"";"";"";"";"";"";"";"";"";id;b1okj31j1606u8d9hcf2v7knm1;ip;80.109.24.116;time(s);16.377.459.167.196;data;feedback;;;;;;;;;;;;;;;;;;;;;;;
"b8tjbohogv37t94jh7tfas3vq1";"<id:prolificID>";"<id:prolificID>";"5cf6a27fad94a70001a80ea6";"<id:age>";"33";"<id:sex>";"male";"<id:edu>";"Bachelor";"<id:natLang>";"Deutsch";"weiter";id;b8tjbohogv37t94jh7tfas3vq1;ip;178.7.199.204;time(s);16.377.471.708.034;data;<id:prolificID>;<id:prolificID>;prolificID;5cf6a27fad94a70001a80ea6;<id:age>;<id:age>;age;33;<id:sex>;<id:sex>;sex;male;<id:edu>;<id:edu>;edu;Bachelor;<id:natLang>;<id:natLang>;natLang;Deutsch;submit;weiter;;
"b8tjbohogv37t94jh7tfas3vq1";"feedback";"";"";"";"";"";"";"";"";"";"";"";id;b8tjbohogv37t94jh7tfas3vq1;ip;178.7.199.204;time(s);16.377.471.795.703;data;feedback;;;;;;;;;;;;;;;;;;;;;;;
"c9voulvrstido82h2tck6a2to1";"<id:prolificID>";"<id:prolificID>";"6104f6ebaf3346f60fbe762f";"<id:age>";"30";"<id:sex>";"male";"<id:edu>";"BSc";"<id:natLang>";"Deutsch";"weiter";id;c9voulvrstido82h2tck6a2to1;ip;84.115.221.0;time(s);16.377.478.791.965;data;<id:prolificID>;<id:prolificID>;prolificID;6104f6ebaf3346f60fbe762f;<id:age>;<id:age>;age;30;<id:sex>;<id:sex>;sex;male;<id:edu>;<id:edu>;edu;BSc;<id:natLang>;<id:natLang>;natLang;Deutsch;submit;weiter;;
"c9voulvrstido82h2tck6a2to1";"feedback";"Hat sehr gut funktioniert, also keine technischen Probleme oder √§nhliches und war auch sehr interessant obwohl ich keine Ahnung habe welche Erkenntnisse daruas gezogen werden (Aber das ist f√ºr den Erfolg der Studie wahrscheinlich auch besser so :)), falls technisch m√∂glich, w√§re es sicher gut die Studie diese auch f√ºr Smartphones verf√ºgbar zu machen, damit erreichen sie noch mehr Probanden, LG Max J ";"";"";"";"";"";"";"";"";"";"";id;c9voulvrstido82h2tck6a2to1;ip;84.115.221.0;time(s);16.377.481.578.626;data;feedback;Hat sehr gut funktioniert, also keine technischen Probleme oder √§nhliches und war auch sehr interessant obwohl ich keine Ahnung habe welche Erkenntnisse daruas gezogen werden (Aber das ist f√ºr den Erfolg der Studie wahrscheinlich auch besser so :)), falls technisch m√∂glich, w√§re es sicher gut die Studie diese auch f√ºr Smartphones verf√ºgbar zu machen, damit erreichen sie noch mehr Probanden, LG Max J ;;;;;;;;;;;;;;;;;;;;;;
"cui5aud676g5hc2ut7mffmrkq3";"<id:prolificID>";"<id:prolificID>";"611ac84ec3f047ebad425aba";"<id:age>";"26";"<id:sex>";"female";"<id:edu>";"Bachelor";"<id:natLang>";"Deutsch";"weiter";id;cui5aud676g5hc2ut7mffmrkq3;ip;94.134.229.43;time(s);16.377.464.467.691;data;<id:prolificID>;<id:prolificID>;prolificID;611ac84ec3f047ebad425aba;<id:age>;<id:age>;age;26;<id:sex>;<id:sex>;sex;female;<id:edu>;<id:edu>;edu;Bachelor;<id:natLang>;<id:natLang>;natLang;Deutsch;submit;weiter;;
"cui5aud676g5hc2ut7mffmrkq3";"feedback";"";"";"";"";"";"";"";"";"";"";"";id;cui5aud676g5hc2ut7mffmrkq3;ip;94.134.229.43;time(s);16.377.464.551.837;data;feedback;;;;;;;;;;;;;;;;;;;;;;;
"e3tdeg9pnpsj2946krrklqgog4";"<id:prolificID>";"<id:prolificID>";"5f10219362a3810008c4f2c3";"<id:age>";"34";"<id:sex>";"male";"<id:edu>";"Bachelor";"<id:natLang>";"Deutsch";"weiter";id;e3tdeg9pnpsj2946krrklqgog4;ip;37.5.242.0;time(s);16.377.476.765.138;data;<id:prolificID>;<id:prolificID>;prolificID;5f10219362a3810008c4f2c3;<id:age>;<id:age>;age;34;<id:sex>;<id:sex>;sex;male;<id:edu>;<id:edu>;edu;Bachelor;<id:natLang>;<id:natLang>;natLang;Deutsch;submit;weiter;;
"e3tdeg9pnpsj2946krrklqgog4";"feedback";"Das repetative \"Darum\" war auf dauer unsch√∂n zu lesen.";"";"";"";"";"";"";"";"";"";"";id;e3tdeg9pnpsj2946krrklqgog4;ip;37.5.242.0;time(s);16.377.477.406.538;data;feedback;Das repetative "Darum" war auf dauer unsch√∂n zu lesen.;;;;;;;;;;;;;;;;;;;;;;
"empkq5va1q24um31fb71hvgus1";"<id:prolificID>";"<id:prolificID>";"60fdac6904c9449b43cdbcdd";"<id:age>";"28";"<id:sex>";"female";"<id:edu>";"Bachelor";"<id:natLang>";"Deutsch";"weiter";id;empkq5va1q24um31fb71hvgus1;ip;93.212.248.30;time(s);16.377.467.005.509;data;<id:prolificID>;<id:prolificID>;prolificID;60fdac6904c9449b43cdbcdd;<id:age>;<id:age>;age;28;<id:sex>;<id:sex>;sex;female;<id:edu>;<id:edu>;edu;Bachelor;<id:natLang>;<id:natLang>;natLang;Deutsch;submit;weiter;;
"empkq5va1q24um31fb71hvgus1";"feedback";"";"";"";"";"";"";"";"";"";"";"";id;empkq5va1q24um31fb71hvgus1;ip;93.212.248.30;time(s);16.377.467.043.846;data;feedback;;;;;;;;;;;;;;;;;;;;;;;
"fgp7jnqhcukuroe7q5i546bpu3";"<id:prolificID>";"<id:prolificID>";"5fda0cb090594536df271d12";"<id:age>";"21";"<id:sex>";"female";"<id:edu>";"Abitur";"<id:natLang>";"Deutsch";"weiter";id;fgp7jnqhcukuroe7q5i546bpu3;ip;95.91.230.231;time(s);16.377.476.021.846;data;<id:prolificID>;<id:prolificID>;prolificID;5fda0cb090594536df271d12;<id:age>;<id:age>;age;21;<id:sex>;<id:sex>;sex;female;<id:edu>;<id:edu>;edu;Abitur;<id:natLang>;<id:natLang>;natLang;Deutsch;submit;weiter;;
"fgp7jnqhcukuroe7q5i546bpu3";"feedback";"";"";"";"";"";"";"";"";"";"";"";id;fgp7jnqhcukuroe7q5i546bpu3;ip;95.91.230.231;time(s);16.377.476.053.836;data;feedback;;;;;;;;;;;;;;;;;;;;;;;
"ft6dd5nlkeb4jat2if2a0fto14";"<id:prolificID>";"<id:prolificID>";"5cb19af6c642510015463de2";"<id:age>";"33";"<id:sex>";"male";"<id:edu>";"Realschule";"<id:natLang>";"deutsch";"weiter";id;ft6dd5nlkeb4jat2if2a0fto14;ip;92.78.122.67;time(s);16.377.466.030.745;data;<id:prolificID>;<id:prolificID>;prolificID;5cb19af6c642510015463de2;<id:age>;<id:age>;age;33;<id:sex>;<id:sex>;sex;male;<id:edu>;<id:edu>;edu;Realschule;<id:natLang>;<id:natLang>;natLang;deutsch;submit;weiter;;
"ft6dd5nlkeb4jat2if2a0fto14";"feedback";"";"";"";"";"";"";"";"";"";"";"";id;ft6dd5nlkeb4jat2if2a0fto14;ip;92.78.122.67;time(s);16.377.466.099.590;data;feedback;;;;;;;;;;;;;;;;;;;;;;;
"j1g78qimsec60n7ci73d3dbii1";"<id:prolificID>";"<id:prolificID>";"6166ca985801f57fec1e54b6";"<id:age>";"21";"<id:sex>";"male";"<id:edu>";"Abitur";"<id:natLang>";"Deutsch";"weiter";id;j1g78qimsec60n7ci73d3dbii1;ip;84.154.212.16;time(s);16.377.473.568.937;data;<id:prolificID>;<id:prolificID>;prolificID;6166ca985801f57fec1e54b6;<id:age>;<id:age>;age;21;<id:sex>;<id:sex>;sex;male;<id:edu>;<id:edu>;edu;Abitur;<id:natLang>;<id:natLang>;natLang;Deutsch;submit;weiter;;
"j1g78qimsec60n7ci73d3dbii1";"feedback";"";"";"";"";"";"";"";"";"";"";"";id;j1g78qimsec60n7ci73d3dbii1;ip;84.154.212.16;time(s);16.377.473.586.946;data;feedback;;;;;;;;;;;;;;;;;;;;;;;
"j1n7kbb5j6mb4rfqumgftlvaf5";"<id:prolificID>";"<id:prolificID>";"5f4f6af15e8dec017338fd49";"<id:age>";"37";"<id:sex>";"male";"<id:edu>";"Bachelor";"<id:natLang>";"Deutsch";"weiter";id;j1n7kbb5j6mb4rfqumgftlvaf5;ip;78.54.69.17;time(s);16.377.476.905.221;data;<id:prolificID>;<id:prolificID>;prolificID;5f4f6af15e8dec017338fd49;<id:age>;<id:age>;age;37;<id:sex>;<id:sex>;sex;male;<id:edu>;<id:edu>;edu;Bachelor;<id:natLang>;<id:natLang>;natLang;Deutsch;submit;weiter;;
"j1n7kbb5j6mb4rfqumgftlvaf5";"feedback";"";"";"";"";"";"";"";"";"";"";"";id;j1n7kbb5j6mb4rfqumgftlvaf5;ip;78.54.69.17;time(s);16.377.477.000.438;data;feedback;;;;;;;;;;;;;;;;;;;;;;;
"l5med9jhv1ht5mg7vcqclrp5i1";"<id:prolificID>";"<id:prolificID>";"5a942689b5e2110001c67d93";"<id:age>";"31";"<id:sex>";"male";"<id:edu>";"Abitur";"<id:natLang>";"Deutsch";"weiter";id;l5med9jhv1ht5mg7vcqclrp5i1;ip;217.6.218.90;time(s);16.377.468.930.942;data;<id:prolificID>;<id:prolificID>;prolificID;5a942689b5e2110001c67d93;<id:age>;<id:age>;age;31;<id:sex>;<id:sex>;sex;male;<id:edu>;<id:edu>;edu;Abitur;<id:natLang>;<id:natLang>;natLang;Deutsch;submit;weiter;;
"l5med9jhv1ht5mg7vcqclrp5i1";"feedback";"";"";"";"";"";"";"";"";"";"";"";id;l5med9jhv1ht5mg7vcqclrp5i1;ip;217.6.218.90;time(s);16.377.468.956.916;data;feedback;;;;;;;;;;;;;;;;;;;;;;;
"ohudnie5c6b9nigmq8r83cihu5";"<id:prolificID>";"<id:prolificID>";"607c806a362210faecfdecf8";"<id:age>";"20";"<id:sex>";"female";"<id:edu>";"Ausbildung";"<id:natLang>";"Deutsch";"weiter";id;ohudnie5c6b9nigmq8r83cihu5;ip;193.27.50.73;time(s);16.377.458.059.923;data;<id:prolificID>;<id:prolificID>;prolificID;607c806a362210faecfdecf8;<id:age>;<id:age>;age;20;<id:sex>;<id:sex>;sex;female;<id:edu>;<id:edu>;edu;Ausbildung;<id:natLang>;<id:natLang>;natLang;Deutsch;submit;weiter;;
"ohudnie5c6b9nigmq8r83cihu5";"feedback";"";"";"";"";"";"";"";"";"";"";"";id;ohudnie5c6b9nigmq8r83cihu5;ip;193.27.50.73;time(s);16.377.458.076.280;data;feedback;;;;;;;;;;;;;;;;;;;;;;;
"pffe2humq88lj7fva9mo1ebl54";"<id:prolificID>";"<id:prolificID>";"614ecc457930c774e887f643";"<id:age>";"54";"<id:sex>";"male";"<id:edu>";"Diplom (Uni)";"<id:natLang>";"Deutsch";"weiter";id;pffe2humq88lj7fva9mo1ebl54;ip;160.13.78.123;time(s);16.377.471.890.158;data;<id:prolificID>;<id:prolificID>;prolificID;614ecc457930c774e887f643;<id:age>;<id:age>;age;54;<id:sex>;<id:sex>;sex;male;<id:edu>;<id:edu>;edu;Diplom (Uni);<id:natLang>;<id:natLang>;natLang;Deutsch;submit;weiter;;
"pffe2humq88lj7fva9mo1ebl54";"feedback";"was X dann gemacht hat war sehr allgemein und beinhaltete oft andere m√∂gliche Antworten. ";"";"";"";"";"";"";"";"";"";"";id;pffe2humq88lj7fva9mo1ebl54;ip;160.13.78.123;time(s);16.377.472.666.387;data;feedback;was X dann gemacht hat war sehr allgemein und beinhaltete oft andere m√∂gliche Antworten. ;;;;;;;;;;;;;;;;;;;;;;
"q5m2nv1l45mkl1c0htrldh01i6";"<id:prolificID>";"<id:prolificID>";"61574c44d4bd510e680f9d7a";"<id:age>";"24";"<id:sex>";"male";"<id:edu>";"Realschulabschluss";"<id:natLang>";"Deutsch";"weiter";id;q5m2nv1l45mkl1c0htrldh01i6;ip;93.215.152.156;time(s);16.377.478.796.838;data;<id:prolificID>;<id:prolificID>;prolificID;61574c44d4bd510e680f9d7a;<id:age>;<id:age>;age;24;<id:sex>;<id:sex>;sex;male;<id:edu>;<id:edu>;edu;Realschulabschluss;<id:natLang>;<id:natLang>;natLang;Deutsch;submit;weiter;;
"q5m2nv1l45mkl1c0htrldh01i6";"feedback";"Die Studie hat einen sch√∂nen Aufbau. Sie ist leicht zu verstehen, alles ist gut zu lesen. Die Progressbar hilft die Motivation zu behalten.";"";"";"";"";"";"";"";"";"";"";id;q5m2nv1l45mkl1c0htrldh01i6;ip;93.215.152.156;time(s);16.377.480.283.192;data;feedback;Die Studie hat einen sch√∂nen Aufbau. Sie ist leicht zu verstehen, alles ist gut zu lesen. Die Progressbar hilft die Motivation zu behalten.;;;;;;;;;;;;;;;;;;;;;;
"q5v4pphr37t8ev3o01g02ur1o0";"<id:prolificID>";"<id:prolificID>";"6106a0ff227153e589e7dfc3";"<id:age>";"22";"<id:sex>";"female";"<id:edu>";"Abitur";"<id:natLang>";"Deutsch, T√ºrkisch";"weiter";id;q5v4pphr37t8ev3o01g02ur1o0;ip;84.115.228.178;time(s);16.377.471.350.034;data;<id:prolificID>;<id:prolificID>;prolificID;6106a0ff227153e589e7dfc3;<id:age>;<id:age>;age;22;<id:sex>;<id:sex>;sex;female;<id:edu>;<id:edu>;edu;Abitur;<id:natLang>;<id:natLang>;natLang;Deutsch, T√ºrkisch;submit;weiter;;
"q5v4pphr37t8ev3o01g02ur1o0";"feedback";"";"";"";"";"";"";"";"";"";"";"";id;q5v4pphr37t8ev3o01g02ur1o0;ip;84.115.228.178;time(s);16.377.471.368.225;data;feedback;;;;;;;;;;;;;;;;;;;;;;;
"r1p22jvkdmoibirbhagr60auc1";"<id:prolificID>";"<id:prolificID>";"61378da5b986fb5bf474d049";"<id:age>";"21";"<id:sex>";"female";"<id:edu>";"Matura";"<id:natLang>";"Deutsch";"weiter";id;r1p22jvkdmoibirbhagr60auc1;ip;62.47.243.245;time(s);16.377.476.078.286;data;<id:prolificID>;<id:prolificID>;prolificID;61378da5b986fb5bf474d049;<id:age>;<id:age>;age;21;<id:sex>;<id:sex>;sex;female;<id:edu>;<id:edu>;edu;Matura;<id:natLang>;<id:natLang>;natLang;Deutsch;submit;weiter;;
"r1p22jvkdmoibirbhagr60auc1";"feedback";"";"";"";"";"";"";"";"";"";"";"";id;r1p22jvkdmoibirbhagr60auc1;ip;62.47.243.245;time(s);16.377.476.097.434;data;feedback;;;;;;;;;;;;;;;;;;;;;;;
"r7l8fmuk1s6kenldjutds8qsd7";"<id:prolificID>";"<id:prolificID>";"614e3c3154ce3c5d13251576";"<id:age>";"38";"<id:sex>";"male";"<id:edu>";"Abitur";"<id:natLang>";"deutsch";"weiter";id;r7l8fmuk1s6kenldjutds8qsd7;ip;5.146.255.129;time(s);16.377.467.459.416;data;<id:prolificID>;<id:prolificID>;prolificID;614e3c3154ce3c5d13251576;<id:age>;<id:age>;age;38;<id:sex>;<id:sex>;sex;male;<id:edu>;<id:edu>;edu;Abitur;<id:natLang>;<id:natLang>;natLang;deutsch;submit;weiter;;
"r7l8fmuk1s6kenldjutds8qsd7";"feedback";"";"";"";"";"";"";"";"";"";"";"";id;r7l8fmuk1s6kenldjutds8qsd7;ip;5.146.255.129;time(s);16.377.467.487.942;data;feedback;;;;;;;;;;;;;;;;;;;;;;;
"rf04tu5mjbuek6h19t47ljr3h2";"<id:prolificID>";"<id:prolificID>";"5ea14bf64f71e2000acbc618";"<id:age>";"64";"<id:sex>";"female";"<id:edu>";"Hochschule";"<id:natLang>";"Deutsch";"weiter";id;rf04tu5mjbuek6h19t47ljr3h2;ip;91.110.241.104;time(s);16.377.467.970.566;data;<id:prolificID>;<id:prolificID>;prolificID;5ea14bf64f71e2000acbc618;<id:age>;<id:age>;age;64;<id:sex>;<id:sex>;sex;female;<id:edu>;<id:edu>;edu;Hochschule;<id:natLang>;<id:natLang>;natLang;Deutsch;submit;weiter;;
"rf04tu5mjbuek6h19t47ljr3h2";"feedback";"";"";"";"";"";"";"";"";"";"";"";id;rf04tu5mjbuek6h19t47ljr3h2;ip;91.110.241.104;time(s);16.377.468.214.144;data;feedback;;;;;;;;;;;;;;;;;;;;;;;
"rgqne5uhqj04g27q4icjrv2pf6";"<id:prolificID>";"<id:prolificID>";"60f2c01eda767e48b6c2830a";"<id:age>";"24";"<id:sex>";"male";"<id:edu>";"Matura/Abitur";"<id:natLang>";"Deutsch";"weiter";id;rgqne5uhqj04g27q4icjrv2pf6;ip;165.225.94.113;time(s);16.377.466.510.682;data;<id:prolificID>;<id:prolificID>;prolificID;60f2c01eda767e48b6c2830a;<id:age>;<id:age>;age;24;<id:sex>;<id:sex>;sex;male;<id:edu>;<id:edu>;edu;Matura/Abitur;<id:natLang>;<id:natLang>;natLang;Deutsch;submit;weiter;;
"rgqne5uhqj04g27q4icjrv2pf6";"feedback";"Was der Charakter dann gemacht hat ist ein sehr weiter Begriff, der f√ºr vieles verwendet werden konnte";"";"";"";"";"";"";"";"";"";"";id;rgqne5uhqj04g27q4icjrv2pf6;ip;165.225.94.113;time(s);16.377.466.885.255;data;feedback;Was der Charakter dann gemacht hat ist ein sehr weiter Begriff, der f√ºr vieles verwendet werden konnte;;;;;;;;;;;;;;;;;;;;;;
"s6396g0u8247ar0qm4k2eig813";"<id:prolificID>";"<id:prolificID>";"6166eeb9bbc93cc4ab518c6c";"<id:age>";"28";"<id:sex>";"female";"<id:edu>";"Master (M.Sc.)";"<id:natLang>";"Deutsch";"weiter";id;s6396g0u8247ar0qm4k2eig813;ip;129.187.254.46;time(s);16.377.474.862.504;data;<id:prolificID>;<id:prolificID>;prolificID;6166eeb9bbc93cc4ab518c6c;<id:age>;<id:age>;age;28;<id:sex>;<id:sex>;sex;female;<id:edu>;<id:edu>;edu;Master (M.Sc.);<id:natLang>;<id:natLang>;natLang;Deutsch;submit;weiter;;
"s6396g0u8247ar0qm4k2eig813";"feedback";"";"";"";"";"";"";"";"";"";"";"";id;s6396g0u8247ar0qm4k2eig813;ip;129.187.254.46;time(s);16.377.474.906.826;data;feedback;;;;;;;;;;;;;;;;;;;;;;;
"scfg5e9k7i4ghmhfhr2r5eh783";"<id:prolificID>";"<id:prolificID>";"61238729c0fbab51ed954bef";"<id:age>";"28";"<id:sex>";"female";"<id:edu>";"Masterabschluss";"<id:natLang>";"Deutsch";"weiter";id;scfg5e9k7i4ghmhfhr2r5eh783;ip;88.117.118.6;time(s);16.377.456.628.853;data;<id:prolificID>;<id:prolificID>;prolificID;61238729c0fbab51ed954bef;<id:age>;<id:age>;age;28;<id:sex>;<id:sex>;sex;female;<id:edu>;<id:edu>;edu;Masterabschluss;<id:natLang>;<id:natLang>;natLang;Deutsch;submit;weiter;;
"scfg5e9k7i4ghmhfhr2r5eh783";"feedback";"";"";"";"";"";"";"";"";"";"";"";id;scfg5e9k7i4ghmhfhr2r5eh783;ip;88.117.118.6;time(s);16.377.456.646.225;data;feedback;;;;;;;;;;;;;;;;;;;;;;;
"sfpq3da2kqj33e0e9ue4f0d265";"<id:prolificID>";"<id:prolificID>";"615043f81a9464fc0e5a87bf";"<id:age>";"46";"<id:sex>";"male";"<id:edu>";"M.A. & Dipl.-Ing.";"<id:natLang>";"deutsch";"weiter";id;sfpq3da2kqj33e0e9ue4f0d265;ip;80.133.112.242;time(s);16.377.471.587.700;data;<id:prolificID>;<id:prolificID>;prolificID;615043f81a9464fc0e5a87bf;<id:age>;<id:age>;age;46;<id:sex>;<id:sex>;sex;male;<id:edu>;<id:edu>;edu;M.A. & Dipl.-Ing.;<id:natLang>;<id:natLang>;natLang;deutsch;submit;weiter;;
"sfpq3da2kqj33e0e9ue4f0d265";"feedback";"war deutlich koh√§renter und nachvollziehbarer (auch im \"handling\") als viele der anderen studien, die man bei prolific angeboten kommt. :)";"";"";"";"";"";"";"";"";"";"";id;sfpq3da2kqj33e0e9ue4f0d265;ip;80.133.112.242;time(s);16.377.472.002.498;data;feedback;war deutlich koh√§renter und nachvollziehbarer (auch im "handling") als viele der anderen studien, die man bei prolific angeboten kommt. :);;;;;;;;;;;;;;;;;;;;;;
"su1s9b5o3spg1cl1d8jmr0r4n3";"<id:prolificID>";"<id:prolificID>";"60b5e0c5d5961058833d61ca";"<id:age>";"23";"<id:sex>";"male";"<id:edu>";"Matura";"<id:natLang>";"Deutsch";"weiter";id;su1s9b5o3spg1cl1d8jmr0r4n3;ip;83.65.220.227;time(s);16.377.467.062.193;data;<id:prolificID>;<id:prolificID>;prolificID;60b5e0c5d5961058833d61ca;<id:age>;<id:age>;age;23;<id:sex>;<id:sex>;sex;male;<id:edu>;<id:edu>;edu;Matura;<id:natLang>;<id:natLang>;natLang;Deutsch;submit;weiter;;
"su1s9b5o3spg1cl1d8jmr0r4n3";"feedback";"";"";"";"";"";"";"";"";"";"";"";id;su1s9b5o3spg1cl1d8jmr0r4n3;ip;83.65.220.227;time(s);16.377.467.084.947;data;feedback;;;;;;;;;;;;;;;;;;;;;;;
"tn95f8g8dee2ptbj2k0428sfl4";"<id:prolificID>";"<id:prolificID>";"5e6a3e3d265930022e81c70b";"<id:age>";"27";"<id:sex>";"male";"<id:edu>";"Fachabitur";"<id:natLang>";"Deutsch, Russisch";"weiter";id;tn95f8g8dee2ptbj2k0428sfl4;ip;84.186.42.50;time(s);16.377.463.243.633;data;<id:prolificID>;<id:prolificID>;prolificID;5e6a3e3d265930022e81c70b;<id:age>;<id:age>;age;27;<id:sex>;<id:sex>;sex;male;<id:edu>;<id:edu>;edu;Fachabitur;<id:natLang>;<id:natLang>;natLang;Deutsch, Russisch;submit;weiter;;
"tn95f8g8dee2ptbj2k0428sfl4";"feedback";"Die S√§tze waren leicht und verst√§ndlich, die Auswahl war sehr gut so k√∂nnen sie auch Personen aussortieren die zuf√§llig was eingeben. ";"";"";"";"";"";"";"";"";"";"";id;tn95f8g8dee2ptbj2k0428sfl4;ip;84.186.42.50;time(s);16.377.464.371.367;data;feedback;Die S√§tze waren leicht und verst√§ndlich, die Auswahl war sehr gut so k√∂nnen sie auch Personen aussortieren die zuf√§llig was eingeben. ;;;;;;;;;;;;;;;;;;;;;;
"unr4upmurd6tb7ufh7vj1hhqn7";"<id:prolificID>";"<id:prolificID>";"5e21ce87a79c2b4bd0b8f096";"<id:age>";"62";"<id:sex>";"female";"<id:edu>";"Abitur";"<id:natLang>";"Deutsch";"weiter";id;unr4upmurd6tb7ufh7vj1hhqn7;ip;89.19.67.240;time(s);16.377.466.144.468;data;<id:prolificID>;<id:prolificID>;prolificID;5e21ce87a79c2b4bd0b8f096;<id:age>;<id:age>;age;62;<id:sex>;<id:sex>;sex;female;<id:edu>;<id:edu>;edu;Abitur;<id:natLang>;<id:natLang>;natLang;Deutsch;submit;weiter;;
"unr4upmurd6tb7ufh7vj1hhqn7";"feedback";"";"";"";"";"";"";"";"";"";"";"";id;unr4upmurd6tb7ufh7vj1hhqn7;ip;89.19.67.240;time(s);16.377.466.169.982;data;feedback;;;;;;;;;;;;;;;;;;;;;;;
"vct4iv9vi7da34tmtqderkep62";"<id:prolificID>";"<id:prolificID>";"600bcf5e316e2628c33d0a0a";"<id:age>";"28";"<id:sex>";"male";"<id:edu>";"Berufsreife";"<id:natLang>";"Deutsch";"weiter";id;vct4iv9vi7da34tmtqderkep62;ip;79.242.130.19;time(s);16.377.451.116.855;data;<id:prolificID>;<id:prolificID>;prolificID;600bcf5e316e2628c33d0a0a;<id:age>;<id:age>;age;28;<id:sex>;<id:sex>;sex;male;<id:edu>;<id:edu>;edu;Berufsreife;<id:natLang>;<id:natLang>;natLang;Deutsch;submit;weiter;;
"vct4iv9vi7da34tmtqderkep62";"feedback";"";"";"";"";"";"";"";"";"";"";"";id;vct4iv9vi7da34tmtqderkep62;ip;79.242.130.19;time(s);16.377.451.173.107;data;feedback;;;;;;;;;;;;;;;;;;;;;;;
"vk83ec5g0h5ljcdgpe7lg1snd6";"<id:prolificID>";"<id:prolificID>";"60ba3ebfc9057bd9ad6c8cfa";"<id:age>";"42";"<id:sex>";"female";"<id:edu>";"Gymnasium";"<id:natLang>";"Deutsch";"weiter";id;vk83ec5g0h5ljcdgpe7lg1snd6;ip;92.7.122.190;time(s);16.377.472.358.035;data;<id:prolificID>;<id:prolificID>;prolificID;60ba3ebfc9057bd9ad6c8cfa;<id:age>;<id:age>;age;42;<id:sex>;<id:sex>;sex;female;<id:edu>;<id:edu>;edu;Gymnasium;<id:natLang>;<id:natLang>;natLang;Deutsch;submit;weiter;;
"vk83ec5g0h5ljcdgpe7lg1snd6";"feedback";"";"";"";"";"";"";"";"";"";"";"";id;vk83ec5g0h5ljcdgpe7lg1snd6;ip;92.7.122.190;time(s);16.377.472.392.862;data;feedback;;;;;;;;;;;;;;;;;;;;;;;
"vmub1rimb73apk5jhp6rjb5jl0";"<id:prolificID>";"<id:prolificID>";"5be95af71ca46b0001862746";"<id:age>";"46";"<id:sex>";"male";"<id:edu>";"diplom";"<id:natLang>";"deutsch";"weiter";id;vmub1rimb73apk5jhp6rjb5jl0;ip;77.191.120.242;time(s);16.377.474.846.730;data;<id:prolificID>;<id:prolificID>;prolificID;5be95af71ca46b0001862746;<id:age>;<id:age>;age;46;<id:sex>;<id:sex>;sex;male;<id:edu>;<id:edu>;edu;diplom;<id:natLang>;<id:natLang>;natLang;deutsch;submit;weiter;;
"vmub1rimb73apk5jhp6rjb5jl0";"feedback";"";"";"";"";"";"";"";"";"";"";"";id;vmub1rimb73apk5jhp6rjb5jl0;ip;77.191.120.242;time(s);16.377.474.889.170;data;feedback;;;;;;;;;;;;;;;;;;;;;;;
