id;4rsoovo2npdlua6oolpcaruv54;ip;95.223.69.201;time(s);16.382.002.950.280;data;submit;Ich möchte an dem Experiment teilnehmen!;;;;;;;;;;;;;;;;;;;;
id;4rsoovo2npdlua6oolpcaruv54;ip;95.223.69.201;time(s);16.382.003.407.864;data;judgement;-100;submit;Experiment starten;;;;;;;;;;;;;;;;;;
id;4rsoovo2npdlua6oolpcaruv54;ip;95.223.69.201;time(s);16.382.003.604.508;data;<id:f-1>;<id:f-1>;<id:front>;<id:front>;<id:unfront>;<id:unfront>;judgement;49;submit;weiter;;;;;;;;;;;;
id;4rsoovo2npdlua6oolpcaruv54;ip;95.223.69.201;time(s);16.382.003.749.410;data;<id:control-1>;<id:control-1>;<id:pro>;<id:pro>;<id:definite>;<id:definite>;judgement;76;submit;weiter;;;;;;;;;;;;
id;4rsoovo2npdlua6oolpcaruv54;ip;95.223.69.201;time(s);16.382.004.017.362;data;<id:f-3>;<id:f-3>;<id:front>;<id:front>;<id:unfront>;<id:unfront>;judgement;5;submit;weiter;;;;;;;;;;;;
id;4rsoovo2npdlua6oolpcaruv54;ip;95.223.69.201;time(s);16.382.004.105.449;data;<id:f-6>;<id:f-6>;<id:dm>;<id:dm>;<id:no_dm>;<id:no_dm>;judgement;-25;submit;weiter;;;;;;;;;;;;
id;4rsoovo2npdlua6oolpcaruv54;ip;95.223.69.201;time(s);16.382.004.204.937;data;<id:f-7>;<id:f-7>;<id:no_dm>;<id:no_dm>;<id:dm>;<id:dm>;judgement;42;submit;weiter;;;;;;;;;;;;
id;4rsoovo2npdlua6oolpcaruv54;ip;95.223.69.201;time(s);16.382.004.344.392;data;<id:f-8>;<id:f-8>;<id:dm>;<id:dm>;<id:no_dm>;<id:no_dm>;judgement;-47;submit;weiter;;;;;;;;;;;;
id;4rsoovo2npdlua6oolpcaruv54;ip;95.223.69.201;time(s);16.382.004.436.269;data;<id:c1-t4>;<id:c1-t4>;<id:canonical>;<id:canonical>;<id:cleft>;<id:cleft>;judgement;63;submit;weiter;;;;;;;;;;;;
id;4rsoovo2npdlua6oolpcaruv54;ip;95.223.69.201;time(s);16.382.004.582.733;data;<id:control-2>;<id:control-2>;<id:definite>;<id:definite>;<id:pro>;<id:pro>;judgement;-82;submit;weiter;;;;;;;;;;;;
id;4rsoovo2npdlua6oolpcaruv54;ip;95.223.69.201;time(s);16.382.004.713.473;data;<id:f-5>;<id:f-5>;<id:no_dm>;<id:no_dm>;<id:dm>;<id:dm>;judgement;91;submit;weiter;;;;;;;;;;;;
id;4rsoovo2npdlua6oolpcaruv54;ip;95.223.69.201;time(s);16.382.004.855.544;data;<id:c3-t2>;<id:c3-t2>;<id:cleft>;<id:cleft>;<id:canonical>;<id:canonical>;judgement;-29;submit;weiter;;;;;;;;;;;;
id;4rsoovo2npdlua6oolpcaruv54;ip;95.223.69.201;time(s);16.382.004.934.498;data;<id:control-3>;<id:control-3>;<id:pro>;<id:pro>;<id:definite>;<id:definite>;judgement;-46;submit;weiter;;;;;;;;;;;;
id;4rsoovo2npdlua6oolpcaruv54;ip;95.223.69.201;time(s);16.382.005.055.372;data;<id:c3-t1>;<id:c3-t1>;<id:canonical>;<id:canonical>;<id:cleft>;<id:cleft>;judgement;0;submit;weiter;;;;;;;;;;;;
id;4rsoovo2npdlua6oolpcaruv54;ip;95.223.69.201;time(s);16.382.005.156.721;data;<id:f-2>;<id:f-2>;<id:unfront>;<id:unfront>;<id:front>;<id:front>;judgement;-71;submit;weiter;;;;;;;;;;;;
id;4rsoovo2npdlua6oolpcaruv54;ip;95.223.69.201;time(s);16.382.005.271.996;data;<id:f-4>;<id:f-4>;<id:unfront>;<id:unfront>;<id:front>;<id:front>;judgement;-62;submit;weiter;;;;;;;;;;;;
id;4rsoovo2npdlua6oolpcaruv54;ip;95.223.69.201;time(s);16.382.005.340.573;data;<id:c1-t5>;<id:c1-t5>;<id:canonical>;<id:canonical>;<id:cleft>;<id:cleft>;judgement;0;submit;weiter;;;;;;;;;;;;
id;4rsoovo2npdlua6oolpcaruv54;ip;95.223.69.201;time(s);16.382.005.431.605;data;<id:control-4>;<id:control-4>;<id:definite>;<id:definite>;<id:pro>;<id:pro>;judgement;0;submit;weiter;;;;;;;;;;;;
id;4rsoovo2npdlua6oolpcaruv54;ip;95.223.69.201;time(s);16.382.005.707.633;data;<id:prolificID>;<id:prolificID>;prolificID;5dea808cce8d8d19f5424b21;<id:age>;<id:age>;age;33;<id:sex>;<id:sex>;sex;male;<id:edu>;<id:edu>;edu;B.A.;<id:natLang>;<id:natLang>;natLang;deutsch;submit;weiter
id;4rsoovo2npdlua6oolpcaruv54;ip;95.223.69.201;time(s);16.382.005.726.356;data;feedback;;;;;;;;;;;;;;;;;;;;;
id;749frtf1q1rvtsf2ksomjbso74;ip;46.223.163.254;time(s);16.382.016.661.905;data;submit;Ich möchte an dem Experiment teilnehmen!;;;;;;;;;;;;;;;;;;;;
id;749frtf1q1rvtsf2ksomjbso74;ip;46.223.163.254;time(s);16.382.017.169.930;data;judgement;-100;submit;Experiment starten;;;;;;;;;;;;;;;;;;
id;749frtf1q1rvtsf2ksomjbso74;ip;46.223.163.254;time(s);16.382.017.334.462;data;<id:f-8>;<id:f-8>;<id:no_dm>;<id:no_dm>;<id:dm>;<id:dm>;judgement;100;submit;weiter;;;;;;;;;;;;
id;749frtf1q1rvtsf2ksomjbso74;ip;46.223.163.254;time(s);16.382.017.739.199;data;<id:c1-t4>;<id:c1-t4>;<id:canonical>;<id:canonical>;<id:cleft>;<id:cleft>;judgement;100;submit;weiter;;;;;;;;;;;;
id;749frtf1q1rvtsf2ksomjbso74;ip;46.223.163.254;time(s);16.382.017.877.143;data;<id:f-4>;<id:f-4>;<id:unfront>;<id:unfront>;<id:front>;<id:front>;judgement;-72;submit;weiter;;;;;;;;;;;;
id;749frtf1q1rvtsf2ksomjbso74;ip;46.223.163.254;time(s);16.382.017.979.280;data;<id:f-3>;<id:f-3>;<id:front>;<id:front>;<id:unfront>;<id:unfront>;judgement;73;submit;weiter;;;;;;;;;;;;
id;749frtf1q1rvtsf2ksomjbso74;ip;46.223.163.254;time(s);16.382.018.087.486;data;<id:f-5>;<id:f-5>;<id:dm>;<id:dm>;<id:no_dm>;<id:no_dm>;judgement;83;submit;weiter;;;;;;;;;;;;
id;749frtf1q1rvtsf2ksomjbso74;ip;46.223.163.254;time(s);16.382.018.251.130;data;<id:control-1>;<id:control-1>;<id:pro>;<id:pro>;<id:definite>;<id:definite>;judgement;100;submit;weiter;;;;;;;;;;;;
id;749frtf1q1rvtsf2ksomjbso74;ip;46.223.163.254;time(s);16.382.018.347.244;data;<id:f-2>;<id:f-2>;<id:unfront>;<id:unfront>;<id:front>;<id:front>;judgement;100;submit;weiter;;;;;;;;;;;;
id;749frtf1q1rvtsf2ksomjbso74;ip;46.223.163.254;time(s);16.382.018.446.571;data;<id:c1-t5>;<id:c1-t5>;<id:canonical>;<id:canonical>;<id:cleft>;<id:cleft>;judgement;83;submit;weiter;;;;;;;;;;;;
id;749frtf1q1rvtsf2ksomjbso74;ip;46.223.163.254;time(s);16.382.018.600.922;data;<id:f-1>;<id:f-1>;<id:front>;<id:front>;<id:unfront>;<id:unfront>;judgement;57;submit;weiter;;;;;;;;;;;;
id;749frtf1q1rvtsf2ksomjbso74;ip;46.223.163.254;time(s);16.382.018.668.373;data;<id:f-6>;<id:f-6>;<id:no_dm>;<id:no_dm>;<id:dm>;<id:dm>;judgement;81;submit;weiter;;;;;;;;;;;;
id;749frtf1q1rvtsf2ksomjbso74;ip;46.223.163.254;time(s);16.382.018.808.343;data;<id:control-2>;<id:control-2>;<id:pro>;<id:pro>;<id:definite>;<id:definite>;judgement;90;submit;weiter;;;;;;;;;;;;
id;749frtf1q1rvtsf2ksomjbso74;ip;46.223.163.254;time(s);16.382.018.894.862;data;<id:control-4>;<id:control-4>;<id:definite>;<id:definite>;<id:pro>;<id:pro>;judgement;100;submit;weiter;;;;;;;;;;;;
id;749frtf1q1rvtsf2ksomjbso74;ip;46.223.163.254;time(s);16.382.018.965.614;data;<id:control-3>;<id:control-3>;<id:pro>;<id:pro>;<id:definite>;<id:definite>;judgement;-100;submit;weiter;;;;;;;;;;;;
id;749frtf1q1rvtsf2ksomjbso74;ip;46.223.163.254;time(s);16.382.019.097.722;data;<id:c3-t1>;<id:c3-t1>;<id:cleft>;<id:cleft>;<id:canonical>;<id:canonical>;judgement;100;submit;weiter;;;;;;;;;;;;
id;749frtf1q1rvtsf2ksomjbso74;ip;46.223.163.254;time(s);16.382.019.208.597;data;<id:f-7>;<id:f-7>;<id:no_dm>;<id:no_dm>;<id:dm>;<id:dm>;judgement;100;submit;weiter;;;;;;;;;;;;
id;749frtf1q1rvtsf2ksomjbso74;ip;46.223.163.254;time(s);16.382.019.449.185;data;<id:c3-t2>;<id:c3-t2>;<id:cleft>;<id:cleft>;<id:canonical>;<id:canonical>;judgement;100;submit;weiter;;;;;;;;;;;;
id;749frtf1q1rvtsf2ksomjbso74;ip;46.223.163.254;time(s);16.382.019.608.370;data;<id:prolificID>;<id:prolificID>;prolificID;6106dcf7b16d208e0df2b07c;<id:age>;<id:age>;age;20;<id:sex>;<id:sex>;sex;female;<id:edu>;<id:edu>;edu;Abitur;<id:natLang>;<id:natLang>;natLang;Deutsch;submit;weiter
id;749frtf1q1rvtsf2ksomjbso74;ip;46.223.163.254;time(s);16.382.019.803.714;data;feedback;Sehr nette und unterhaltsame Studie :);;;;;;;;;;;;;;;;;;;;
id;74qrfodv3mdfj50o7v1h8jgae5;ip;217.91.175.50;time(s);16.382.006.246.871;data;submit;Ich möchte an dem Experiment teilnehmen!;;;;;;;;;;;;;;;;;;;;
id;74qrfodv3mdfj50o7v1h8jgae5;ip;217.91.175.50;time(s);16.382.006.812.326;data;judgement;-100;submit;Experiment starten;;;;;;;;;;;;;;;;;;
id;74qrfodv3mdfj50o7v1h8jgae5;ip;217.91.175.50;time(s);16.382.006.956.157;data;<id:control-1>;<id:control-1>;<id:pro>;<id:pro>;<id:definite>;<id:definite>;judgement;99;submit;weiter;;;;;;;;;;;;
id;74qrfodv3mdfj50o7v1h8jgae5;ip;217.91.175.50;time(s);16.382.007.052.828;data;<id:c3-t1>;<id:c3-t1>;<id:canonical>;<id:canonical>;<id:cleft>;<id:cleft>;judgement;100;submit;weiter;;;;;;;;;;;;
id;74qrfodv3mdfj50o7v1h8jgae5;ip;217.91.175.50;time(s);16.382.007.118.269;data;<id:c1-t4>;<id:c1-t4>;<id:cleft>;<id:cleft>;<id:canonical>;<id:canonical>;judgement;-97;submit;weiter;;;;;;;;;;;;
id;74qrfodv3mdfj50o7v1h8jgae5;ip;217.91.175.50;time(s);16.382.007.173.772;data;<id:f-6>;<id:f-6>;<id:no_dm>;<id:no_dm>;<id:dm>;<id:dm>;judgement;90;submit;weiter;;;;;;;;;;;;
id;74qrfodv3mdfj50o7v1h8jgae5;ip;217.91.175.50;time(s);16.382.007.292.609;data;<id:c3-t2>;<id:c3-t2>;<id:cleft>;<id:cleft>;<id:canonical>;<id:canonical>;judgement;-78;submit;weiter;;;;;;;;;;;;
id;74qrfodv3mdfj50o7v1h8jgae5;ip;217.91.175.50;time(s);16.382.007.442.980;data;<id:control-4>;<id:control-4>;<id:pro>;<id:pro>;<id:definite>;<id:definite>;judgement;-82;submit;weiter;;;;;;;;;;;;
id;74qrfodv3mdfj50o7v1h8jgae5;ip;217.91.175.50;time(s);16.382.007.599.701;data;<id:f-3>;<id:f-3>;<id:unfront>;<id:unfront>;<id:front>;<id:front>;judgement;30;submit;weiter;;;;;;;;;;;;
id;74qrfodv3mdfj50o7v1h8jgae5;ip;217.91.175.50;time(s);16.382.007.692.217;data;<id:f-8>;<id:f-8>;<id:dm>;<id:dm>;<id:no_dm>;<id:no_dm>;judgement;-16;submit;weiter;;;;;;;;;;;;
id;74qrfodv3mdfj50o7v1h8jgae5;ip;217.91.175.50;time(s);16.382.007.755.812;data;<id:c1-t5>;<id:c1-t5>;<id:canonical>;<id:canonical>;<id:cleft>;<id:cleft>;judgement;23;submit;weiter;;;;;;;;;;;;
id;74qrfodv3mdfj50o7v1h8jgae5;ip;217.91.175.50;time(s);16.382.007.870.898;data;<id:f-4>;<id:f-4>;<id:front>;<id:front>;<id:unfront>;<id:unfront>;judgement;18;submit;weiter;;;;;;;;;;;;
id;74qrfodv3mdfj50o7v1h8jgae5;ip;217.91.175.50;time(s);16.382.007.948.177;data;<id:f-7>;<id:f-7>;<id:dm>;<id:dm>;<id:no_dm>;<id:no_dm>;judgement;-35;submit;weiter;;;;;;;;;;;;
id;74qrfodv3mdfj50o7v1h8jgae5;ip;217.91.175.50;time(s);16.382.008.089.820;data;<id:f-5>;<id:f-5>;<id:dm>;<id:dm>;<id:no_dm>;<id:no_dm>;judgement;-1;submit;weiter;;;;;;;;;;;;
id;74qrfodv3mdfj50o7v1h8jgae5;ip;217.91.175.50;time(s);16.382.008.141.625;data;<id:f-1>;<id:f-1>;<id:unfront>;<id:unfront>;<id:front>;<id:front>;judgement;-12;submit;weiter;;;;;;;;;;;;
id;74qrfodv3mdfj50o7v1h8jgae5;ip;217.91.175.50;time(s);16.382.008.180.820;data;<id:control-2>;<id:control-2>;<id:pro>;<id:pro>;<id:definite>;<id:definite>;judgement;11;submit;weiter;;;;;;;;;;;;
id;74qrfodv3mdfj50o7v1h8jgae5;ip;217.91.175.50;time(s);16.382.008.268.387;data;<id:f-2>;<id:f-2>;<id:unfront>;<id:unfront>;<id:front>;<id:front>;judgement;13;submit;weiter;;;;;;;;;;;;
id;74qrfodv3mdfj50o7v1h8jgae5;ip;217.91.175.50;time(s);16.382.008.320.587;data;<id:control-3>;<id:control-3>;<id:pro>;<id:pro>;<id:definite>;<id:definite>;judgement;0;submit;weiter;;;;;;;;;;;;
id;74qrfodv3mdfj50o7v1h8jgae5;ip;217.91.175.50;time(s);16.382.008.490.926;data;<id:prolificID>;<id:prolificID>;prolificID;6106da09b043167615d4c6ef;<id:age>;<id:age>;age;28;<id:sex>;<id:sex>;sex;male;<id:edu>;<id:edu>;edu;Ausbildung;<id:natLang>;<id:natLang>;natLang;deutsch;submit;weiter
id;74qrfodv3mdfj50o7v1h8jgae5;ip;217.91.175.50;time(s);16.382.008.512.380;data;feedback;;;;;;;;;;;;;;;;;;;;;
id;85trs68milba6cctvn27pte746;ip;81.20.127.8;time(s);16.382.009.302.408;data;submit;Ich möchte an dem Experiment teilnehmen!;;;;;;;;;;;;;;;;;;;;
id;85trs68milba6cctvn27pte746;ip;81.20.127.8;time(s);16.382.009.781.990;data;judgement;-100;submit;Experiment starten;;;;;;;;;;;;;;;;;;
id;85trs68milba6cctvn27pte746;ip;81.20.127.8;time(s);16.382.009.913.019;data;<id:f-2>;<id:f-2>;<id:unfront>;<id:unfront>;<id:front>;<id:front>;judgement;-100;submit;weiter;;;;;;;;;;;;
id;85trs68milba6cctvn27pte746;ip;81.20.127.8;time(s);16.382.010.046.142;data;<id:c1-t5>;<id:c1-t5>;<id:canonical>;<id:canonical>;<id:cleft>;<id:cleft>;judgement;100;submit;weiter;;;;;;;;;;;;
id;85trs68milba6cctvn27pte746;ip;81.20.127.8;time(s);16.382.010.120.592;data;<id:control-3>;<id:control-3>;<id:pro>;<id:pro>;<id:definite>;<id:definite>;judgement;-100;submit;weiter;;;;;;;;;;;;
id;85trs68milba6cctvn27pte746;ip;81.20.127.8;time(s);16.382.010.221.030;data;<id:f-7>;<id:f-7>;<id:no_dm>;<id:no_dm>;<id:dm>;<id:dm>;judgement;100;submit;weiter;;;;;;;;;;;;
id;85trs68milba6cctvn27pte746;ip;81.20.127.8;time(s);16.382.010.372.625;data;<id:f-1>;<id:f-1>;<id:front>;<id:front>;<id:unfront>;<id:unfront>;judgement;97;submit;weiter;;;;;;;;;;;;
id;85trs68milba6cctvn27pte746;ip;81.20.127.8;time(s);16.382.010.467.587;data;<id:control-4>;<id:control-4>;<id:pro>;<id:pro>;<id:definite>;<id:definite>;judgement;-100;submit;weiter;;;;;;;;;;;;
id;85trs68milba6cctvn27pte746;ip;81.20.127.8;time(s);16.382.010.593.138;data;<id:c1-t4>;<id:c1-t4>;<id:canonical>;<id:canonical>;<id:cleft>;<id:cleft>;judgement;29;submit;weiter;;;;;;;;;;;;
id;85trs68milba6cctvn27pte746;ip;81.20.127.8;time(s);16.382.010.773.470;data;<id:control-2>;<id:control-2>;<id:pro>;<id:pro>;<id:definite>;<id:definite>;judgement;46;submit;weiter;;;;;;;;;;;;
id;85trs68milba6cctvn27pte746;ip;81.20.127.8;time(s);16.382.010.898.352;data;<id:f-5>;<id:f-5>;<id:dm>;<id:dm>;<id:no_dm>;<id:no_dm>;judgement;-100;submit;weiter;;;;;;;;;;;;
id;85trs68milba6cctvn27pte746;ip;81.20.127.8;time(s);16.382.011.049.792;data;<id:c3-t1>;<id:c3-t1>;<id:cleft>;<id:cleft>;<id:canonical>;<id:canonical>;judgement;-24;submit;weiter;;;;;;;;;;;;
id;85trs68milba6cctvn27pte746;ip;81.20.127.8;time(s);16.382.011.180.396;data;<id:control-1>;<id:control-1>;<id:pro>;<id:pro>;<id:definite>;<id:definite>;judgement;84;submit;weiter;;;;;;;;;;;;
id;85trs68milba6cctvn27pte746;ip;81.20.127.8;time(s);16.382.011.285.755;data;<id:f-3>;<id:f-3>;<id:front>;<id:front>;<id:unfront>;<id:unfront>;judgement;74;submit;weiter;;;;;;;;;;;;
id;85trs68milba6cctvn27pte746;ip;81.20.127.8;time(s);16.382.011.403.281;data;<id:c3-t2>;<id:c3-t2>;<id:cleft>;<id:cleft>;<id:canonical>;<id:canonical>;judgement;-37;submit;weiter;;;;;;;;;;;;
id;85trs68milba6cctvn27pte746;ip;81.20.127.8;time(s);16.382.011.630.527;data;<id:f-8>;<id:f-8>;<id:no_dm>;<id:no_dm>;<id:dm>;<id:dm>;judgement;71;submit;weiter;;;;;;;;;;;;
id;85trs68milba6cctvn27pte746;ip;81.20.127.8;time(s);16.382.011.712.045;data;<id:f-6>;<id:f-6>;<id:no_dm>;<id:no_dm>;<id:dm>;<id:dm>;judgement;60;submit;weiter;;;;;;;;;;;;
id;85trs68milba6cctvn27pte746;ip;81.20.127.8;time(s);16.382.011.769.790;data;<id:f-4>;<id:f-4>;<id:unfront>;<id:unfront>;<id:front>;<id:front>;judgement;-100;submit;weiter;;;;;;;;;;;;
id;85trs68milba6cctvn27pte746;ip;81.20.127.8;time(s);16.382.011.999.770;data;<id:prolificID>;<id:prolificID>;prolificID;601f78f6f378774abbf1eb28;<id:age>;<id:age>;age;36;<id:sex>;<id:sex>;sex;male;<id:edu>;<id:edu>;edu;Realschule;<id:natLang>;<id:natLang>;natLang;deutsch;submit;weiter
id;85trs68milba6cctvn27pte746;ip;81.20.127.8;time(s);16.382.012.033.090;data;feedback;;;;;;;;;;;;;;;;;;;;;
id;8otsdmvctnnonfbm3j8qqajhm5;ip;94.16.160.94;time(s);16.381.981.230.660;data;submit;Ich möchte an dem Experiment teilnehmen!;;;;;;;;;;;;;;;;;;;;
id;8otsdmvctnnonfbm3j8qqajhm5;ip;94.16.160.94;time(s);16.381.981.955.863;data;judgement;-100;submit;Experiment starten;;;;;;;;;;;;;;;;;;
id;8otsdmvctnnonfbm3j8qqajhm5;ip;94.16.160.94;time(s);16.381.982.123.655;data;<id:f-7>;<id:f-7>;<id:no_dm>;<id:no_dm>;<id:dm>;<id:dm>;judgement;100;submit;weiter;;;;;;;;;;;;
id;8otsdmvctnnonfbm3j8qqajhm5;ip;94.16.160.94;time(s);16.381.982.321.208;data;<id:control-2>;<id:control-2>;<id:definite>;<id:definite>;<id:pro>;<id:pro>;judgement;-100;submit;weiter;;;;;;;;;;;;
id;8otsdmvctnnonfbm3j8qqajhm5;ip;94.16.160.94;time(s);16.381.982.503.290;data;<id:f-2>;<id:f-2>;<id:unfront>;<id:unfront>;<id:front>;<id:front>;judgement;13;submit;weiter;;;;;;;;;;;;
id;8otsdmvctnnonfbm3j8qqajhm5;ip;94.16.160.94;time(s);16.381.982.599.869;data;<id:control-3>;<id:control-3>;<id:pro>;<id:pro>;<id:definite>;<id:definite>;judgement;-80;submit;weiter;;;;;;;;;;;;
id;8otsdmvctnnonfbm3j8qqajhm5;ip;94.16.160.94;time(s);16.381.982.685.601;data;<id:f-4>;<id:f-4>;<id:unfront>;<id:unfront>;<id:front>;<id:front>;judgement;-100;submit;weiter;;;;;;;;;;;;
id;8otsdmvctnnonfbm3j8qqajhm5;ip;94.16.160.94;time(s);16.381.982.820.399;data;<id:control-4>;<id:control-4>;<id:pro>;<id:pro>;<id:definite>;<id:definite>;judgement;-100;submit;weiter;;;;;;;;;;;;
id;8otsdmvctnnonfbm3j8qqajhm5;ip;94.16.160.94;time(s);16.381.982.961.242;data;<id:f-8>;<id:f-8>;<id:dm>;<id:dm>;<id:no_dm>;<id:no_dm>;judgement;-100;submit;weiter;;;;;;;;;;;;
id;8otsdmvctnnonfbm3j8qqajhm5;ip;94.16.160.94;time(s);16.381.983.098.002;data;<id:c3-t2>;<id:c3-t2>;<id:cleft>;<id:cleft>;<id:canonical>;<id:canonical>;judgement;-100;submit;weiter;;;;;;;;;;;;
id;8otsdmvctnnonfbm3j8qqajhm5;ip;94.16.160.94;time(s);16.381.983.299.010;data;<id:control-1>;<id:control-1>;<id:pro>;<id:pro>;<id:definite>;<id:definite>;judgement;100;submit;weiter;;;;;;;;;;;;
id;8otsdmvctnnonfbm3j8qqajhm5;ip;94.16.160.94;time(s);16.381.983.442.779;data;<id:c1-t4>;<id:c1-t4>;<id:cleft>;<id:cleft>;<id:canonical>;<id:canonical>;judgement;100;submit;weiter;;;;;;;;;;;;
id;8otsdmvctnnonfbm3j8qqajhm5;ip;94.16.160.94;time(s);16.381.983.592.074;data;<id:f-1>;<id:f-1>;<id:front>;<id:front>;<id:unfront>;<id:unfront>;judgement;100;submit;weiter;;;;;;;;;;;;
id;8otsdmvctnnonfbm3j8qqajhm5;ip;94.16.160.94;time(s);16.381.983.728.698;data;<id:c1-t5>;<id:c1-t5>;<id:cleft>;<id:cleft>;<id:canonical>;<id:canonical>;judgement;100;submit;weiter;;;;;;;;;;;;
id;8otsdmvctnnonfbm3j8qqajhm5;ip;94.16.160.94;time(s);16.381.983.884.596;data;<id:f-6>;<id:f-6>;<id:dm>;<id:dm>;<id:no_dm>;<id:no_dm>;judgement;-1;submit;weiter;;;;;;;;;;;;
id;8otsdmvctnnonfbm3j8qqajhm5;ip;94.16.160.94;time(s);16.381.984.086.096;data;<id:f-5>;<id:f-5>;<id:dm>;<id:dm>;<id:no_dm>;<id:no_dm>;judgement;-100;submit;weiter;;;;;;;;;;;;
id;8otsdmvctnnonfbm3j8qqajhm5;ip;94.16.160.94;time(s);16.381.984.219.421;data;<id:c3-t1>;<id:c3-t1>;<id:cleft>;<id:cleft>;<id:canonical>;<id:canonical>;judgement;-100;submit;weiter;;;;;;;;;;;;
id;8otsdmvctnnonfbm3j8qqajhm5;ip;94.16.160.94;time(s);16.381.984.319.370;data;<id:f-3>;<id:f-3>;<id:front>;<id:front>;<id:unfront>;<id:unfront>;judgement;100;submit;weiter;;;;;;;;;;;;
id;8otsdmvctnnonfbm3j8qqajhm5;ip;94.16.160.94;time(s);16.381.984.644.746;data;<id:prolificID>;<id:prolificID>;prolificID;61556def7be7a5e6ad20ba8d;<id:age>;<id:age>;age;45;<id:sex>;<id:sex>;sex;male;<id:edu>;<id:edu>;edu;Master;<id:natLang>;<id:natLang>;natLang;Deutsch;submit;weiter
id;8otsdmvctnnonfbm3j8qqajhm5;ip;94.16.160.94;time(s);16.381.984.707.181;data;feedback;;;;;;;;;;;;;;;;;;;;;
id;8re2m0ntmtm24g59hpeif2ifp5;ip;141.2.178.158;time(s);16.382.000.721.234;data;submit;Ich möchte an dem Experiment teilnehmen!;;;;;;;;;;;;;;;;;;;;
id;8re2m0ntmtm24g59hpeif2ifp5;ip;141.2.178.158;time(s);16.382.001.228.069;data;judgement;-100;submit;Experiment starten;;;;;;;;;;;;;;;;;;
id;8re2m0ntmtm24g59hpeif2ifp5;ip;141.2.178.158;time(s);16.382.001.327.992;data;<id:f-4>;<id:f-4>;<id:unfront>;<id:unfront>;<id:front>;<id:front>;judgement;-100;submit;weiter;;;;;;;;;;;;
id;8re2m0ntmtm24g59hpeif2ifp5;ip;141.2.178.158;time(s);16.382.001.492.701;data;<id:f-1>;<id:f-1>;<id:unfront>;<id:unfront>;<id:front>;<id:front>;judgement;-42;submit;weiter;;;;;;;;;;;;
id;8re2m0ntmtm24g59hpeif2ifp5;ip;141.2.178.158;time(s);16.382.001.628.467;data;<id:f-3>;<id:f-3>;<id:unfront>;<id:unfront>;<id:front>;<id:front>;judgement;-16;submit;weiter;;;;;;;;;;;;
id;8re2m0ntmtm24g59hpeif2ifp5;ip;141.2.178.158;time(s);16.382.001.732.371;data;<id:c1-t5>;<id:c1-t5>;<id:cleft>;<id:cleft>;<id:canonical>;<id:canonical>;judgement;-38;submit;weiter;;;;;;;;;;;;
id;8re2m0ntmtm24g59hpeif2ifp5;ip;141.2.178.158;time(s);16.382.001.838.188;data;<id:c3-t2>;<id:c3-t2>;<id:canonical>;<id:canonical>;<id:cleft>;<id:cleft>;judgement;0;submit;weiter;;;;;;;;;;;;
id;8re2m0ntmtm24g59hpeif2ifp5;ip;141.2.178.158;time(s);16.382.001.950.670;data;<id:c1-t4>;<id:c1-t4>;<id:canonical>;<id:canonical>;<id:cleft>;<id:cleft>;judgement;11;submit;weiter;;;;;;;;;;;;
id;8re2m0ntmtm24g59hpeif2ifp5;ip;141.2.178.158;time(s);16.382.002.055.003;data;<id:control-2>;<id:control-2>;<id:definite>;<id:definite>;<id:pro>;<id:pro>;judgement;-85;submit;weiter;;;;;;;;;;;;
id;8re2m0ntmtm24g59hpeif2ifp5;ip;141.2.178.158;time(s);16.382.002.183.413;data;<id:f-5>;<id:f-5>;<id:no_dm>;<id:no_dm>;<id:dm>;<id:dm>;judgement;56;submit;weiter;;;;;;;;;;;;
id;8re2m0ntmtm24g59hpeif2ifp5;ip;141.2.178.158;time(s);16.382.002.278.231;data;<id:f-7>;<id:f-7>;<id:dm>;<id:dm>;<id:no_dm>;<id:no_dm>;judgement;-74;submit;weiter;;;;;;;;;;;;
id;8re2m0ntmtm24g59hpeif2ifp5;ip;141.2.178.158;time(s);16.382.002.452.585;data;<id:control-1>;<id:control-1>;<id:definite>;<id:definite>;<id:pro>;<id:pro>;judgement;-94;submit;weiter;;;;;;;;;;;;
id;8re2m0ntmtm24g59hpeif2ifp5;ip;141.2.178.158;time(s);16.382.002.662.193;data;<id:c3-t1>;<id:c3-t1>;<id:canonical>;<id:canonical>;<id:cleft>;<id:cleft>;judgement;-18;submit;weiter;;;;;;;;;;;;
id;8re2m0ntmtm24g59hpeif2ifp5;ip;141.2.178.158;time(s);16.382.002.760.671;data;<id:control-4>;<id:control-4>;<id:pro>;<id:pro>;<id:definite>;<id:definite>;judgement;-87;submit;weiter;;;;;;;;;;;;
id;8re2m0ntmtm24g59hpeif2ifp5;ip;141.2.178.158;time(s);16.382.002.837.381;data;<id:control-3>;<id:control-3>;<id:definite>;<id:definite>;<id:pro>;<id:pro>;judgement;75;submit;weiter;;;;;;;;;;;;
id;8re2m0ntmtm24g59hpeif2ifp5;ip;141.2.178.158;time(s);16.382.002.946.859;data;<id:f-6>;<id:f-6>;<id:dm>;<id:dm>;<id:no_dm>;<id:no_dm>;judgement;0;submit;weiter;;;;;;;;;;;;
id;8re2m0ntmtm24g59hpeif2ifp5;ip;141.2.178.158;time(s);16.382.003.038.678;data;<id:f-2>;<id:f-2>;<id:front>;<id:front>;<id:unfront>;<id:unfront>;judgement;67;submit;weiter;;;;;;;;;;;;
id;8re2m0ntmtm24g59hpeif2ifp5;ip;141.2.178.158;time(s);16.382.003.124.955;data;<id:f-8>;<id:f-8>;<id:dm>;<id:dm>;<id:no_dm>;<id:no_dm>;judgement;-72;submit;weiter;;;;;;;;;;;;
id;8re2m0ntmtm24g59hpeif2ifp5;ip;141.2.178.158;time(s);16.382.003.288.142;data;<id:prolificID>;<id:prolificID>;prolificID;5eee5be627e0dd2eb6186f16;<id:age>;<id:age>;age;24;<id:sex>;<id:sex>;sex;female;<id:edu>;<id:edu>;edu;Abitur;<id:natLang>;<id:natLang>;natLang;Deutsch;submit;weiter
id;8re2m0ntmtm24g59hpeif2ifp5;ip;141.2.178.158;time(s);16.382.003.494.857;data;feedback;;;;;;;;;;;;;;;;;;;;;
id;92v8bhfc8uhe72ur8fdq23oni1;ip;93.244.255.27;time(s);16.381.998.530.413;data;submit;Ich möchte an dem Experiment teilnehmen!;;;;;;;;;;;;;;;;;;;;
id;92v8bhfc8uhe72ur8fdq23oni1;ip;93.244.255.27;time(s);16.381.999.079.440;data;judgement;-100;submit;Experiment starten;;;;;;;;;;;;;;;;;;
id;92v8bhfc8uhe72ur8fdq23oni1;ip;93.244.255.27;time(s);16.381.999.252.549;data;<id:c1-t4>;<id:c1-t4>;<id:canonical>;<id:canonical>;<id:cleft>;<id:cleft>;judgement;-65;submit;weiter;;;;;;;;;;;;
id;92v8bhfc8uhe72ur8fdq23oni1;ip;93.244.255.27;time(s);16.381.999.415.057;data;<id:f-2>;<id:f-2>;<id:unfront>;<id:unfront>;<id:front>;<id:front>;judgement;-100;submit;weiter;;;;;;;;;;;;
id;92v8bhfc8uhe72ur8fdq23oni1;ip;93.244.255.27;time(s);16.381.999.663.950;data;<id:f-8>;<id:f-8>;<id:dm>;<id:dm>;<id:no_dm>;<id:no_dm>;judgement;-100;submit;weiter;;;;;;;;;;;;
id;92v8bhfc8uhe72ur8fdq23oni1;ip;93.244.255.27;time(s);16.381.999.865.436;data;<id:f-1>;<id:f-1>;<id:unfront>;<id:unfront>;<id:front>;<id:front>;judgement;-59;submit;weiter;;;;;;;;;;;;
id;92v8bhfc8uhe72ur8fdq23oni1;ip;93.244.255.27;time(s);16.382.000.110.764;data;<id:c1-t5>;<id:c1-t5>;<id:canonical>;<id:canonical>;<id:cleft>;<id:cleft>;judgement;38;submit;weiter;;;;;;;;;;;;
id;92v8bhfc8uhe72ur8fdq23oni1;ip;93.244.255.27;time(s);16.382.000.342.967;data;<id:c3-t2>;<id:c3-t2>;<id:canonical>;<id:canonical>;<id:cleft>;<id:cleft>;judgement;48;submit;weiter;;;;;;;;;;;;
id;92v8bhfc8uhe72ur8fdq23oni1;ip;93.244.255.27;time(s);16.382.000.540.408;data;<id:c3-t1>;<id:c3-t1>;<id:cleft>;<id:cleft>;<id:canonical>;<id:canonical>;judgement;-41;submit;weiter;;;;;;;;;;;;
id;92v8bhfc8uhe72ur8fdq23oni1;ip;93.244.255.27;time(s);16.382.000.774.256;data;<id:control-3>;<id:control-3>;<id:definite>;<id:definite>;<id:pro>;<id:pro>;judgement;100;submit;weiter;;;;;;;;;;;;
id;92v8bhfc8uhe72ur8fdq23oni1;ip;93.244.255.27;time(s);16.382.000.962.169;data;<id:f-5>;<id:f-5>;<id:no_dm>;<id:no_dm>;<id:dm>;<id:dm>;judgement;100;submit;weiter;;;;;;;;;;;;
id;92v8bhfc8uhe72ur8fdq23oni1;ip;93.244.255.27;time(s);16.382.001.138.457;data;<id:control-4>;<id:control-4>;<id:pro>;<id:pro>;<id:definite>;<id:definite>;judgement;-100;submit;weiter;;;;;;;;;;;;
id;92v8bhfc8uhe72ur8fdq23oni1;ip;93.244.255.27;time(s);16.382.001.322.705;data;<id:f-6>;<id:f-6>;<id:no_dm>;<id:no_dm>;<id:dm>;<id:dm>;judgement;71;submit;weiter;;;;;;;;;;;;
id;92v8bhfc8uhe72ur8fdq23oni1;ip;93.244.255.27;time(s);16.382.001.448.169;data;<id:control-2>;<id:control-2>;<id:definite>;<id:definite>;<id:pro>;<id:pro>;judgement;-100;submit;weiter;;;;;;;;;;;;
id;92v8bhfc8uhe72ur8fdq23oni1;ip;93.244.255.27;time(s);16.382.001.651.715;data;<id:control-1>;<id:control-1>;<id:definite>;<id:definite>;<id:pro>;<id:pro>;judgement;-100;submit;weiter;;;;;;;;;;;;
id;92v8bhfc8uhe72ur8fdq23oni1;ip;93.244.255.27;time(s);16.382.001.797.765;data;<id:f-7>;<id:f-7>;<id:dm>;<id:dm>;<id:no_dm>;<id:no_dm>;judgement;-100;submit;weiter;;;;;;;;;;;;
id;92v8bhfc8uhe72ur8fdq23oni1;ip;93.244.255.27;time(s);16.382.001.926.753;data;<id:f-4>;<id:f-4>;<id:front>;<id:front>;<id:unfront>;<id:unfront>;judgement;70;submit;weiter;;;;;;;;;;;;
id;92v8bhfc8uhe72ur8fdq23oni1;ip;93.244.255.27;time(s);16.382.002.069.018;data;<id:f-3>;<id:f-3>;<id:unfront>;<id:unfront>;<id:front>;<id:front>;judgement;-100;submit;weiter;;;;;;;;;;;;
id;92v8bhfc8uhe72ur8fdq23oni1;ip;93.244.255.27;time(s);16.382.002.677.307;data;<id:prolificID>;<id:prolificID>;prolificID;5fb42f807e81960acbfdb22e;<id:age>;<id:age>;age;38;<id:sex>;<id:sex>;sex;male;<id:edu>;<id:edu>;edu;B.Sc.;<id:natLang>;<id:natLang>;natLang;Deutsch;submit;weiter
id;92v8bhfc8uhe72ur8fdq23oni1;ip;93.244.255.27;time(s);16.382.002.729.409;data;feedback;;;;;;;;;;;;;;;;;;;;;
id;a8vjho751s0fcaqipe9p32bhv6;ip;81.10.249.106;time(s);16.381.986.014.991;data;submit;Ich möchte an dem Experiment teilnehmen!;;;;;;;;;;;;;;;;;;;;
id;a8vjho751s0fcaqipe9p32bhv6;ip;81.10.249.106;time(s);16.381.987.101.955;data;judgement;-100;submit;Experiment starten;;;;;;;;;;;;;;;;;;
id;a8vjho751s0fcaqipe9p32bhv6;ip;81.10.249.106;time(s);16.381.987.593.865;data;<id:f-4>;<id:f-4>;<id:unfront>;<id:unfront>;<id:front>;<id:front>;judgement;-82;submit;weiter;;;;;;;;;;;;
id;a8vjho751s0fcaqipe9p32bhv6;ip;81.10.249.106;time(s);16.381.987.904.770;data;<id:control-2>;<id:control-2>;<id:definite>;<id:definite>;<id:pro>;<id:pro>;judgement;-100;submit;weiter;;;;;;;;;;;;
id;a8vjho751s0fcaqipe9p32bhv6;ip;81.10.249.106;time(s);16.381.988.476.367;data;<id:f-3>;<id:f-3>;<id:unfront>;<id:unfront>;<id:front>;<id:front>;judgement;41;submit;weiter;;;;;;;;;;;;
id;a8vjho751s0fcaqipe9p32bhv6;ip;81.10.249.106;time(s);16.381.988.842.210;data;<id:f-1>;<id:f-1>;<id:unfront>;<id:unfront>;<id:front>;<id:front>;judgement;76;submit;weiter;;;;;;;;;;;;
id;a8vjho751s0fcaqipe9p32bhv6;ip;81.10.249.106;time(s);16.381.989.108.954;data;<id:control-3>;<id:control-3>;<id:definite>;<id:definite>;<id:pro>;<id:pro>;judgement;89;submit;weiter;;;;;;;;;;;;
id;a8vjho751s0fcaqipe9p32bhv6;ip;81.10.249.106;time(s);16.381.989.451.561;data;<id:f-5>;<id:f-5>;<id:no_dm>;<id:no_dm>;<id:dm>;<id:dm>;judgement;87;submit;weiter;;;;;;;;;;;;
id;a8vjho751s0fcaqipe9p32bhv6;ip;81.10.249.106;time(s);16.381.989.804.040;data;<id:f-7>;<id:f-7>;<id:no_dm>;<id:no_dm>;<id:dm>;<id:dm>;judgement;82;submit;weiter;;;;;;;;;;;;
id;a8vjho751s0fcaqipe9p32bhv6;ip;81.10.249.106;time(s);16.381.990.074.836;data;<id:f-2>;<id:f-2>;<id:front>;<id:front>;<id:unfront>;<id:unfront>;judgement;-92;submit;weiter;;;;;;;;;;;;
id;a8vjho751s0fcaqipe9p32bhv6;ip;81.10.249.106;time(s);16.381.990.413.623;data;<id:f-6>;<id:f-6>;<id:dm>;<id:dm>;<id:no_dm>;<id:no_dm>;judgement;7;submit;weiter;;;;;;;;;;;;
id;a8vjho751s0fcaqipe9p32bhv6;ip;81.10.249.106;time(s);16.381.990.587.928;data;<id:control-4>;<id:control-4>;<id:definite>;<id:definite>;<id:pro>;<id:pro>;judgement;94;submit;weiter;;;;;;;;;;;;
id;a8vjho751s0fcaqipe9p32bhv6;ip;81.10.249.106;time(s);16.381.990.928.083;data;<id:control-1>;<id:control-1>;<id:pro>;<id:pro>;<id:definite>;<id:definite>;judgement;100;submit;weiter;;;;;;;;;;;;
id;a8vjho751s0fcaqipe9p32bhv6;ip;81.10.249.106;time(s);16.381.991.303.259;data;<id:c3-t2>;<id:c3-t2>;<id:canonical>;<id:canonical>;<id:cleft>;<id:cleft>;judgement;41;submit;weiter;;;;;;;;;;;;
id;a8vjho751s0fcaqipe9p32bhv6;ip;81.10.249.106;time(s);16.381.991.676.099;data;<id:f-8>;<id:f-8>;<id:no_dm>;<id:no_dm>;<id:dm>;<id:dm>;judgement;82;submit;weiter;;;;;;;;;;;;
id;a8vjho751s0fcaqipe9p32bhv6;ip;81.10.249.106;time(s);16.381.991.938.240;data;<id:c1-t4>;<id:c1-t4>;<id:canonical>;<id:canonical>;<id:cleft>;<id:cleft>;judgement;15;submit;weiter;;;;;;;;;;;;
id;a8vjho751s0fcaqipe9p32bhv6;ip;81.10.249.106;time(s);16.381.992.250.577;data;<id:c1-t5>;<id:c1-t5>;<id:cleft>;<id:cleft>;<id:canonical>;<id:canonical>;judgement;-18;submit;weiter;;;;;;;;;;;;
id;a8vjho751s0fcaqipe9p32bhv6;ip;81.10.249.106;time(s);16.381.992.652.174;data;<id:c3-t1>;<id:c3-t1>;<id:canonical>;<id:canonical>;<id:cleft>;<id:cleft>;judgement;18;submit;weiter;;;;;;;;;;;;
id;a8vjho751s0fcaqipe9p32bhv6;ip;81.10.249.106;time(s);16.381.993.283.365;data;<id:prolificID>;<id:prolificID>;prolificID;58a20857c5bcf000011b09ff;<id:age>;<id:age>;age;31;<id:sex>;<id:sex>;sex;male;<id:edu>;<id:edu>;edu;Abitur;<id:natLang>;<id:natLang>;natLang;Deutsch;submit;weiter
id;a8vjho751s0fcaqipe9p32bhv6;ip;81.10.249.106;time(s);16.381.993.494.374;data;feedback;;;;;;;;;;;;;;;;;;;;;
id;ekophs265se2r1m5jr4289jf90;ip;94.219.18.9;time(s);16.381.970.410.211;data;submit;Ich möchte an dem Experiment teilnehmen!;;;;;;;;;;;;;;;;;;;;
id;ekophs265se2r1m5jr4289jf90;ip;94.219.18.9;time(s);16.381.970.909.824;data;judgement;-100;submit;Experiment starten;;;;;;;;;;;;;;;;;;
id;ekophs265se2r1m5jr4289jf90;ip;94.219.18.9;time(s);16.381.971.296.801;data;<id:f-2>;<id:f-2>;<id:front>;<id:front>;<id:unfront>;<id:unfront>;judgement;-82;submit;weiter;;;;;;;;;;;;
id;ekophs265se2r1m5jr4289jf90;ip;94.219.18.9;time(s);16.381.971.481.653;data;<id:c1-t5>;<id:c1-t5>;<id:canonical>;<id:canonical>;<id:cleft>;<id:cleft>;judgement;-19;submit;weiter;;;;;;;;;;;;
id;ekophs265se2r1m5jr4289jf90;ip;94.219.18.9;time(s);16.381.971.723.604;data;<id:c3-t2>;<id:c3-t2>;<id:canonical>;<id:canonical>;<id:cleft>;<id:cleft>;judgement;61;submit;weiter;;;;;;;;;;;;
id;ekophs265se2r1m5jr4289jf90;ip;94.219.18.9;time(s);16.381.971.830.112;data;<id:f-3>;<id:f-3>;<id:unfront>;<id:unfront>;<id:front>;<id:front>;judgement;-100;submit;weiter;;;;;;;;;;;;
id;ekophs265se2r1m5jr4289jf90;ip;94.219.18.9;time(s);16.381.972.013.563;data;<id:control-2>;<id:control-2>;<id:pro>;<id:pro>;<id:definite>;<id:definite>;judgement;100;submit;weiter;;;;;;;;;;;;
id;ekophs265se2r1m5jr4289jf90;ip;94.219.18.9;time(s);16.381.972.227.140;data;<id:control-1>;<id:control-1>;<id:definite>;<id:definite>;<id:pro>;<id:pro>;judgement;-100;submit;weiter;;;;;;;;;;;;
id;ekophs265se2r1m5jr4289jf90;ip;94.219.18.9;time(s);16.381.972.396.400;data;<id:c3-t1>;<id:c3-t1>;<id:canonical>;<id:canonical>;<id:cleft>;<id:cleft>;judgement;100;submit;weiter;;;;;;;;;;;;
id;ekophs265se2r1m5jr4289jf90;ip;94.219.18.9;time(s);16.381.972.579.452;data;<id:f-7>;<id:f-7>;<id:dm>;<id:dm>;<id:no_dm>;<id:no_dm>;judgement;-100;submit;weiter;;;;;;;;;;;;
id;ekophs265se2r1m5jr4289jf90;ip;94.219.18.9;time(s);16.381.972.728.358;data;<id:c1-t4>;<id:c1-t4>;<id:cleft>;<id:cleft>;<id:canonical>;<id:canonical>;judgement;-100;submit;weiter;;;;;;;;;;;;
id;ekophs265se2r1m5jr4289jf90;ip;94.219.18.9;time(s);16.381.972.852.225;data;<id:control-4>;<id:control-4>;<id:definite>;<id:definite>;<id:pro>;<id:pro>;judgement;100;submit;weiter;;;;;;;;;;;;
id;ekophs265se2r1m5jr4289jf90;ip;94.219.18.9;time(s);16.381.973.082.650;data;<id:f-8>;<id:f-8>;<id:no_dm>;<id:no_dm>;<id:dm>;<id:dm>;judgement;86;submit;weiter;;;;;;;;;;;;
id;ekophs265se2r1m5jr4289jf90;ip;94.219.18.9;time(s);16.381.973.229.167;data;<id:f-5>;<id:f-5>;<id:no_dm>;<id:no_dm>;<id:dm>;<id:dm>;judgement;100;submit;weiter;;;;;;;;;;;;
id;ekophs265se2r1m5jr4289jf90;ip;94.219.18.9;time(s);16.381.973.327.163;data;<id:control-3>;<id:control-3>;<id:definite>;<id:definite>;<id:pro>;<id:pro>;judgement;100;submit;weiter;;;;;;;;;;;;
id;ekophs265se2r1m5jr4289jf90;ip;94.219.18.9;time(s);16.381.973.450.048;data;<id:f-1>;<id:f-1>;<id:unfront>;<id:unfront>;<id:front>;<id:front>;judgement;80;submit;weiter;;;;;;;;;;;;
id;ekophs265se2r1m5jr4289jf90;ip;94.219.18.9;time(s);16.381.973.570.895;data;<id:f-4>;<id:f-4>;<id:unfront>;<id:unfront>;<id:front>;<id:front>;judgement;73;submit;weiter;;;;;;;;;;;;
id;ekophs265se2r1m5jr4289jf90;ip;94.219.18.9;time(s);16.381.973.686.779;data;<id:f-6>;<id:f-6>;<id:dm>;<id:dm>;<id:no_dm>;<id:no_dm>;judgement;17;submit;weiter;;;;;;;;;;;;
id;ekophs265se2r1m5jr4289jf90;ip;94.219.18.9;time(s);16.381.974.187.539;data;<id:prolificID>;<id:prolificID>;prolificID;5a1542e20fff620001a6d2dc;<id:age>;<id:age>;age;43;<id:sex>;<id:sex>;sex;male;<id:edu>;<id:edu>;edu;Bachelor;<id:natLang>;<id:natLang>;natLang;Spanisch (Deutsch im Vorschulalter);submit;weiter
id;ekophs265se2r1m5jr4289jf90;ip;94.219.18.9;time(s);16.381.974.221.339;data;feedback;;;;;;;;;;;;;;;;;;;;;
id;fsmf819vih2017sifhdalgsbb7;ip;193.170.226.39;time(s);16.382.013.830.325;data;submit;Ich möchte an dem Experiment teilnehmen!;;;;;;;;;;;;;;;;;;;;
id;fsmf819vih2017sifhdalgsbb7;ip;193.170.226.39;time(s);16.382.014.453.665;data;judgement;-100;submit;Experiment starten;;;;;;;;;;;;;;;;;;
id;fsmf819vih2017sifhdalgsbb7;ip;193.170.226.39;time(s);16.382.014.612.484;data;<id:f-8>;<id:f-8>;<id:no_dm>;<id:no_dm>;<id:dm>;<id:dm>;judgement;100;submit;weiter;;;;;;;;;;;;
id;fsmf819vih2017sifhdalgsbb7;ip;193.170.226.39;time(s);16.382.014.795.316;data;<id:f-2>;<id:f-2>;<id:unfront>;<id:unfront>;<id:front>;<id:front>;judgement;-86;submit;weiter;;;;;;;;;;;;
id;fsmf819vih2017sifhdalgsbb7;ip;193.170.226.39;time(s);16.382.014.989.329;data;<id:control-1>;<id:control-1>;<id:definite>;<id:definite>;<id:pro>;<id:pro>;judgement;-100;submit;weiter;;;;;;;;;;;;
id;fsmf819vih2017sifhdalgsbb7;ip;193.170.226.39;time(s);16.382.015.112.055;data;<id:c1-t4>;<id:c1-t4>;<id:cleft>;<id:cleft>;<id:canonical>;<id:canonical>;judgement;-29;submit;weiter;;;;;;;;;;;;
id;fsmf819vih2017sifhdalgsbb7;ip;193.170.226.39;time(s);16.382.015.310.120;data;<id:c3-t2>;<id:c3-t2>;<id:canonical>;<id:canonical>;<id:cleft>;<id:cleft>;judgement;-60;submit;weiter;;;;;;;;;;;;
id;fsmf819vih2017sifhdalgsbb7;ip;193.170.226.39;time(s);16.382.015.384.514;data;<id:f-6>;<id:f-6>;<id:no_dm>;<id:no_dm>;<id:dm>;<id:dm>;judgement;-100;submit;weiter;;;;;;;;;;;;
id;fsmf819vih2017sifhdalgsbb7;ip;193.170.226.39;time(s);16.382.015.499.629;data;<id:control-3>;<id:control-3>;<id:definite>;<id:definite>;<id:pro>;<id:pro>;judgement;0;submit;weiter;;;;;;;;;;;;
id;fsmf819vih2017sifhdalgsbb7;ip;193.170.226.39;time(s);16.382.015.619.167;data;<id:f-5>;<id:f-5>;<id:no_dm>;<id:no_dm>;<id:dm>;<id:dm>;judgement;100;submit;weiter;;;;;;;;;;;;
id;fsmf819vih2017sifhdalgsbb7;ip;193.170.226.39;time(s);16.382.015.781.468;data;<id:control-4>;<id:control-4>;<id:definite>;<id:definite>;<id:pro>;<id:pro>;judgement;89;submit;weiter;;;;;;;;;;;;
id;fsmf819vih2017sifhdalgsbb7;ip;193.170.226.39;time(s);16.382.015.881.263;data;<id:f-7>;<id:f-7>;<id:no_dm>;<id:no_dm>;<id:dm>;<id:dm>;judgement;75;submit;weiter;;;;;;;;;;;;
id;fsmf819vih2017sifhdalgsbb7;ip;193.170.226.39;time(s);16.382.015.965.374;data;<id:f-4>;<id:f-4>;<id:front>;<id:front>;<id:unfront>;<id:unfront>;judgement;100;submit;weiter;;;;;;;;;;;;
id;fsmf819vih2017sifhdalgsbb7;ip;193.170.226.39;time(s);16.382.016.118.237;data;<id:control-2>;<id:control-2>;<id:pro>;<id:pro>;<id:definite>;<id:definite>;judgement;100;submit;weiter;;;;;;;;;;;;
id;fsmf819vih2017sifhdalgsbb7;ip;193.170.226.39;time(s);16.382.016.226.775;data;<id:f-3>;<id:f-3>;<id:front>;<id:front>;<id:unfront>;<id:unfront>;judgement;47;submit;weiter;;;;;;;;;;;;
id;fsmf819vih2017sifhdalgsbb7;ip;193.170.226.39;time(s);16.382.016.337.135;data;<id:f-1>;<id:f-1>;<id:front>;<id:front>;<id:unfront>;<id:unfront>;judgement;41;submit;weiter;;;;;;;;;;;;
id;fsmf819vih2017sifhdalgsbb7;ip;193.170.226.39;time(s);16.382.016.457.039;data;<id:c1-t5>;<id:c1-t5>;<id:cleft>;<id:cleft>;<id:canonical>;<id:canonical>;judgement;-77;submit;weiter;;;;;;;;;;;;
id;fsmf819vih2017sifhdalgsbb7;ip;193.170.226.39;time(s);16.382.016.599.578;data;<id:c3-t1>;<id:c3-t1>;<id:canonical>;<id:canonical>;<id:cleft>;<id:cleft>;judgement;24;submit;weiter;;;;;;;;;;;;
id;fsmf819vih2017sifhdalgsbb7;ip;193.170.226.39;time(s);16.382.016.970.752;data;<id:prolificID>;<id:prolificID>;prolificID;611710877ea5a39f2acb9c3f;<id:age>;<id:age>;age;20;<id:sex>;<id:sex>;sex;female;<id:edu>;<id:edu>;edu;Matura/Abitur;<id:natLang>;<id:natLang>;natLang;Deutsch;submit;weiter
id;fsmf819vih2017sifhdalgsbb7;ip;193.170.226.39;time(s);16.382.017.029.295;data;feedback;;;;;;;;;;;;;;;;;;;;;
id;j7fe522jk8lac806j903tnfhr6;ip;88.217.40.181;time(s);16.382.010.631.423;data;submit;Ich möchte an dem Experiment teilnehmen!;;;;;;;;;;;;;;;;;;;;
id;j7fe522jk8lac806j903tnfhr6;ip;88.217.40.181;time(s);16.382.011.037.336;data;judgement;-100;submit;Experiment starten;;;;;;;;;;;;;;;;;;
id;j7fe522jk8lac806j903tnfhr6;ip;88.217.40.181;time(s);16.382.011.184.656;data;<id:c1-t5>;<id:c1-t5>;<id:cleft>;<id:cleft>;<id:canonical>;<id:canonical>;judgement;-69;submit;weiter;;;;;;;;;;;;
id;j7fe522jk8lac806j903tnfhr6;ip;88.217.40.181;time(s);16.382.011.288.871;data;<id:f-5>;<id:f-5>;<id:no_dm>;<id:no_dm>;<id:dm>;<id:dm>;judgement;100;submit;weiter;;;;;;;;;;;;
id;j7fe522jk8lac806j903tnfhr6;ip;88.217.40.181;time(s);16.382.011.422.545;data;<id:c1-t4>;<id:c1-t4>;<id:cleft>;<id:cleft>;<id:canonical>;<id:canonical>;judgement;-78;submit;weiter;;;;;;;;;;;;
id;j7fe522jk8lac806j903tnfhr6;ip;88.217.40.181;time(s);16.382.011.524.398;data;<id:f-8>;<id:f-8>;<id:dm>;<id:dm>;<id:no_dm>;<id:no_dm>;judgement;-100;submit;weiter;;;;;;;;;;;;
id;j7fe522jk8lac806j903tnfhr6;ip;88.217.40.181;time(s);16.382.011.592.724;data;<id:f-7>;<id:f-7>;<id:no_dm>;<id:no_dm>;<id:dm>;<id:dm>;judgement;100;submit;weiter;;;;;;;;;;;;
id;j7fe522jk8lac806j903tnfhr6;ip;88.217.40.181;time(s);16.382.011.695.113;data;<id:control-1>;<id:control-1>;<id:definite>;<id:definite>;<id:pro>;<id:pro>;judgement;-100;submit;weiter;;;;;;;;;;;;
id;j7fe522jk8lac806j903tnfhr6;ip;88.217.40.181;time(s);16.382.011.772.472;data;<id:f-4>;<id:f-4>;<id:unfront>;<id:unfront>;<id:front>;<id:front>;judgement;-63;submit;weiter;;;;;;;;;;;;
id;j7fe522jk8lac806j903tnfhr6;ip;88.217.40.181;time(s);16.382.011.885.753;data;<id:f-1>;<id:f-1>;<id:unfront>;<id:unfront>;<id:front>;<id:front>;judgement;100;submit;weiter;;;;;;;;;;;;
id;j7fe522jk8lac806j903tnfhr6;ip;88.217.40.181;time(s);16.382.011.945.947;data;<id:f-3>;<id:f-3>;<id:front>;<id:front>;<id:unfront>;<id:unfront>;judgement;-100;submit;weiter;;;;;;;;;;;;
id;j7fe522jk8lac806j903tnfhr6;ip;88.217.40.181;time(s);16.382.012.021.030;data;<id:control-2>;<id:control-2>;<id:pro>;<id:pro>;<id:definite>;<id:definite>;judgement;100;submit;weiter;;;;;;;;;;;;
id;j7fe522jk8lac806j903tnfhr6;ip;88.217.40.181;time(s);16.382.012.105.650;data;<id:c3-t1>;<id:c3-t1>;<id:canonical>;<id:canonical>;<id:cleft>;<id:cleft>;judgement;100;submit;weiter;;;;;;;;;;;;
id;j7fe522jk8lac806j903tnfhr6;ip;88.217.40.181;time(s);16.382.012.189.249;data;<id:f-6>;<id:f-6>;<id:dm>;<id:dm>;<id:no_dm>;<id:no_dm>;judgement;68;submit;weiter;;;;;;;;;;;;
id;j7fe522jk8lac806j903tnfhr6;ip;88.217.40.181;time(s);16.382.012.243.813;data;<id:control-3>;<id:control-3>;<id:pro>;<id:pro>;<id:definite>;<id:definite>;judgement;-90;submit;weiter;;;;;;;;;;;;
id;j7fe522jk8lac806j903tnfhr6;ip;88.217.40.181;time(s);16.382.012.312.693;data;<id:c3-t2>;<id:c3-t2>;<id:canonical>;<id:canonical>;<id:cleft>;<id:cleft>;judgement;100;submit;weiter;;;;;;;;;;;;
id;j7fe522jk8lac806j903tnfhr6;ip;88.217.40.181;time(s);16.382.012.374.711;data;<id:f-2>;<id:f-2>;<id:front>;<id:front>;<id:unfront>;<id:unfront>;judgement;100;submit;weiter;;;;;;;;;;;;
id;j7fe522jk8lac806j903tnfhr6;ip;88.217.40.181;time(s);16.382.012.427.427;data;<id:control-4>;<id:control-4>;<id:pro>;<id:pro>;<id:definite>;<id:definite>;judgement;-100;submit;weiter;;;;;;;;;;;;
id;j7fe522jk8lac806j903tnfhr6;ip;88.217.40.181;time(s);16.382.012.569.527;data;<id:prolificID>;<id:prolificID>;prolificID;610700f4f9547087ee11e1ca;<id:age>;<id:age>;age;25;<id:sex>;<id:sex>;sex;female;<id:edu>;<id:edu>;edu;Bachelor;<id:natLang>;<id:natLang>;natLang;Deutsch;submit;weiter
id;j7fe522jk8lac806j903tnfhr6;ip;88.217.40.181;time(s);16.382.013.052.955;data;feedback;Aufgabe war leicht zu verstehen. Bearbeitung machte Spaß. Die Arbeit mit dem Riegler ist besser, als Kästchen anzuklicken.;;;;;;;;;;;;;;;;;;;;
id;j8uprko32dr130jj995j6im9r1;ip;83.77.39.14;time(s);16.381.990.800.642;data;submit;Ich möchte an dem Experiment teilnehmen!;;;;;;;;;;;;;;;;;;;;
id;j8uprko32dr130jj995j6im9r1;ip;83.77.39.14;time(s);16.381.991.100.974;data;judgement;-99;submit;Experiment starten;;;;;;;;;;;;;;;;;;
id;j8uprko32dr130jj995j6im9r1;ip;83.77.39.14;time(s);16.381.991.325.317;data;<id:f-7>;<id:f-7>;<id:dm>;<id:dm>;<id:no_dm>;<id:no_dm>;judgement;94;submit;weiter;;;;;;;;;;;;
id;j8uprko32dr130jj995j6im9r1;ip;83.77.39.14;time(s);16.381.991.498.227;data;<id:f-8>;<id:f-8>;<id:dm>;<id:dm>;<id:no_dm>;<id:no_dm>;judgement;-96;submit;weiter;;;;;;;;;;;;
id;j8uprko32dr130jj995j6im9r1;ip;83.77.39.14;time(s);16.381.991.624.223;data;<id:f-2>;<id:f-2>;<id:unfront>;<id:unfront>;<id:front>;<id:front>;judgement;-99;submit;weiter;;;;;;;;;;;;
id;j8uprko32dr130jj995j6im9r1;ip;83.77.39.14;time(s);16.381.991.847.558;data;<id:control-3>;<id:control-3>;<id:definite>;<id:definite>;<id:pro>;<id:pro>;judgement;-100;submit;weiter;;;;;;;;;;;;
id;j8uprko32dr130jj995j6im9r1;ip;83.77.39.14;time(s);16.381.992.055.226;data;<id:c3-t1>;<id:c3-t1>;<id:canonical>;<id:canonical>;<id:cleft>;<id:cleft>;judgement;91;submit;weiter;;;;;;;;;;;;
id;j8uprko32dr130jj995j6im9r1;ip;83.77.39.14;time(s);16.381.992.537.463;data;<id:f-3>;<id:f-3>;<id:unfront>;<id:unfront>;<id:front>;<id:front>;judgement;0;submit;weiter;;;;;;;;;;;;
id;j8uprko32dr130jj995j6im9r1;ip;83.77.39.14;time(s);16.381.992.912.372;data;<id:c3-t2>;<id:c3-t2>;<id:cleft>;<id:cleft>;<id:canonical>;<id:canonical>;judgement;-98;submit;weiter;;;;;;;;;;;;
id;j8uprko32dr130jj995j6im9r1;ip;83.77.39.14;time(s);16.381.992.997.514;data;<id:f-4>;<id:f-4>;<id:front>;<id:front>;<id:unfront>;<id:unfront>;judgement;0;submit;weiter;;;;;;;;;;;;
id;j8uprko32dr130jj995j6im9r1;ip;83.77.39.14;time(s);16.381.993.117.090;data;<id:f-6>;<id:f-6>;<id:no_dm>;<id:no_dm>;<id:dm>;<id:dm>;judgement;89;submit;weiter;;;;;;;;;;;;
id;j8uprko32dr130jj995j6im9r1;ip;83.77.39.14;time(s);16.381.993.644.900;data;<id:control-4>;<id:control-4>;<id:pro>;<id:pro>;<id:definite>;<id:definite>;judgement;0;submit;weiter;;;;;;;;;;;;
id;j8uprko32dr130jj995j6im9r1;ip;83.77.39.14;time(s);16.381.993.784.445;data;<id:c1-t4>;<id:c1-t4>;<id:cleft>;<id:cleft>;<id:canonical>;<id:canonical>;judgement;-99;submit;weiter;;;;;;;;;;;;
id;j8uprko32dr130jj995j6im9r1;ip;83.77.39.14;time(s);16.381.993.972.543;data;<id:control-1>;<id:control-1>;<id:pro>;<id:pro>;<id:definite>;<id:definite>;judgement;88;submit;weiter;;;;;;;;;;;;
id;j8uprko32dr130jj995j6im9r1;ip;83.77.39.14;time(s);16.381.994.199.435;data;<id:control-2>;<id:control-2>;<id:definite>;<id:definite>;<id:pro>;<id:pro>;judgement;-97;submit;weiter;;;;;;;;;;;;
id;j8uprko32dr130jj995j6im9r1;ip;83.77.39.14;time(s);16.381.994.331.919;data;<id:f-5>;<id:f-5>;<id:no_dm>;<id:no_dm>;<id:dm>;<id:dm>;judgement;95;submit;weiter;;;;;;;;;;;;
id;j8uprko32dr130jj995j6im9r1;ip;83.77.39.14;time(s);16.381.994.457.300;data;<id:f-1>;<id:f-1>;<id:front>;<id:front>;<id:unfront>;<id:unfront>;judgement;98;submit;weiter;;;;;;;;;;;;
id;j8uprko32dr130jj995j6im9r1;ip;83.77.39.14;time(s);16.381.994.583.954;data;<id:c1-t5>;<id:c1-t5>;<id:cleft>;<id:cleft>;<id:canonical>;<id:canonical>;judgement;-99;submit;weiter;;;;;;;;;;;;
id;j8uprko32dr130jj995j6im9r1;ip;83.77.39.14;time(s);16.381.994.784.067;data;<id:prolificID>;<id:prolificID>;prolificID;61558a90fea0c5288a466f55;<id:age>;<id:age>;age;42;<id:sex>;<id:sex>;sex;male;<id:edu>;<id:edu>;edu;Bachelor;<id:natLang>;<id:natLang>;natLang;Deutsch/Italienisch;submit;weiter
id;j8uprko32dr130jj995j6im9r1;ip;83.77.39.14;time(s);16.381.994.802.345;data;feedback;;;;;;;;;;;;;;;;;;;;;
id;k714gptu6sat1on72a4st5dne3;ip;141.70.80.5;time(s);16.381.994.783.149;data;submit;Ich möchte an dem Experiment teilnehmen!;;;;;;;;;;;;;;;;;;;;
id;k714gptu6sat1on72a4st5dne3;ip;141.70.80.5;time(s);16.381.995.151.614;data;judgement;-100;submit;Experiment starten;;;;;;;;;;;;;;;;;;
id;k714gptu6sat1on72a4st5dne3;ip;141.70.80.5;time(s);16.381.995.374.700;data;<id:c3-t1>;<id:c3-t1>;<id:cleft>;<id:cleft>;<id:canonical>;<id:canonical>;judgement;-79;submit;weiter;;;;;;;;;;;;
id;k714gptu6sat1on72a4st5dne3;ip;141.70.80.5;time(s);16.381.995.537.266;data;<id:f-1>;<id:f-1>;<id:unfront>;<id:unfront>;<id:front>;<id:front>;judgement;41;submit;weiter;;;;;;;;;;;;
id;k714gptu6sat1on72a4st5dne3;ip;141.70.80.5;time(s);16.381.995.649.477;data;<id:control-4>;<id:control-4>;<id:pro>;<id:pro>;<id:definite>;<id:definite>;judgement;-48;submit;weiter;;;;;;;;;;;;
id;k714gptu6sat1on72a4st5dne3;ip;141.70.80.5;time(s);16.381.995.721.233;data;<id:f-4>;<id:f-4>;<id:unfront>;<id:unfront>;<id:front>;<id:front>;judgement;-30;submit;weiter;;;;;;;;;;;;
id;k714gptu6sat1on72a4st5dne3;ip;141.70.80.5;time(s);16.381.995.808.568;data;<id:f-5>;<id:f-5>;<id:no_dm>;<id:no_dm>;<id:dm>;<id:dm>;judgement;100;submit;weiter;;;;;;;;;;;;
id;k714gptu6sat1on72a4st5dne3;ip;141.70.80.5;time(s);16.381.995.950.332;data;<id:f-6>;<id:f-6>;<id:dm>;<id:dm>;<id:no_dm>;<id:no_dm>;judgement;-21;submit;weiter;;;;;;;;;;;;
id;k714gptu6sat1on72a4st5dne3;ip;141.70.80.5;time(s);16.381.996.083.414;data;<id:c1-t5>;<id:c1-t5>;<id:cleft>;<id:cleft>;<id:canonical>;<id:canonical>;judgement;-24;submit;weiter;;;;;;;;;;;;
id;k714gptu6sat1on72a4st5dne3;ip;141.70.80.5;time(s);16.381.996.248.948;data;<id:f-7>;<id:f-7>;<id:dm>;<id:dm>;<id:no_dm>;<id:no_dm>;judgement;-17;submit;weiter;;;;;;;;;;;;
id;k714gptu6sat1on72a4st5dne3;ip;141.70.80.5;time(s);16.381.996.377.962;data;<id:f-8>;<id:f-8>;<id:dm>;<id:dm>;<id:no_dm>;<id:no_dm>;judgement;-14;submit;weiter;;;;;;;;;;;;
id;k714gptu6sat1on72a4st5dne3;ip;141.70.80.5;time(s);16.381.996.555.639;data;<id:c3-t2>;<id:c3-t2>;<id:canonical>;<id:canonical>;<id:cleft>;<id:cleft>;judgement;9;submit;weiter;;;;;;;;;;;;
id;k714gptu6sat1on72a4st5dne3;ip;141.70.80.5;time(s);16.381.996.720.179;data;<id:c1-t4>;<id:c1-t4>;<id:cleft>;<id:cleft>;<id:canonical>;<id:canonical>;judgement;-19;submit;weiter;;;;;;;;;;;;
id;k714gptu6sat1on72a4st5dne3;ip;141.70.80.5;time(s);16.381.996.838.603;data;<id:control-2>;<id:control-2>;<id:pro>;<id:pro>;<id:definite>;<id:definite>;judgement;75;submit;weiter;;;;;;;;;;;;
id;k714gptu6sat1on72a4st5dne3;ip;141.70.80.5;time(s);16.381.996.935.401;data;<id:f-2>;<id:f-2>;<id:front>;<id:front>;<id:unfront>;<id:unfront>;judgement;11;submit;weiter;;;;;;;;;;;;
id;k714gptu6sat1on72a4st5dne3;ip;141.70.80.5;time(s);16.381.997.046.706;data;<id:control-1>;<id:control-1>;<id:pro>;<id:pro>;<id:definite>;<id:definite>;judgement;69;submit;weiter;;;;;;;;;;;;
id;k714gptu6sat1on72a4st5dne3;ip;141.70.80.5;time(s);16.381.997.111.259;data;<id:control-3>;<id:control-3>;<id:pro>;<id:pro>;<id:definite>;<id:definite>;judgement;-100;submit;weiter;;;;;;;;;;;;
id;k714gptu6sat1on72a4st5dne3;ip;141.70.80.5;time(s);16.381.997.234.727;data;<id:f-3>;<id:f-3>;<id:unfront>;<id:unfront>;<id:front>;<id:front>;judgement;-28;submit;weiter;;;;;;;;;;;;
id;k714gptu6sat1on72a4st5dne3;ip;141.70.80.5;time(s);16.381.997.411.838;data;<id:prolificID>;<id:prolificID>;prolificID;591aac50ef20c600015d8c5d;<id:age>;<id:age>;age;27;<id:sex>;<id:sex>;sex;female;<id:edu>;<id:edu>;edu;Master;<id:natLang>;<id:natLang>;natLang;Deutsch, Englisch;submit;weiter
id;k714gptu6sat1on72a4st5dne3;ip;141.70.80.5;time(s);16.381.997.443.325;data;feedback;;;;;;;;;;;;;;;;;;;;;
id;msn89k3l543spjc8q8qap40qg2;ip;86.92.60.212;time(s);16.382.020.737.900;data;submit;Ich möchte an dem Experiment teilnehmen!;;;;;;;;;;;;;;;;;;;;
id;msn89k3l543spjc8q8qap40qg2;ip;86.92.60.212;time(s);16.382.021.342.954;data;judgement;-100;submit;Experiment starten;;;;;;;;;;;;;;;;;;
id;msn89k3l543spjc8q8qap40qg2;ip;86.92.60.212;time(s);16.382.021.576.306;data;<id:c1-t4>;<id:c1-t4>;<id:canonical>;<id:canonical>;<id:cleft>;<id:cleft>;judgement;27;submit;weiter;;;;;;;;;;;;
id;msn89k3l543spjc8q8qap40qg2;ip;86.92.60.212;time(s);16.382.021.793.299;data;<id:control-1>;<id:control-1>;<id:definite>;<id:definite>;<id:pro>;<id:pro>;judgement;-100;submit;weiter;;;;;;;;;;;;
id;msn89k3l543spjc8q8qap40qg2;ip;86.92.60.212;time(s);16.382.021.955.477;data;<id:c3-t2>;<id:c3-t2>;<id:canonical>;<id:canonical>;<id:cleft>;<id:cleft>;judgement;-33;submit;weiter;;;;;;;;;;;;
id;msn89k3l543spjc8q8qap40qg2;ip;86.92.60.212;time(s);16.382.022.188.922;data;<id:control-2>;<id:control-2>;<id:definite>;<id:definite>;<id:pro>;<id:pro>;judgement;-100;submit;weiter;;;;;;;;;;;;
id;msn89k3l543spjc8q8qap40qg2;ip;86.92.60.212;time(s);16.382.022.348.208;data;<id:f-8>;<id:f-8>;<id:dm>;<id:dm>;<id:no_dm>;<id:no_dm>;judgement;-100;submit;weiter;;;;;;;;;;;;
id;msn89k3l543spjc8q8qap40qg2;ip;86.92.60.212;time(s);16.382.022.488.201;data;<id:c1-t5>;<id:c1-t5>;<id:canonical>;<id:canonical>;<id:cleft>;<id:cleft>;judgement;67;submit;weiter;;;;;;;;;;;;
id;msn89k3l543spjc8q8qap40qg2;ip;86.92.60.212;time(s);16.382.022.583.483;data;<id:f-4>;<id:f-4>;<id:front>;<id:front>;<id:unfront>;<id:unfront>;judgement;100;submit;weiter;;;;;;;;;;;;
id;msn89k3l543spjc8q8qap40qg2;ip;86.92.60.212;time(s);16.382.022.729.583;data;<id:f-5>;<id:f-5>;<id:no_dm>;<id:no_dm>;<id:dm>;<id:dm>;judgement;100;submit;weiter;;;;;;;;;;;;
id;msn89k3l543spjc8q8qap40qg2;ip;86.92.60.212;time(s);16.382.022.889.781;data;<id:f-3>;<id:f-3>;<id:unfront>;<id:unfront>;<id:front>;<id:front>;judgement;33;submit;weiter;;;;;;;;;;;;
id;msn89k3l543spjc8q8qap40qg2;ip;86.92.60.212;time(s);16.382.023.065.992;data;<id:c3-t1>;<id:c3-t1>;<id:canonical>;<id:canonical>;<id:cleft>;<id:cleft>;judgement;-37;submit;weiter;;;;;;;;;;;;
id;msn89k3l543spjc8q8qap40qg2;ip;86.92.60.212;time(s);16.382.023.180.380;data;<id:f-6>;<id:f-6>;<id:dm>;<id:dm>;<id:no_dm>;<id:no_dm>;judgement;-56;submit;weiter;;;;;;;;;;;;
id;msn89k3l543spjc8q8qap40qg2;ip;86.92.60.212;time(s);16.382.023.401.725;data;<id:f-1>;<id:f-1>;<id:front>;<id:front>;<id:unfront>;<id:unfront>;judgement;-52;submit;weiter;;;;;;;;;;;;
id;msn89k3l543spjc8q8qap40qg2;ip;86.92.60.212;time(s);16.382.023.542.652;data;<id:control-3>;<id:control-3>;<id:definite>;<id:definite>;<id:pro>;<id:pro>;judgement;74;submit;weiter;;;;;;;;;;;;
id;msn89k3l543spjc8q8qap40qg2;ip;86.92.60.212;time(s);16.382.023.665.242;data;<id:f-7>;<id:f-7>;<id:dm>;<id:dm>;<id:no_dm>;<id:no_dm>;judgement;-100;submit;weiter;;;;;;;;;;;;
id;msn89k3l543spjc8q8qap40qg2;ip;86.92.60.212;time(s);16.382.023.793.203;data;<id:f-2>;<id:f-2>;<id:front>;<id:front>;<id:unfront>;<id:unfront>;judgement;-38;submit;weiter;;;;;;;;;;;;
id;msn89k3l543spjc8q8qap40qg2;ip;86.92.60.212;time(s);16.382.023.970.494;data;<id:control-4>;<id:control-4>;<id:pro>;<id:pro>;<id:definite>;<id:definite>;judgement;-82;submit;weiter;;;;;;;;;;;;
id;msn89k3l543spjc8q8qap40qg2;ip;86.92.60.212;time(s);16.382.024.167.894;data;<id:prolificID>;<id:prolificID>;prolificID;60fd4803baaba05d014d38ee;<id:age>;<id:age>;age;20;<id:sex>;<id:sex>;sex;female;<id:edu>;<id:edu>;edu;Abitur;<id:natLang>;<id:natLang>;natLang;Deutsch;submit;weiter
id;msn89k3l543spjc8q8qap40qg2;ip;86.92.60.212;time(s);16.382.024.213.963;data;feedback;;;;;;;;;;;;;;;;;;;;;
id;v8t7h3valbvf2afg0jugv3bup0;ip;95.91.237.87;time(s);16.382.004.359.257;data;submit;Ich möchte an dem Experiment teilnehmen!;;;;;;;;;;;;;;;;;;;;
id;v8t7h3valbvf2afg0jugv3bup0;ip;95.91.237.87;time(s);16.382.004.757.928;data;judgement;-100;submit;Experiment starten;;;;;;;;;;;;;;;;;;
id;v8t7h3valbvf2afg0jugv3bup0;ip;95.91.237.87;time(s);16.382.004.954.654;data;<id:control-2>;<id:control-2>;<id:pro>;<id:pro>;<id:definite>;<id:definite>;judgement;100;submit;weiter;;;;;;;;;;;;
id;v8t7h3valbvf2afg0jugv3bup0;ip;95.91.237.87;time(s);16.382.005.071.662;data;<id:f-8>;<id:f-8>;<id:no_dm>;<id:no_dm>;<id:dm>;<id:dm>;judgement;100;submit;weiter;;;;;;;;;;;;
id;v8t7h3valbvf2afg0jugv3bup0;ip;95.91.237.87;time(s);16.382.005.139.707;data;<id:f-4>;<id:f-4>;<id:front>;<id:front>;<id:unfront>;<id:unfront>;judgement;100;submit;weiter;;;;;;;;;;;;
id;v8t7h3valbvf2afg0jugv3bup0;ip;95.91.237.87;time(s);16.382.005.422.734;data;<id:f-3>;<id:f-3>;<id:front>;<id:front>;<id:unfront>;<id:unfront>;judgement;-50;submit;weiter;;;;;;;;;;;;
id;v8t7h3valbvf2afg0jugv3bup0;ip;95.91.237.87;time(s);16.382.005.580.746;data;<id:c1-t5>;<id:c1-t5>;<id:cleft>;<id:cleft>;<id:canonical>;<id:canonical>;judgement;100;submit;weiter;;;;;;;;;;;;
id;v8t7h3valbvf2afg0jugv3bup0;ip;95.91.237.87;time(s);16.382.005.697.486;data;<id:f-2>;<id:f-2>;<id:unfront>;<id:unfront>;<id:front>;<id:front>;judgement;-100;submit;weiter;;;;;;;;;;;;
id;v8t7h3valbvf2afg0jugv3bup0;ip;95.91.237.87;time(s);16.382.005.759.244;data;<id:f-6>;<id:f-6>;<id:no_dm>;<id:no_dm>;<id:dm>;<id:dm>;judgement;100;submit;weiter;;;;;;;;;;;;
id;v8t7h3valbvf2afg0jugv3bup0;ip;95.91.237.87;time(s);16.382.005.880.640;data;<id:control-4>;<id:control-4>;<id:pro>;<id:pro>;<id:definite>;<id:definite>;judgement;-100;submit;weiter;;;;;;;;;;;;
id;v8t7h3valbvf2afg0jugv3bup0;ip;95.91.237.87;time(s);16.382.006.137.805;data;<id:c3-t1>;<id:c3-t1>;<id:canonical>;<id:canonical>;<id:cleft>;<id:cleft>;judgement;-100;submit;weiter;;;;;;;;;;;;
id;v8t7h3valbvf2afg0jugv3bup0;ip;95.91.237.87;time(s);16.382.006.228.877;data;<id:c1-t4>;<id:c1-t4>;<id:canonical>;<id:canonical>;<id:cleft>;<id:cleft>;judgement;100;submit;weiter;;;;;;;;;;;;
id;v8t7h3valbvf2afg0jugv3bup0;ip;95.91.237.87;time(s);16.382.006.319.543;data;<id:f-7>;<id:f-7>;<id:dm>;<id:dm>;<id:no_dm>;<id:no_dm>;judgement;-100;submit;weiter;;;;;;;;;;;;
id;v8t7h3valbvf2afg0jugv3bup0;ip;95.91.237.87;time(s);16.382.006.501.530;data;<id:c3-t2>;<id:c3-t2>;<id:cleft>;<id:cleft>;<id:canonical>;<id:canonical>;judgement;51;submit;weiter;;;;;;;;;;;;
id;v8t7h3valbvf2afg0jugv3bup0;ip;95.91.237.87;time(s);16.382.006.507.725;data;<id:control-1>;<id:control-1>;<id:pro>;<id:pro>;<id:definite>;<id:definite>;judgement;0;submit;weiter;;;;;;;;;;;;
id;v8t7h3valbvf2afg0jugv3bup0;ip;95.91.237.87;time(s);16.382.006.615.002;data;<id:f-5>;<id:f-5>;<id:dm>;<id:dm>;<id:no_dm>;<id:no_dm>;judgement;-100;submit;weiter;;;;;;;;;;;;
id;v8t7h3valbvf2afg0jugv3bup0;ip;95.91.237.87;time(s);16.382.006.926.223;data;<id:f-1>;<id:f-1>;<id:unfront>;<id:unfront>;<id:front>;<id:front>;judgement;-100;submit;weiter;;;;;;;;;;;;
id;v8t7h3valbvf2afg0jugv3bup0;ip;95.91.237.87;time(s);16.382.007.002.880;data;<id:control-3>;<id:control-3>;<id:definite>;<id:definite>;<id:pro>;<id:pro>;judgement;100;submit;weiter;;;;;;;;;;;;
id;v8t7h3valbvf2afg0jugv3bup0;ip;95.91.237.87;time(s);16.382.007.134.822;data;<id:prolificID>;<id:prolificID>;prolificID;61547e4101693206125d0d96;<id:age>;<id:age>;age;30;<id:sex>;<id:sex>;sex;male;<id:edu>;<id:edu>;edu;Bachelor;<id:natLang>;<id:natLang>;natLang;deutsch;submit;weiter
id;v8t7h3valbvf2afg0jugv3bup0;ip;95.91.237.87;time(s);16.382.007.163.471;data;feedback;;;;;;;;;;;;;;;;;;;;;
