id;3dscsfi13af0sqdrj53s7crc07;ip;212.102.44.97;time(s);16.382.006.575.032;data;submit;Ich möchte an dem Experiment teilnehmen!;;;;;;;;;;;;;;;;;;;;
id;3dscsfi13af0sqdrj53s7crc07;ip;212.102.44.97;time(s);16.382.006.986.769;data;judgement;-100;submit;Experiment starten;;;;;;;;;;;;;;;;;;
id;3dscsfi13af0sqdrj53s7crc07;ip;212.102.44.97;time(s);16.382.007.218.421;data;<id:f-5>;<id:f-5>;<id:dm>;<id:dm>;<id:no_dm>;<id:no_dm>;judgement;-100;submit;weiter;;;;;;;;;;;;
id;3dscsfi13af0sqdrj53s7crc07;ip;212.102.44.97;time(s);16.382.007.360.583;data;<id:f-8>;<id:f-8>;<id:no_dm>;<id:no_dm>;<id:dm>;<id:dm>;judgement;-97;submit;weiter;;;;;;;;;;;;
id;3dscsfi13af0sqdrj53s7crc07;ip;212.102.44.97;time(s);16.382.007.524.050;data;<id:c3-t5>;<id:c3-t5>;<id:canonical>;<id:canonical>;<id:cleft>;<id:cleft>;judgement;-80;submit;weiter;;;;;;;;;;;;
id;3dscsfi13af0sqdrj53s7crc07;ip;212.102.44.97;time(s);16.382.007.654.733;data;<id:f-3>;<id:f-3>;<id:unfront>;<id:unfront>;<id:front>;<id:front>;judgement;-77;submit;weiter;;;;;;;;;;;;
id;3dscsfi13af0sqdrj53s7crc07;ip;212.102.44.97;time(s);16.382.007.759.108;data;<id:f-2>;<id:f-2>;<id:unfront>;<id:unfront>;<id:front>;<id:front>;judgement;-98;submit;weiter;;;;;;;;;;;;
id;3dscsfi13af0sqdrj53s7crc07;ip;212.102.44.97;time(s);16.382.007.905.897;data;<id:control-4>;<id:control-4>;<id:definite>;<id:definite>;<id:pro>;<id:pro>;judgement;90;submit;weiter;;;;;;;;;;;;
id;3dscsfi13af0sqdrj53s7crc07;ip;212.102.44.97;time(s);16.382.008.036.937;data;<id:c3-t4>;<id:c3-t4>;<id:canonical>;<id:canonical>;<id:cleft>;<id:cleft>;judgement;62;submit;weiter;;;;;;;;;;;;
id;3dscsfi13af0sqdrj53s7crc07;ip;212.102.44.97;time(s);16.382.008.284.874;data;<id:control-1>;<id:control-1>;<id:definite>;<id:definite>;<id:pro>;<id:pro>;judgement;-92;submit;weiter;;;;;;;;;;;;
id;3dscsfi13af0sqdrj53s7crc07;ip;212.102.44.97;time(s);16.382.008.414.426;data;<id:f-7>;<id:f-7>;<id:dm>;<id:dm>;<id:no_dm>;<id:no_dm>;judgement;-92;submit;weiter;;;;;;;;;;;;
id;3dscsfi13af0sqdrj53s7crc07;ip;212.102.44.97;time(s);16.382.008.524.464;data;<id:c1-t1>;<id:c1-t1>;<id:cleft>;<id:cleft>;<id:canonical>;<id:canonical>;judgement;91;submit;weiter;;;;;;;;;;;;
id;3dscsfi13af0sqdrj53s7crc07;ip;212.102.44.97;time(s);16.382.008.648.103;data;<id:c1-t2>;<id:c1-t2>;<id:cleft>;<id:cleft>;<id:canonical>;<id:canonical>;judgement;0;submit;weiter;;;;;;;;;;;;
id;3dscsfi13af0sqdrj53s7crc07;ip;212.102.44.97;time(s);16.382.008.750.469;data;<id:f-6>;<id:f-6>;<id:no_dm>;<id:no_dm>;<id:dm>;<id:dm>;judgement;31;submit;weiter;;;;;;;;;;;;
id;3dscsfi13af0sqdrj53s7crc07;ip;212.102.44.97;time(s);16.382.008.886.744;data;<id:f-4>;<id:f-4>;<id:unfront>;<id:unfront>;<id:front>;<id:front>;judgement;-85;submit;weiter;;;;;;;;;;;;
id;3dscsfi13af0sqdrj53s7crc07;ip;212.102.44.97;time(s);16.382.009.059.767;data;<id:control-3>;<id:control-3>;<id:definite>;<id:definite>;<id:pro>;<id:pro>;judgement;92;submit;weiter;;;;;;;;;;;;
id;3dscsfi13af0sqdrj53s7crc07;ip;212.102.44.97;time(s);16.382.009.193.099;data;<id:control-2>;<id:control-2>;<id:definite>;<id:definite>;<id:pro>;<id:pro>;judgement;-94;submit;weiter;;;;;;;;;;;;
id;3dscsfi13af0sqdrj53s7crc07;ip;212.102.44.97;time(s);16.382.009.305.626;data;<id:f-1>;<id:f-1>;<id:front>;<id:front>;<id:unfront>;<id:unfront>;judgement;96;submit;weiter;;;;;;;;;;;;
id;3dscsfi13af0sqdrj53s7crc07;ip;212.102.44.97;time(s);16.382.009.588.710;data;<id:prolificID>;<id:prolificID>;prolificID;5dc1cd625fd2031344dfe43d;<id:age>;<id:age>;age;59;<id:sex>;<id:sex>;sex;male;<id:edu>;<id:edu>;edu;Abitur;<id:natLang>;<id:natLang>;natLang;deutsch;submit;weiter
id;3dscsfi13af0sqdrj53s7crc07;ip;212.102.44.97;time(s);16.382.009.685.096;data;feedback;;;;;;;;;;;;;;;;;;;;;
id;49ofsosgvcbou0toe6ad0r8bn0;ip;93.159.111.84;time(s);16.382.005.353.923;data;submit;Ich möchte an dem Experiment teilnehmen!;;;;;;;;;;;;;;;;;;;;
id;49ofsosgvcbou0toe6ad0r8bn0;ip;93.159.111.84;time(s);16.382.006.149.849;data;judgement;-100;submit;Experiment starten;;;;;;;;;;;;;;;;;;
id;49ofsosgvcbou0toe6ad0r8bn0;ip;93.159.111.84;time(s);16.382.006.324.408;data;<id:f-3>;<id:f-3>;<id:front>;<id:front>;<id:unfront>;<id:unfront>;judgement;100;submit;weiter;;;;;;;;;;;;
id;49ofsosgvcbou0toe6ad0r8bn0;ip;93.159.111.84;time(s);16.382.006.463.375;data;<id:f-5>;<id:f-5>;<id:dm>;<id:dm>;<id:no_dm>;<id:no_dm>;judgement;-100;submit;weiter;;;;;;;;;;;;
id;49ofsosgvcbou0toe6ad0r8bn0;ip;93.159.111.84;time(s);16.382.006.606.904;data;<id:control-4>;<id:control-4>;<id:definite>;<id:definite>;<id:pro>;<id:pro>;judgement;100;submit;weiter;;;;;;;;;;;;
id;49ofsosgvcbou0toe6ad0r8bn0;ip;93.159.111.84;time(s);16.382.006.693.057;data;<id:f-2>;<id:f-2>;<id:front>;<id:front>;<id:unfront>;<id:unfront>;judgement;100;submit;weiter;;;;;;;;;;;;
id;49ofsosgvcbou0toe6ad0r8bn0;ip;93.159.111.84;time(s);16.382.006.837.763;data;<id:c1-t1>;<id:c1-t1>;<id:cleft>;<id:cleft>;<id:canonical>;<id:canonical>;judgement;-100;submit;weiter;;;;;;;;;;;;
id;49ofsosgvcbou0toe6ad0r8bn0;ip;93.159.111.84;time(s);16.382.006.963.005;data;<id:control-2>;<id:control-2>;<id:definite>;<id:definite>;<id:pro>;<id:pro>;judgement;-100;submit;weiter;;;;;;;;;;;;
id;49ofsosgvcbou0toe6ad0r8bn0;ip;93.159.111.84;time(s);16.382.007.201.464;data;<id:c3-t4>;<id:c3-t4>;<id:cleft>;<id:cleft>;<id:canonical>;<id:canonical>;judgement;-53;submit;weiter;;;;;;;;;;;;
id;49ofsosgvcbou0toe6ad0r8bn0;ip;93.159.111.84;time(s);16.382.007.293.027;data;<id:f-6>;<id:f-6>;<id:dm>;<id:dm>;<id:no_dm>;<id:no_dm>;judgement;-100;submit;weiter;;;;;;;;;;;;
id;49ofsosgvcbou0toe6ad0r8bn0;ip;93.159.111.84;time(s);16.382.007.449.172;data;<id:c3-t5>;<id:c3-t5>;<id:cleft>;<id:cleft>;<id:canonical>;<id:canonical>;judgement;-100;submit;weiter;;;;;;;;;;;;
id;49ofsosgvcbou0toe6ad0r8bn0;ip;93.159.111.84;time(s);16.382.007.554.705;data;<id:f-7>;<id:f-7>;<id:dm>;<id:dm>;<id:no_dm>;<id:no_dm>;judgement;-100;submit;weiter;;;;;;;;;;;;
id;49ofsosgvcbou0toe6ad0r8bn0;ip;93.159.111.84;time(s);16.382.007.684.280;data;<id:c1-t2>;<id:c1-t2>;<id:canonical>;<id:canonical>;<id:cleft>;<id:cleft>;judgement;26;submit;weiter;;;;;;;;;;;;
id;49ofsosgvcbou0toe6ad0r8bn0;ip;93.159.111.84;time(s);16.382.007.872.806;data;<id:f-1>;<id:f-1>;<id:front>;<id:front>;<id:unfront>;<id:unfront>;judgement;55;submit;weiter;;;;;;;;;;;;
id;49ofsosgvcbou0toe6ad0r8bn0;ip;93.159.111.84;time(s);16.382.007.955.069;data;<id:control-3>;<id:control-3>;<id:definite>;<id:definite>;<id:pro>;<id:pro>;judgement;100;submit;weiter;;;;;;;;;;;;
id;49ofsosgvcbou0toe6ad0r8bn0;ip;93.159.111.84;time(s);16.382.008.041.018;data;<id:f-4>;<id:f-4>;<id:front>;<id:front>;<id:unfront>;<id:unfront>;judgement;100;submit;weiter;;;;;;;;;;;;
id;49ofsosgvcbou0toe6ad0r8bn0;ip;93.159.111.84;time(s);16.382.008.230.499;data;<id:f-8>;<id:f-8>;<id:dm>;<id:dm>;<id:no_dm>;<id:no_dm>;judgement;-100;submit;weiter;;;;;;;;;;;;
id;49ofsosgvcbou0toe6ad0r8bn0;ip;93.159.111.84;time(s);16.382.008.422.870;data;<id:control-1>;<id:control-1>;<id:pro>;<id:pro>;<id:definite>;<id:definite>;judgement;100;submit;weiter;;;;;;;;;;;;
id;49ofsosgvcbou0toe6ad0r8bn0;ip;93.159.111.84;time(s);16.382.008.718.808;data;<id:prolificID>;<id:prolificID>;prolificID;5eee61509e63ac300a199f84;<id:age>;<id:age>;age;27;<id:sex>;<id:sex>;sex;male;<id:edu>;<id:edu>;edu;Mittlere Reife;<id:natLang>;<id:natLang>;natLang;Deutsch;submit;weiter
id;49ofsosgvcbou0toe6ad0r8bn0;ip;93.159.111.84;time(s);16.382.008.757.021;data;feedback;;;;;;;;;;;;;;;;;;;;;
id;4lsrgb411h47gtqhc3uprf2il7;ip;213.225.36.47;time(s);16.382.027.555.643;data;submit;Ich möchte an dem Experiment teilnehmen!;;;;;;;;;;;;;;;;;;;;
id;4lsrgb411h47gtqhc3uprf2il7;ip;213.225.36.47;time(s);16.382.028.152.748;data;judgement;-100;submit;Experiment starten;;;;;;;;;;;;;;;;;;
id;4lsrgb411h47gtqhc3uprf2il7;ip;213.225.36.47;time(s);16.382.028.259.964;data;<id:f-4>;<id:f-4>;<id:front>;<id:front>;<id:unfront>;<id:unfront>;judgement;100;submit;weiter;;;;;;;;;;;;
id;4lsrgb411h47gtqhc3uprf2il7;ip;213.225.36.47;time(s);16.382.028.529.303;data;<id:f-5>;<id:f-5>;<id:no_dm>;<id:no_dm>;<id:dm>;<id:dm>;judgement;100;submit;weiter;;;;;;;;;;;;
id;4lsrgb411h47gtqhc3uprf2il7;ip;213.225.36.47;time(s);16.382.028.740.153;data;<id:control-3>;<id:control-3>;<id:definite>;<id:definite>;<id:pro>;<id:pro>;judgement;0;submit;weiter;;;;;;;;;;;;
id;4lsrgb411h47gtqhc3uprf2il7;ip;213.225.36.47;time(s);16.382.028.928.264;data;<id:c1-t2>;<id:c1-t2>;<id:cleft>;<id:cleft>;<id:canonical>;<id:canonical>;judgement;37;submit;weiter;;;;;;;;;;;;
id;4lsrgb411h47gtqhc3uprf2il7;ip;213.225.36.47;time(s);16.382.029.209.562;data;<id:control-1>;<id:control-1>;<id:definite>;<id:definite>;<id:pro>;<id:pro>;judgement;-100;submit;weiter;;;;;;;;;;;;
id;4lsrgb411h47gtqhc3uprf2il7;ip;213.225.36.47;time(s);16.382.029.400.567;data;<id:c3-t4>;<id:c3-t4>;<id:cleft>;<id:cleft>;<id:canonical>;<id:canonical>;judgement;-29;submit;weiter;;;;;;;;;;;;
id;4lsrgb411h47gtqhc3uprf2il7;ip;213.225.36.47;time(s);16.382.030.074.930;data;<id:f-6>;<id:f-6>;<id:dm>;<id:dm>;<id:no_dm>;<id:no_dm>;judgement;-56;submit;weiter;;;;;;;;;;;;
id;4lsrgb411h47gtqhc3uprf2il7;ip;213.225.36.47;time(s);16.382.030.556.858;data;<id:control-4>;<id:control-4>;<id:definite>;<id:definite>;<id:pro>;<id:pro>;judgement;100;submit;weiter;;;;;;;;;;;;
id;4lsrgb411h47gtqhc3uprf2il7;ip;213.225.36.47;time(s);16.382.030.773.955;data;<id:f-7>;<id:f-7>;<id:dm>;<id:dm>;<id:no_dm>;<id:no_dm>;judgement;-84;submit;weiter;;;;;;;;;;;;
id;4lsrgb411h47gtqhc3uprf2il7;ip;213.225.36.47;time(s);16.382.030.927.784;data;<id:f-1>;<id:f-1>;<id:front>;<id:front>;<id:unfront>;<id:unfront>;judgement;100;submit;weiter;;;;;;;;;;;;
id;4lsrgb411h47gtqhc3uprf2il7;ip;213.225.36.47;time(s);16.382.031.117.951;data;<id:c3-t5>;<id:c3-t5>;<id:canonical>;<id:canonical>;<id:cleft>;<id:cleft>;judgement;55;submit;weiter;;;;;;;;;;;;
id;4lsrgb411h47gtqhc3uprf2il7;ip;213.225.36.47;time(s);16.382.031.258.286;data;<id:f-3>;<id:f-3>;<id:unfront>;<id:unfront>;<id:front>;<id:front>;judgement;0;submit;weiter;;;;;;;;;;;;
id;4lsrgb411h47gtqhc3uprf2il7;ip;213.225.36.47;time(s);16.382.031.418.071;data;<id:f-2>;<id:f-2>;<id:unfront>;<id:unfront>;<id:front>;<id:front>;judgement;-100;submit;weiter;;;;;;;;;;;;
id;4lsrgb411h47gtqhc3uprf2il7;ip;213.225.36.47;time(s);16.382.031.569.092;data;<id:f-8>;<id:f-8>;<id:no_dm>;<id:no_dm>;<id:dm>;<id:dm>;judgement;64;submit;weiter;;;;;;;;;;;;
id;4lsrgb411h47gtqhc3uprf2il7;ip;213.225.36.47;time(s);16.382.031.657.196;data;<id:c1-t1>;<id:c1-t1>;<id:cleft>;<id:cleft>;<id:canonical>;<id:canonical>;judgement;0;submit;weiter;;;;;;;;;;;;
id;4lsrgb411h47gtqhc3uprf2il7;ip;213.225.36.47;time(s);16.382.031.891.894;data;<id:control-2>;<id:control-2>;<id:pro>;<id:pro>;<id:definite>;<id:definite>;judgement;91;submit;weiter;;;;;;;;;;;;
id;4lsrgb411h47gtqhc3uprf2il7;ip;213.225.36.47;time(s);16.382.032.131.353;data;<id:prolificID>;<id:prolificID>;prolificID;60fd1d5e61b5e2f32c269b45;<id:age>;<id:age>;age;20;<id:sex>;<id:sex>;sex;female;<id:edu>;<id:edu>;edu;Matura (Abitur);<id:natLang>;<id:natLang>;natLang;Deutsch;submit;weiter
id;4lsrgb411h47gtqhc3uprf2il7;ip;213.225.36.47;time(s);16.382.032.270.406;data;feedback;;;;;;;;;;;;;;;;;;;;;
id;6i9an737egn8hqm29levgdrg74;ip;51.6.218.1;time(s);16.382.003.545.288;data;submit;Ich möchte an dem Experiment teilnehmen!;;;;;;;;;;;;;;;;;;;;
id;6i9an737egn8hqm29levgdrg74;ip;51.6.218.1;time(s);16.382.004.224.130;data;judgement;-100;submit;Experiment starten;;;;;;;;;;;;;;;;;;
id;6i9an737egn8hqm29levgdrg74;ip;51.6.218.1;time(s);16.382.004.521.057;data;<id:f-2>;<id:f-2>;<id:front>;<id:front>;<id:unfront>;<id:unfront>;judgement;0;submit;weiter;;;;;;;;;;;;
id;6i9an737egn8hqm29levgdrg74;ip;51.6.218.1;time(s);16.382.004.706.895;data;<id:f-4>;<id:f-4>;<id:front>;<id:front>;<id:unfront>;<id:unfront>;judgement;14;submit;weiter;;;;;;;;;;;;
id;6i9an737egn8hqm29levgdrg74;ip;51.6.218.1;time(s);16.382.004.848.444;data;<id:f-8>;<id:f-8>;<id:no_dm>;<id:no_dm>;<id:dm>;<id:dm>;judgement;100;submit;weiter;;;;;;;;;;;;
id;6i9an737egn8hqm29levgdrg74;ip;51.6.218.1;time(s);16.382.004.985.058;data;<id:f-7>;<id:f-7>;<id:dm>;<id:dm>;<id:no_dm>;<id:no_dm>;judgement;-100;submit;weiter;;;;;;;;;;;;
id;6i9an737egn8hqm29levgdrg74;ip;51.6.218.1;time(s);16.382.005.165.473;data;<id:f-1>;<id:f-1>;<id:unfront>;<id:unfront>;<id:front>;<id:front>;judgement;-84;submit;weiter;;;;;;;;;;;;
id;6i9an737egn8hqm29levgdrg74;ip;51.6.218.1;time(s);16.382.005.377.841;data;<id:c3-t5>;<id:c3-t5>;<id:canonical>;<id:canonical>;<id:cleft>;<id:cleft>;judgement;71;submit;weiter;;;;;;;;;;;;
id;6i9an737egn8hqm29levgdrg74;ip;51.6.218.1;time(s);16.382.005.547.479;data;<id:f-3>;<id:f-3>;<id:front>;<id:front>;<id:unfront>;<id:unfront>;judgement;49;submit;weiter;;;;;;;;;;;;
id;6i9an737egn8hqm29levgdrg74;ip;51.6.218.1;time(s);16.382.005.708.495;data;<id:c1-t2>;<id:c1-t2>;<id:canonical>;<id:canonical>;<id:cleft>;<id:cleft>;judgement;-36;submit;weiter;;;;;;;;;;;;
id;6i9an737egn8hqm29levgdrg74;ip;51.6.218.1;time(s);16.382.005.900.055;data;<id:control-1>;<id:control-1>;<id:definite>;<id:definite>;<id:pro>;<id:pro>;judgement;-100;submit;weiter;;;;;;;;;;;;
id;6i9an737egn8hqm29levgdrg74;ip;51.6.218.1;time(s);16.382.006.131.258;data;<id:control-2>;<id:control-2>;<id:pro>;<id:pro>;<id:definite>;<id:definite>;judgement;100;submit;weiter;;;;;;;;;;;;
id;6i9an737egn8hqm29levgdrg74;ip;51.6.218.1;time(s);16.382.006.234.147;data;<id:f-6>;<id:f-6>;<id:dm>;<id:dm>;<id:no_dm>;<id:no_dm>;judgement;-98;submit;weiter;;;;;;;;;;;;
id;6i9an737egn8hqm29levgdrg74;ip;51.6.218.1;time(s);16.382.006.478.972;data;<id:f-5>;<id:f-5>;<id:dm>;<id:dm>;<id:no_dm>;<id:no_dm>;judgement;-76;submit;weiter;;;;;;;;;;;;
id;6i9an737egn8hqm29levgdrg74;ip;51.6.218.1;time(s);16.382.006.683.251;data;<id:c3-t4>;<id:c3-t4>;<id:cleft>;<id:cleft>;<id:canonical>;<id:canonical>;judgement;-75;submit;weiter;;;;;;;;;;;;
id;6i9an737egn8hqm29levgdrg74;ip;51.6.218.1;time(s);16.382.006.940.925;data;<id:control-4>;<id:control-4>;<id:definite>;<id:definite>;<id:pro>;<id:pro>;judgement;68;submit;weiter;;;;;;;;;;;;
id;6i9an737egn8hqm29levgdrg74;ip;51.6.218.1;time(s);16.382.007.079.668;data;<id:c1-t1>;<id:c1-t1>;<id:cleft>;<id:cleft>;<id:canonical>;<id:canonical>;judgement;0;submit;weiter;;;;;;;;;;;;
id;6i9an737egn8hqm29levgdrg74;ip;51.6.218.1;time(s);16.382.007.209.526;data;<id:control-3>;<id:control-3>;<id:definite>;<id:definite>;<id:pro>;<id:pro>;judgement;85;submit;weiter;;;;;;;;;;;;
id;6i9an737egn8hqm29levgdrg74;ip;51.6.218.1;time(s);16.382.007.647.443;data;<id:prolificID>;<id:prolificID>;prolificID;5e3d71c28eb5270274d528b8;<id:age>;<id:age>;age;69;<id:sex>;<id:sex>;sex;female;<id:edu>;<id:edu>;edu;Bachelor of Arts;<id:natLang>;<id:natLang>;natLang;Deutsch/Englisch (zweisprachig);submit;weiter
id;6i9an737egn8hqm29levgdrg74;ip;51.6.218.1;time(s);16.382.008.793.690;data;feedback;Ich fand das Experiment sehr interessant und herausfordernd. Manche Saetze waren aehnlich, da nur die Betonung verschieden war. ;;;;;;;;;;;;;;;;;;;;
id;6ift850c85jblna2g65gssqb00;ip;95.222.27.48;time(s);16.381.990.866.719;data;submit;Ich möchte an dem Experiment teilnehmen!;;;;;;;;;;;;;;;;;;;;
id;6ift850c85jblna2g65gssqb00;ip;95.222.27.48;time(s);16.381.991.145.228;data;judgement;-100;submit;Experiment starten;;;;;;;;;;;;;;;;;;
id;6ift850c85jblna2g65gssqb00;ip;95.222.27.48;time(s);16.381.991.240.546;data;<id:control-4>;<id:control-4>;<id:definite>;<id:definite>;<id:pro>;<id:pro>;judgement;100;submit;weiter;;;;;;;;;;;;
id;6ift850c85jblna2g65gssqb00;ip;95.222.27.48;time(s);16.381.991.381.382;data;<id:c3-t4>;<id:c3-t4>;<id:canonical>;<id:canonical>;<id:cleft>;<id:cleft>;judgement;31;submit;weiter;;;;;;;;;;;;
id;6ift850c85jblna2g65gssqb00;ip;95.222.27.48;time(s);16.381.991.494.817;data;<id:control-2>;<id:control-2>;<id:pro>;<id:pro>;<id:definite>;<id:definite>;judgement;85;submit;weiter;;;;;;;;;;;;
id;6ift850c85jblna2g65gssqb00;ip;95.222.27.48;time(s);16.381.991.582.762;data;<id:control-1>;<id:control-1>;<id:definite>;<id:definite>;<id:pro>;<id:pro>;judgement;-93;submit;weiter;;;;;;;;;;;;
id;6ift850c85jblna2g65gssqb00;ip;95.222.27.48;time(s);16.381.991.668.316;data;<id:f-7>;<id:f-7>;<id:dm>;<id:dm>;<id:no_dm>;<id:no_dm>;judgement;-68;submit;weiter;;;;;;;;;;;;
id;6ift850c85jblna2g65gssqb00;ip;95.222.27.48;time(s);16.381.991.767.615;data;<id:f-5>;<id:f-5>;<id:no_dm>;<id:no_dm>;<id:dm>;<id:dm>;judgement;90;submit;weiter;;;;;;;;;;;;
id;6ift850c85jblna2g65gssqb00;ip;95.222.27.48;time(s);16.381.991.972.862;data;<id:c1-t2>;<id:c1-t2>;<id:cleft>;<id:cleft>;<id:canonical>;<id:canonical>;judgement;-28;submit;weiter;;;;;;;;;;;;
id;6ift850c85jblna2g65gssqb00;ip;95.222.27.48;time(s);16.381.992.036.568;data;<id:f-3>;<id:f-3>;<id:unfront>;<id:unfront>;<id:front>;<id:front>;judgement;58;submit;weiter;;;;;;;;;;;;
id;6ift850c85jblna2g65gssqb00;ip;95.222.27.48;time(s);16.381.992.129.049;data;<id:c3-t5>;<id:c3-t5>;<id:cleft>;<id:cleft>;<id:canonical>;<id:canonical>;judgement;-74;submit;weiter;;;;;;;;;;;;
id;6ift850c85jblna2g65gssqb00;ip;95.222.27.48;time(s);16.381.992.183.127;data;<id:control-3>;<id:control-3>;<id:pro>;<id:pro>;<id:definite>;<id:definite>;judgement;-89;submit;weiter;;;;;;;;;;;;
id;6ift850c85jblna2g65gssqb00;ip;95.222.27.48;time(s);16.381.992.243.214;data;<id:f-8>;<id:f-8>;<id:no_dm>;<id:no_dm>;<id:dm>;<id:dm>;judgement;85;submit;weiter;;;;;;;;;;;;
id;6ift850c85jblna2g65gssqb00;ip;95.222.27.48;time(s);16.381.992.330.915;data;<id:f-4>;<id:f-4>;<id:unfront>;<id:unfront>;<id:front>;<id:front>;judgement;-47;submit;weiter;;;;;;;;;;;;
id;6ift850c85jblna2g65gssqb00;ip;95.222.27.48;time(s);16.381.992.387.463;data;<id:f-2>;<id:f-2>;<id:unfront>;<id:unfront>;<id:front>;<id:front>;judgement;-89;submit;weiter;;;;;;;;;;;;
id;6ift850c85jblna2g65gssqb00;ip;95.222.27.48;time(s);16.381.992.450.826;data;<id:c1-t1>;<id:c1-t1>;<id:canonical>;<id:canonical>;<id:cleft>;<id:cleft>;judgement;-72;submit;weiter;;;;;;;;;;;;
id;6ift850c85jblna2g65gssqb00;ip;95.222.27.48;time(s);16.381.992.540.625;data;<id:f-1>;<id:f-1>;<id:unfront>;<id:unfront>;<id:front>;<id:front>;judgement;50;submit;weiter;;;;;;;;;;;;
id;6ift850c85jblna2g65gssqb00;ip;95.222.27.48;time(s);16.381.992.623.792;data;<id:f-6>;<id:f-6>;<id:no_dm>;<id:no_dm>;<id:dm>;<id:dm>;judgement;72;submit;weiter;;;;;;;;;;;;
id;6ift850c85jblna2g65gssqb00;ip;95.222.27.48;time(s);16.381.992.901.246;data;<id:prolificID>;<id:prolificID>;prolificID;60fe7985ba99343ad0b893b7;<id:age>;<id:age>;age;21;<id:sex>;<id:sex>;sex;other;<id:edu>;<id:edu>;edu;Abitur;<id:natLang>;<id:natLang>;natLang;Deutsch;submit;weiter
id;6ift850c85jblna2g65gssqb00;ip;95.222.27.48;time(s);16.381.992.937.170;data;feedback;;;;;;;;;;;;;;;;;;;;;
id;7hpplls9qb0h35o1a1eaipf2r5;ip;94.134.181.119;time(s);16.382.016.984.937;data;submit;Ich möchte an dem Experiment teilnehmen!;;;;;;;;;;;;;;;;;;;;
id;7hpplls9qb0h35o1a1eaipf2r5;ip;94.134.181.119;time(s);16.382.017.374.289;data;judgement;-100;submit;Experiment starten;;;;;;;;;;;;;;;;;;
id;7hpplls9qb0h35o1a1eaipf2r5;ip;94.134.181.119;time(s);16.382.017.445.301;data;<id:f-4>;<id:f-4>;<id:front>;<id:front>;<id:unfront>;<id:unfront>;judgement;100;submit;weiter;;;;;;;;;;;;
id;7hpplls9qb0h35o1a1eaipf2r5;ip;94.134.181.119;time(s);16.382.017.559.535;data;<id:control-2>;<id:control-2>;<id:definite>;<id:definite>;<id:pro>;<id:pro>;judgement;100;submit;weiter;;;;;;;;;;;;
id;7hpplls9qb0h35o1a1eaipf2r5;ip;94.134.181.119;time(s);16.382.017.654.472;data;<id:f-2>;<id:f-2>;<id:unfront>;<id:unfront>;<id:front>;<id:front>;judgement;-100;submit;weiter;;;;;;;;;;;;
id;7hpplls9qb0h35o1a1eaipf2r5;ip;94.134.181.119;time(s);16.382.017.784.887;data;<id:c3-t4>;<id:c3-t4>;<id:cleft>;<id:cleft>;<id:canonical>;<id:canonical>;judgement;-51;submit;weiter;;;;;;;;;;;;
id;7hpplls9qb0h35o1a1eaipf2r5;ip;94.134.181.119;time(s);16.382.017.896.847;data;<id:control-3>;<id:control-3>;<id:pro>;<id:pro>;<id:definite>;<id:definite>;judgement;-58;submit;weiter;;;;;;;;;;;;
id;7hpplls9qb0h35o1a1eaipf2r5;ip;94.134.181.119;time(s);16.382.017.969.776;data;<id:f-3>;<id:f-3>;<id:front>;<id:front>;<id:unfront>;<id:unfront>;judgement;91;submit;weiter;;;;;;;;;;;;
id;7hpplls9qb0h35o1a1eaipf2r5;ip;94.134.181.119;time(s);16.382.018.133.603;data;<id:c3-t5>;<id:c3-t5>;<id:canonical>;<id:canonical>;<id:cleft>;<id:cleft>;judgement;51;submit;weiter;;;;;;;;;;;;
id;7hpplls9qb0h35o1a1eaipf2r5;ip;94.134.181.119;time(s);16.382.018.199.700;data;<id:f-6>;<id:f-6>;<id:no_dm>;<id:no_dm>;<id:dm>;<id:dm>;judgement;100;submit;weiter;;;;;;;;;;;;
id;7hpplls9qb0h35o1a1eaipf2r5;ip;94.134.181.119;time(s);16.382.018.271.784;data;<id:f-7>;<id:f-7>;<id:no_dm>;<id:no_dm>;<id:dm>;<id:dm>;judgement;100;submit;weiter;;;;;;;;;;;;
id;7hpplls9qb0h35o1a1eaipf2r5;ip;94.134.181.119;time(s);16.382.018.376.897;data;<id:control-1>;<id:control-1>;<id:pro>;<id:pro>;<id:definite>;<id:definite>;judgement;62;submit;weiter;;;;;;;;;;;;
id;7hpplls9qb0h35o1a1eaipf2r5;ip;94.134.181.119;time(s);16.382.018.471.910;data;<id:control-4>;<id:control-4>;<id:pro>;<id:pro>;<id:definite>;<id:definite>;judgement;-100;submit;weiter;;;;;;;;;;;;
id;7hpplls9qb0h35o1a1eaipf2r5;ip;94.134.181.119;time(s);16.382.018.563.643;data;<id:c1-t2>;<id:c1-t2>;<id:canonical>;<id:canonical>;<id:cleft>;<id:cleft>;judgement;-43;submit;weiter;;;;;;;;;;;;
id;7hpplls9qb0h35o1a1eaipf2r5;ip;94.134.181.119;time(s);16.382.018.639.954;data;<id:c1-t1>;<id:c1-t1>;<id:canonical>;<id:canonical>;<id:cleft>;<id:cleft>;judgement;-51;submit;weiter;;;;;;;;;;;;
id;7hpplls9qb0h35o1a1eaipf2r5;ip;94.134.181.119;time(s);16.382.018.702.068;data;<id:f-1>;<id:f-1>;<id:front>;<id:front>;<id:unfront>;<id:unfront>;judgement;45;submit;weiter;;;;;;;;;;;;
id;7hpplls9qb0h35o1a1eaipf2r5;ip;94.134.181.119;time(s);16.382.018.909.763;data;<id:f-8>;<id:f-8>;<id:dm>;<id:dm>;<id:no_dm>;<id:no_dm>;judgement;-60;submit;weiter;;;;;;;;;;;;
id;7hpplls9qb0h35o1a1eaipf2r5;ip;94.134.181.119;time(s);16.382.019.009.217;data;<id:f-5>;<id:f-5>;<id:no_dm>;<id:no_dm>;<id:dm>;<id:dm>;judgement;96;submit;weiter;;;;;;;;;;;;
id;7hpplls9qb0h35o1a1eaipf2r5;ip;94.134.181.119;time(s);16.382.019.205.870;data;<id:prolificID>;<id:prolificID>;prolificID;610436ec7cd7d7de0d935442;<id:age>;<id:age>;age;21;<id:sex>;<id:sex>;sex;female;<id:edu>;<id:edu>;edu;Bachelor of Science;<id:natLang>;<id:natLang>;natLang;Deutsch;submit;weiter
id;7hpplls9qb0h35o1a1eaipf2r5;ip;94.134.181.119;time(s);16.382.019.284.542;data;feedback;;;;;;;;;;;;;;;;;;;;;
id;82d0v545pogs1p7ap451eqqom6;ip;93.227.177.7;time(s);16.382.001.559.869;data;submit;Ich möchte an dem Experiment teilnehmen!;;;;;;;;;;;;;;;;;;;;
id;82d0v545pogs1p7ap451eqqom6;ip;93.227.177.7;time(s);16.382.001.993.791;data;judgement;-100;submit;Experiment starten;;;;;;;;;;;;;;;;;;
id;82d0v545pogs1p7ap451eqqom6;ip;93.227.177.7;time(s);16.382.002.115.534;data;<id:f-2>;<id:f-2>;<id:unfront>;<id:unfront>;<id:front>;<id:front>;judgement;-80;submit;weiter;;;;;;;;;;;;
id;82d0v545pogs1p7ap451eqqom6;ip;93.227.177.7;time(s);16.382.002.220.194;data;<id:control-3>;<id:control-3>;<id:definite>;<id:definite>;<id:pro>;<id:pro>;judgement;46;submit;weiter;;;;;;;;;;;;
id;82d0v545pogs1p7ap451eqqom6;ip;93.227.177.7;time(s);16.382.002.332.620;data;<id:control-4>;<id:control-4>;<id:definite>;<id:definite>;<id:pro>;<id:pro>;judgement;50;submit;weiter;;;;;;;;;;;;
id;82d0v545pogs1p7ap451eqqom6;ip;93.227.177.7;time(s);16.382.002.493.204;data;<id:control-1>;<id:control-1>;<id:pro>;<id:pro>;<id:definite>;<id:definite>;judgement;38;submit;weiter;;;;;;;;;;;;
id;82d0v545pogs1p7ap451eqqom6;ip;93.227.177.7;time(s);16.382.002.639.794;data;<id:c3-t4>;<id:c3-t4>;<id:canonical>;<id:canonical>;<id:cleft>;<id:cleft>;judgement;48;submit;weiter;;;;;;;;;;;;
id;82d0v545pogs1p7ap451eqqom6;ip;93.227.177.7;time(s);16.382.002.731.170;data;<id:control-2>;<id:control-2>;<id:pro>;<id:pro>;<id:definite>;<id:definite>;judgement;47;submit;weiter;;;;;;;;;;;;
id;82d0v545pogs1p7ap451eqqom6;ip;93.227.177.7;time(s);16.382.002.861.020;data;<id:c1-t1>;<id:c1-t1>;<id:canonical>;<id:canonical>;<id:cleft>;<id:cleft>;judgement;-23;submit;weiter;;;;;;;;;;;;
id;82d0v545pogs1p7ap451eqqom6;ip;93.227.177.7;time(s);16.382.002.966.628;data;<id:f-5>;<id:f-5>;<id:dm>;<id:dm>;<id:no_dm>;<id:no_dm>;judgement;-47;submit;weiter;;;;;;;;;;;;
id;82d0v545pogs1p7ap451eqqom6;ip;93.227.177.7;time(s);16.382.003.058.339;data;<id:c3-t5>;<id:c3-t5>;<id:canonical>;<id:canonical>;<id:cleft>;<id:cleft>;judgement;37;submit;weiter;;;;;;;;;;;;
id;82d0v545pogs1p7ap451eqqom6;ip;93.227.177.7;time(s);16.382.003.140.240;data;<id:f-7>;<id:f-7>;<id:dm>;<id:dm>;<id:no_dm>;<id:no_dm>;judgement;-41;submit;weiter;;;;;;;;;;;;
id;82d0v545pogs1p7ap451eqqom6;ip;93.227.177.7;time(s);16.382.003.237.414;data;<id:c1-t2>;<id:c1-t2>;<id:cleft>;<id:cleft>;<id:canonical>;<id:canonical>;judgement;13;submit;weiter;;;;;;;;;;;;
id;82d0v545pogs1p7ap451eqqom6;ip;93.227.177.7;time(s);16.382.003.301.825;data;<id:f-4>;<id:f-4>;<id:front>;<id:front>;<id:unfront>;<id:unfront>;judgement;44;submit;weiter;;;;;;;;;;;;
id;82d0v545pogs1p7ap451eqqom6;ip;93.227.177.7;time(s);16.382.003.435.282;data;<id:f-3>;<id:f-3>;<id:unfront>;<id:unfront>;<id:front>;<id:front>;judgement;-16;submit;weiter;;;;;;;;;;;;
id;82d0v545pogs1p7ap451eqqom6;ip;93.227.177.7;time(s);16.382.003.512.095;data;<id:f-6>;<id:f-6>;<id:dm>;<id:dm>;<id:no_dm>;<id:no_dm>;judgement;-33;submit;weiter;;;;;;;;;;;;
id;82d0v545pogs1p7ap451eqqom6;ip;93.227.177.7;time(s);16.382.003.661.708;data;<id:f-1>;<id:f-1>;<id:unfront>;<id:unfront>;<id:front>;<id:front>;judgement;9;submit;weiter;;;;;;;;;;;;
id;82d0v545pogs1p7ap451eqqom6;ip;93.227.177.7;time(s);16.382.003.744.043;data;<id:f-8>;<id:f-8>;<id:no_dm>;<id:no_dm>;<id:dm>;<id:dm>;judgement;39;submit;weiter;;;;;;;;;;;;
id;82d0v545pogs1p7ap451eqqom6;ip;93.227.177.7;time(s);16.382.003.988.702;data;<id:prolificID>;<id:prolificID>;prolificID;60ffba651b70b1d3fcffd745;<id:age>;<id:age>;age;35;<id:sex>;<id:sex>;sex;male;<id:edu>;<id:edu>;edu;Hochschulabschluss;<id:natLang>;<id:natLang>;natLang;deutsch;submit;weiter
id;82d0v545pogs1p7ap451eqqom6;ip;93.227.177.7;time(s);16.382.004.112.323;data;feedback;;;;;;;;;;;;;;;;;;;;;
id;8vh69if41130qf30atksv0ska4;ip;87.162.217.70;time(s);16.382.014.469.008;data;submit;Ich möchte an dem Experiment teilnehmen!;;;;;;;;;;;;;;;;;;;;
id;8vh69if41130qf30atksv0ska4;ip;87.162.217.70;time(s);16.382.014.994.435;data;judgement;-100;submit;Experiment starten;;;;;;;;;;;;;;;;;;
id;8vh69if41130qf30atksv0ska4;ip;87.162.217.70;time(s);16.382.015.170.684;data;<id:f-1>;<id:f-1>;<id:unfront>;<id:unfront>;<id:front>;<id:front>;judgement;-44;submit;weiter;;;;;;;;;;;;
id;8vh69if41130qf30atksv0ska4;ip;87.162.217.70;time(s);16.382.015.311.364;data;<id:control-1>;<id:control-1>;<id:definite>;<id:definite>;<id:pro>;<id:pro>;judgement;-100;submit;weiter;;;;;;;;;;;;
id;8vh69if41130qf30atksv0ska4;ip;87.162.217.70;time(s);16.382.015.415.769;data;<id:control-4>;<id:control-4>;<id:definite>;<id:definite>;<id:pro>;<id:pro>;judgement;100;submit;weiter;;;;;;;;;;;;
id;8vh69if41130qf30atksv0ska4;ip;87.162.217.70;time(s);16.382.015.531.252;data;<id:control-2>;<id:control-2>;<id:definite>;<id:definite>;<id:pro>;<id:pro>;judgement;-100;submit;weiter;;;;;;;;;;;;
id;8vh69if41130qf30atksv0ska4;ip;87.162.217.70;time(s);16.382.015.652.763;data;<id:f-8>;<id:f-8>;<id:dm>;<id:dm>;<id:no_dm>;<id:no_dm>;judgement;-100;submit;weiter;;;;;;;;;;;;
id;8vh69if41130qf30atksv0ska4;ip;87.162.217.70;time(s);16.382.015.726.343;data;<id:f-4>;<id:f-4>;<id:unfront>;<id:unfront>;<id:front>;<id:front>;judgement;-100;submit;weiter;;;;;;;;;;;;
id;8vh69if41130qf30atksv0ska4;ip;87.162.217.70;time(s);16.382.015.832.703;data;<id:f-5>;<id:f-5>;<id:dm>;<id:dm>;<id:no_dm>;<id:no_dm>;judgement;-100;submit;weiter;;;;;;;;;;;;
id;8vh69if41130qf30atksv0ska4;ip;87.162.217.70;time(s);16.382.015.930.588;data;<id:c1-t2>;<id:c1-t2>;<id:canonical>;<id:canonical>;<id:cleft>;<id:cleft>;judgement;-66;submit;weiter;;;;;;;;;;;;
id;8vh69if41130qf30atksv0ska4;ip;87.162.217.70;time(s);16.382.016.035.362;data;<id:c1-t1>;<id:c1-t1>;<id:cleft>;<id:cleft>;<id:canonical>;<id:canonical>;judgement;91;submit;weiter;;;;;;;;;;;;
id;8vh69if41130qf30atksv0ska4;ip;87.162.217.70;time(s);16.382.016.176.956;data;<id:c3-t5>;<id:c3-t5>;<id:cleft>;<id:cleft>;<id:canonical>;<id:canonical>;judgement;-15;submit;weiter;;;;;;;;;;;;
id;8vh69if41130qf30atksv0ska4;ip;87.162.217.70;time(s);16.382.016.257.245;data;<id:control-3>;<id:control-3>;<id:pro>;<id:pro>;<id:definite>;<id:definite>;judgement;-100;submit;weiter;;;;;;;;;;;;
id;8vh69if41130qf30atksv0ska4;ip;87.162.217.70;time(s);16.382.016.370.928;data;<id:c3-t4>;<id:c3-t4>;<id:cleft>;<id:cleft>;<id:canonical>;<id:canonical>;judgement;85;submit;weiter;;;;;;;;;;;;
id;8vh69if41130qf30atksv0ska4;ip;87.162.217.70;time(s);16.382.016.450.777;data;<id:f-6>;<id:f-6>;<id:no_dm>;<id:no_dm>;<id:dm>;<id:dm>;judgement;100;submit;weiter;;;;;;;;;;;;
id;8vh69if41130qf30atksv0ska4;ip;87.162.217.70;time(s);16.382.016.629.485;data;<id:f-2>;<id:f-2>;<id:unfront>;<id:unfront>;<id:front>;<id:front>;judgement;37;submit;weiter;;;;;;;;;;;;
id;8vh69if41130qf30atksv0ska4;ip;87.162.217.70;time(s);16.382.016.751.008;data;<id:f-7>;<id:f-7>;<id:no_dm>;<id:no_dm>;<id:dm>;<id:dm>;judgement;100;submit;weiter;;;;;;;;;;;;
id;8vh69if41130qf30atksv0ska4;ip;87.162.217.70;time(s);16.382.016.876.095;data;<id:f-3>;<id:f-3>;<id:front>;<id:front>;<id:unfront>;<id:unfront>;judgement;-44;submit;weiter;;;;;;;;;;;;
id;8vh69if41130qf30atksv0ska4;ip;87.162.217.70;time(s);16.382.017.162.272;data;<id:prolificID>;<id:prolificID>;prolificID;60fd1f3378b82433e490d7bf;<id:age>;<id:age>;age;18;<id:sex>;<id:sex>;sex;female;<id:edu>;<id:edu>;edu;Abitur;<id:natLang>;<id:natLang>;natLang;Deutsch, Russisch;submit;weiter
id;8vh69if41130qf30atksv0ska4;ip;87.162.217.70;time(s);16.382.017.185.123;data;feedback;;;;;;;;;;;;;;;;;;;;;
id;93f601hc0bbub5nv641ibuq5r0;ip;194.230.147.47;time(s);16.381.996.004.981;data;submit;Ich möchte an dem Experiment teilnehmen!;;;;;;;;;;;;;;;;;;;;
id;93f601hc0bbub5nv641ibuq5r0;ip;194.230.147.47;time(s);16.381.996.531.012;data;judgement;-100;submit;Experiment starten;;;;;;;;;;;;;;;;;;
id;93f601hc0bbub5nv641ibuq5r0;ip;194.230.147.47;time(s);16.381.996.725.398;data;<id:f-1>;<id:f-1>;<id:front>;<id:front>;<id:unfront>;<id:unfront>;judgement;60;submit;weiter;;;;;;;;;;;;
id;93f601hc0bbub5nv641ibuq5r0;ip;194.230.147.47;time(s);16.381.996.817.801;data;<id:f-2>;<id:f-2>;<id:front>;<id:front>;<id:unfront>;<id:unfront>;judgement;54;submit;weiter;;;;;;;;;;;;
id;93f601hc0bbub5nv641ibuq5r0;ip;194.230.147.47;time(s);16.381.996.971.811;data;<id:c1-t1>;<id:c1-t1>;<id:canonical>;<id:canonical>;<id:cleft>;<id:cleft>;judgement;81;submit;weiter;;;;;;;;;;;;
id;93f601hc0bbub5nv641ibuq5r0;ip;194.230.147.47;time(s);16.381.997.066.449;data;<id:control-3>;<id:control-3>;<id:pro>;<id:pro>;<id:definite>;<id:definite>;judgement;-83;submit;weiter;;;;;;;;;;;;
id;93f601hc0bbub5nv641ibuq5r0;ip;194.230.147.47;time(s);16.381.997.152.151;data;<id:c1-t2>;<id:c1-t2>;<id:canonical>;<id:canonical>;<id:cleft>;<id:cleft>;judgement;-82;submit;weiter;;;;;;;;;;;;
id;93f601hc0bbub5nv641ibuq5r0;ip;194.230.147.47;time(s);16.381.997.290.551;data;<id:c3-t4>;<id:c3-t4>;<id:canonical>;<id:canonical>;<id:cleft>;<id:cleft>;judgement;65;submit;weiter;;;;;;;;;;;;
id;93f601hc0bbub5nv641ibuq5r0;ip;194.230.147.47;time(s);16.381.997.412.376;data;<id:f-5>;<id:f-5>;<id:no_dm>;<id:no_dm>;<id:dm>;<id:dm>;judgement;91;submit;weiter;;;;;;;;;;;;
id;93f601hc0bbub5nv641ibuq5r0;ip;194.230.147.47;time(s);16.381.997.508.938;data;<id:f-4>;<id:f-4>;<id:front>;<id:front>;<id:unfront>;<id:unfront>;judgement;100;submit;weiter;;;;;;;;;;;;
id;93f601hc0bbub5nv641ibuq5r0;ip;194.230.147.47;time(s);16.381.997.604.606;data;<id:f-3>;<id:f-3>;<id:front>;<id:front>;<id:unfront>;<id:unfront>;judgement;100;submit;weiter;;;;;;;;;;;;
id;93f601hc0bbub5nv641ibuq5r0;ip;194.230.147.47;time(s);16.381.997.717.326;data;<id:f-7>;<id:f-7>;<id:no_dm>;<id:no_dm>;<id:dm>;<id:dm>;judgement;98;submit;weiter;;;;;;;;;;;;
id;93f601hc0bbub5nv641ibuq5r0;ip;194.230.147.47;time(s);16.381.997.856.052;data;<id:control-2>;<id:control-2>;<id:pro>;<id:pro>;<id:definite>;<id:definite>;judgement;58;submit;weiter;;;;;;;;;;;;
id;93f601hc0bbub5nv641ibuq5r0;ip;194.230.147.47;time(s);16.381.997.958.609;data;<id:control-1>;<id:control-1>;<id:pro>;<id:pro>;<id:definite>;<id:definite>;judgement;75;submit;weiter;;;;;;;;;;;;
id;93f601hc0bbub5nv641ibuq5r0;ip;194.230.147.47;time(s);16.381.998.032.952;data;<id:f-6>;<id:f-6>;<id:no_dm>;<id:no_dm>;<id:dm>;<id:dm>;judgement;75;submit;weiter;;;;;;;;;;;;
id;93f601hc0bbub5nv641ibuq5r0;ip;194.230.147.47;time(s);16.381.998.157.193;data;<id:f-8>;<id:f-8>;<id:no_dm>;<id:no_dm>;<id:dm>;<id:dm>;judgement;78;submit;weiter;;;;;;;;;;;;
id;93f601hc0bbub5nv641ibuq5r0;ip;194.230.147.47;time(s);16.381.998.244.053;data;<id:control-4>;<id:control-4>;<id:definite>;<id:definite>;<id:pro>;<id:pro>;judgement;60;submit;weiter;;;;;;;;;;;;
id;93f601hc0bbub5nv641ibuq5r0;ip;194.230.147.47;time(s);16.381.998.414.473;data;<id:c3-t5>;<id:c3-t5>;<id:cleft>;<id:cleft>;<id:canonical>;<id:canonical>;judgement;-40;submit;weiter;;;;;;;;;;;;
id;93f601hc0bbub5nv641ibuq5r0;ip;194.230.147.47;time(s);16.381.998.757.194;data;<id:prolificID>;<id:prolificID>;prolificID;6155a189ac435d26d1a6c1bd;<id:age>;<id:age>;age;36;<id:sex>;<id:sex>;sex;male;<id:edu>;<id:edu>;edu;Master;<id:natLang>;<id:natLang>;natLang;Deutsch, Schweizerdeutsch, Libanesisch, Englisch;submit;weiter
id;93f601hc0bbub5nv641ibuq5r0;ip;194.230.147.47;time(s);16.381.998.804.935;data;feedback;;;;;;;;;;;;;;;;;;;;;
id;abbhfesn4tmomkpf7c6ajs6483;ip;91.64.108.126;time(s);16.381.988.813.479;data;submit;Ich möchte an dem Experiment teilnehmen!;;;;;;;;;;;;;;;;;;;;
id;abbhfesn4tmomkpf7c6ajs6483;ip;91.64.108.126;time(s);16.381.989.290.446;data;judgement;-100;submit;Experiment starten;;;;;;;;;;;;;;;;;;
id;abbhfesn4tmomkpf7c6ajs6483;ip;91.64.108.126;time(s);16.381.989.410.006;data;<id:f-2>;<id:f-2>;<id:front>;<id:front>;<id:unfront>;<id:unfront>;judgement;45;submit;weiter;;;;;;;;;;;;
id;abbhfesn4tmomkpf7c6ajs6483;ip;91.64.108.126;time(s);16.381.989.506.279;data;<id:f-3>;<id:f-3>;<id:unfront>;<id:unfront>;<id:front>;<id:front>;judgement;-51;submit;weiter;;;;;;;;;;;;
id;abbhfesn4tmomkpf7c6ajs6483;ip;91.64.108.126;time(s);16.381.989.623.105;data;<id:f-8>;<id:f-8>;<id:no_dm>;<id:no_dm>;<id:dm>;<id:dm>;judgement;53;submit;weiter;;;;;;;;;;;;
id;abbhfesn4tmomkpf7c6ajs6483;ip;91.64.108.126;time(s);16.381.989.724.404;data;<id:control-3>;<id:control-3>;<id:pro>;<id:pro>;<id:definite>;<id:definite>;judgement;-20;submit;weiter;;;;;;;;;;;;
id;abbhfesn4tmomkpf7c6ajs6483;ip;91.64.108.126;time(s);16.381.989.858.307;data;<id:control-4>;<id:control-4>;<id:pro>;<id:pro>;<id:definite>;<id:definite>;judgement;0;submit;weiter;;;;;;;;;;;;
id;abbhfesn4tmomkpf7c6ajs6483;ip;91.64.108.126;time(s);16.381.989.987.216;data;<id:c3-t5>;<id:c3-t5>;<id:canonical>;<id:canonical>;<id:cleft>;<id:cleft>;judgement;85;submit;weiter;;;;;;;;;;;;
id;abbhfesn4tmomkpf7c6ajs6483;ip;91.64.108.126;time(s);16.381.990.089.234;data;<id:c3-t4>;<id:c3-t4>;<id:cleft>;<id:cleft>;<id:canonical>;<id:canonical>;judgement;0;submit;weiter;;;;;;;;;;;;
id;abbhfesn4tmomkpf7c6ajs6483;ip;91.64.108.126;time(s);16.381.990.226.302;data;<id:f-1>;<id:f-1>;<id:front>;<id:front>;<id:unfront>;<id:unfront>;judgement;-30;submit;weiter;;;;;;;;;;;;
id;abbhfesn4tmomkpf7c6ajs6483;ip;91.64.108.126;time(s);16.381.990.311.821;data;<id:f-6>;<id:f-6>;<id:no_dm>;<id:no_dm>;<id:dm>;<id:dm>;judgement;100;submit;weiter;;;;;;;;;;;;
id;abbhfesn4tmomkpf7c6ajs6483;ip;91.64.108.126;time(s);16.381.990.417.872;data;<id:f-7>;<id:f-7>;<id:dm>;<id:dm>;<id:no_dm>;<id:no_dm>;judgement;100;submit;weiter;;;;;;;;;;;;
id;abbhfesn4tmomkpf7c6ajs6483;ip;91.64.108.126;time(s);16.381.990.480.165;data;<id:c1-t2>;<id:c1-t2>;<id:cleft>;<id:cleft>;<id:canonical>;<id:canonical>;judgement;0;submit;weiter;;;;;;;;;;;;
id;abbhfesn4tmomkpf7c6ajs6483;ip;91.64.108.126;time(s);16.381.990.560.428;data;<id:f-4>;<id:f-4>;<id:unfront>;<id:unfront>;<id:front>;<id:front>;judgement;0;submit;weiter;;;;;;;;;;;;
id;abbhfesn4tmomkpf7c6ajs6483;ip;91.64.108.126;time(s);16.381.990.629.260;data;<id:c1-t1>;<id:c1-t1>;<id:canonical>;<id:canonical>;<id:cleft>;<id:cleft>;judgement;-15;submit;weiter;;;;;;;;;;;;
id;abbhfesn4tmomkpf7c6ajs6483;ip;91.64.108.126;time(s);16.381.990.740.196;data;<id:control-2>;<id:control-2>;<id:pro>;<id:pro>;<id:definite>;<id:definite>;judgement;100;submit;weiter;;;;;;;;;;;;
id;abbhfesn4tmomkpf7c6ajs6483;ip;91.64.108.126;time(s);16.381.990.918.327;data;<id:f-5>;<id:f-5>;<id:no_dm>;<id:no_dm>;<id:dm>;<id:dm>;judgement;45;submit;weiter;;;;;;;;;;;;
id;abbhfesn4tmomkpf7c6ajs6483;ip;91.64.108.126;time(s);16.381.991.089.797;data;<id:control-1>;<id:control-1>;<id:pro>;<id:pro>;<id:definite>;<id:definite>;judgement;100;submit;weiter;;;;;;;;;;;;
id;abbhfesn4tmomkpf7c6ajs6483;ip;91.64.108.126;time(s);16.381.991.280.145;data;<id:prolificID>;<id:prolificID>;prolificID;5fd26340c4224102ec7ff47b;<id:age>;<id:age>;age;35;<id:sex>;<id:sex>;sex;male;<id:edu>;<id:edu>;edu;Promotion;<id:natLang>;<id:natLang>;natLang;Deutsch;submit;weiter
id;abbhfesn4tmomkpf7c6ajs6483;ip;91.64.108.126;time(s);16.381.991.324.154;data;feedback;;;;;;;;;;;;;;;;;;;;;
id;d1d0vimve09ehvqh5tka4u1302;ip;91.21.94.204;time(s);16.382.011.118.600;data;submit;Ich möchte an dem Experiment teilnehmen!;;;;;;;;;;;;;;;;;;;;
id;d1d0vimve09ehvqh5tka4u1302;ip;91.21.94.204;time(s);16.382.011.580.671;data;judgement;-100;submit;Experiment starten;;;;;;;;;;;;;;;;;;
id;d1d0vimve09ehvqh5tka4u1302;ip;91.21.94.204;time(s);16.382.011.670.749;data;<id:f-2>;<id:f-2>;<id:front>;<id:front>;<id:unfront>;<id:unfront>;judgement;68;submit;weiter;;;;;;;;;;;;
id;d1d0vimve09ehvqh5tka4u1302;ip;91.21.94.204;time(s);16.382.011.811.058;data;<id:f-6>;<id:f-6>;<id:dm>;<id:dm>;<id:no_dm>;<id:no_dm>;judgement;-44;submit;weiter;;;;;;;;;;;;
id;d1d0vimve09ehvqh5tka4u1302;ip;91.21.94.204;time(s);16.382.011.914.836;data;<id:f-5>;<id:f-5>;<id:no_dm>;<id:no_dm>;<id:dm>;<id:dm>;judgement;70;submit;weiter;;;;;;;;;;;;
id;d1d0vimve09ehvqh5tka4u1302;ip;91.21.94.204;time(s);16.382.012.021.784;data;<id:f-3>;<id:f-3>;<id:front>;<id:front>;<id:unfront>;<id:unfront>;judgement;-41;submit;weiter;;;;;;;;;;;;
id;d1d0vimve09ehvqh5tka4u1302;ip;91.21.94.204;time(s);16.382.012.191.876;data;<id:c3-t4>;<id:c3-t4>;<id:cleft>;<id:cleft>;<id:canonical>;<id:canonical>;judgement;16;submit;weiter;;;;;;;;;;;;
id;d1d0vimve09ehvqh5tka4u1302;ip;91.21.94.204;time(s);16.382.012.435.812;data;<id:f-7>;<id:f-7>;<id:no_dm>;<id:no_dm>;<id:dm>;<id:dm>;judgement;53;submit;weiter;;;;;;;;;;;;
id;d1d0vimve09ehvqh5tka4u1302;ip;91.21.94.204;time(s);16.382.012.513.325;data;<id:f-8>;<id:f-8>;<id:dm>;<id:dm>;<id:no_dm>;<id:no_dm>;judgement;40;submit;weiter;;;;;;;;;;;;
id;d1d0vimve09ehvqh5tka4u1302;ip;91.21.94.204;time(s);16.382.012.627.451;data;<id:control-4>;<id:control-4>;<id:definite>;<id:definite>;<id:pro>;<id:pro>;judgement;27;submit;weiter;;;;;;;;;;;;
id;d1d0vimve09ehvqh5tka4u1302;ip;91.21.94.204;time(s);16.382.012.724.094;data;<id:c3-t5>;<id:c3-t5>;<id:canonical>;<id:canonical>;<id:cleft>;<id:cleft>;judgement;25;submit;weiter;;;;;;;;;;;;
id;d1d0vimve09ehvqh5tka4u1302;ip;91.21.94.204;time(s);16.382.012.815.851;data;<id:c1-t2>;<id:c1-t2>;<id:canonical>;<id:canonical>;<id:cleft>;<id:cleft>;judgement;24;submit;weiter;;;;;;;;;;;;
id;d1d0vimve09ehvqh5tka4u1302;ip;91.21.94.204;time(s);16.382.012.902.143;data;<id:f-1>;<id:f-1>;<id:unfront>;<id:unfront>;<id:front>;<id:front>;judgement;27;submit;weiter;;;;;;;;;;;;
id;d1d0vimve09ehvqh5tka4u1302;ip;91.21.94.204;time(s);16.382.012.999.422;data;<id:control-2>;<id:control-2>;<id:definite>;<id:definite>;<id:pro>;<id:pro>;judgement;-50;submit;weiter;;;;;;;;;;;;
id;d1d0vimve09ehvqh5tka4u1302;ip;91.21.94.204;time(s);16.382.013.087.679;data;<id:control-3>;<id:control-3>;<id:pro>;<id:pro>;<id:definite>;<id:definite>;judgement;-31;submit;weiter;;;;;;;;;;;;
id;d1d0vimve09ehvqh5tka4u1302;ip;91.21.94.204;time(s);16.382.013.197.214;data;<id:c1-t1>;<id:c1-t1>;<id:cleft>;<id:cleft>;<id:canonical>;<id:canonical>;judgement;-32;submit;weiter;;;;;;;;;;;;
id;d1d0vimve09ehvqh5tka4u1302;ip;91.21.94.204;time(s);16.382.013.309.397;data;<id:control-1>;<id:control-1>;<id:pro>;<id:pro>;<id:definite>;<id:definite>;judgement;43;submit;weiter;;;;;;;;;;;;
id;d1d0vimve09ehvqh5tka4u1302;ip;91.21.94.204;time(s);16.382.013.365.346;data;<id:f-4>;<id:f-4>;<id:front>;<id:front>;<id:unfront>;<id:unfront>;judgement;43;submit;weiter;;;;;;;;;;;;
id;d1d0vimve09ehvqh5tka4u1302;ip;91.21.94.204;time(s);16.382.013.542.472;data;<id:prolificID>;<id:prolificID>;prolificID;6105903e5e19257559b6cc3c;<id:age>;<id:age>;age;19;<id:sex>;<id:sex>;sex;female;<id:edu>;<id:edu>;edu;Abitur;<id:natLang>;<id:natLang>;natLang;Deutsch;submit;weiter
id;d1d0vimve09ehvqh5tka4u1302;ip;91.21.94.204;time(s);16.382.013.586.801;data;feedback;;;;;;;;;;;;;;;;;;;;;
id;fhftnmhm67q3dvj8jp2c7ol3o7;ip;217.6.254.132;time(s);16.381.999.712.995;data;submit;Ich möchte an dem Experiment teilnehmen!;;;;;;;;;;;;;;;;;;;;
id;fhftnmhm67q3dvj8jp2c7ol3o7;ip;217.6.254.132;time(s);16.382.000.284.517;data;judgement;-100;submit;Experiment starten;;;;;;;;;;;;;;;;;;
id;fhftnmhm67q3dvj8jp2c7ol3o7;ip;217.6.254.132;time(s);16.382.000.521.675;data;<id:f-8>;<id:f-8>;<id:no_dm>;<id:no_dm>;<id:dm>;<id:dm>;judgement;100;submit;weiter;;;;;;;;;;;;
id;fhftnmhm67q3dvj8jp2c7ol3o7;ip;217.6.254.132;time(s);16.382.000.636.620;data;<id:c1-t1>;<id:c1-t1>;<id:cleft>;<id:cleft>;<id:canonical>;<id:canonical>;judgement;100;submit;weiter;;;;;;;;;;;;
id;fhftnmhm67q3dvj8jp2c7ol3o7;ip;217.6.254.132;time(s);16.382.000.834.291;data;<id:control-4>;<id:control-4>;<id:pro>;<id:pro>;<id:definite>;<id:definite>;judgement;100;submit;weiter;;;;;;;;;;;;
id;fhftnmhm67q3dvj8jp2c7ol3o7;ip;217.6.254.132;time(s);16.382.001.001.409;data;<id:c3-t4>;<id:c3-t4>;<id:canonical>;<id:canonical>;<id:cleft>;<id:cleft>;judgement;41;submit;weiter;;;;;;;;;;;;
id;fhftnmhm67q3dvj8jp2c7ol3o7;ip;217.6.254.132;time(s);16.382.001.115.005;data;<id:control-3>;<id:control-3>;<id:pro>;<id:pro>;<id:definite>;<id:definite>;judgement;-62;submit;weiter;;;;;;;;;;;;
id;fhftnmhm67q3dvj8jp2c7ol3o7;ip;217.6.254.132;time(s);16.382.001.247.401;data;<id:control-2>;<id:control-2>;<id:definite>;<id:definite>;<id:pro>;<id:pro>;judgement;-100;submit;weiter;;;;;;;;;;;;
id;fhftnmhm67q3dvj8jp2c7ol3o7;ip;217.6.254.132;time(s);16.382.001.349.394;data;<id:f-2>;<id:f-2>;<id:front>;<id:front>;<id:unfront>;<id:unfront>;judgement;-65;submit;weiter;;;;;;;;;;;;
id;fhftnmhm67q3dvj8jp2c7ol3o7;ip;217.6.254.132;time(s);16.382.001.471.011;data;<id:f-4>;<id:f-4>;<id:unfront>;<id:unfront>;<id:front>;<id:front>;judgement;-53;submit;weiter;;;;;;;;;;;;
id;fhftnmhm67q3dvj8jp2c7ol3o7;ip;217.6.254.132;time(s);16.382.001.577.488;data;<id:f-7>;<id:f-7>;<id:no_dm>;<id:no_dm>;<id:dm>;<id:dm>;judgement;27;submit;weiter;;;;;;;;;;;;
id;fhftnmhm67q3dvj8jp2c7ol3o7;ip;217.6.254.132;time(s);16.382.001.703.561;data;<id:c3-t5>;<id:c3-t5>;<id:cleft>;<id:cleft>;<id:canonical>;<id:canonical>;judgement;-92;submit;weiter;;;;;;;;;;;;
id;fhftnmhm67q3dvj8jp2c7ol3o7;ip;217.6.254.132;time(s);16.382.002.376.811;data;<id:f-1>;<id:f-1>;<id:front>;<id:front>;<id:unfront>;<id:unfront>;judgement;52;submit;weiter;;;;;;;;;;;;
id;fhftnmhm67q3dvj8jp2c7ol3o7;ip;217.6.254.132;time(s);16.382.002.485.734;data;<id:f-6>;<id:f-6>;<id:no_dm>;<id:no_dm>;<id:dm>;<id:dm>;judgement;-17;submit;weiter;;;;;;;;;;;;
id;fhftnmhm67q3dvj8jp2c7ol3o7;ip;217.6.254.132;time(s);16.382.002.622.284;data;<id:control-1>;<id:control-1>;<id:pro>;<id:pro>;<id:definite>;<id:definite>;judgement;70;submit;weiter;;;;;;;;;;;;
id;fhftnmhm67q3dvj8jp2c7ol3o7;ip;217.6.254.132;time(s);16.382.002.731.409;data;<id:f-5>;<id:f-5>;<id:no_dm>;<id:no_dm>;<id:dm>;<id:dm>;judgement;100;submit;weiter;;;;;;;;;;;;
id;fhftnmhm67q3dvj8jp2c7ol3o7;ip;217.6.254.132;time(s);16.382.002.889.064;data;<id:f-3>;<id:f-3>;<id:front>;<id:front>;<id:unfront>;<id:unfront>;judgement;37;submit;weiter;;;;;;;;;;;;
id;fhftnmhm67q3dvj8jp2c7ol3o7;ip;217.6.254.132;time(s);16.382.002.954.082;data;<id:c1-t2>;<id:c1-t2>;<id:canonical>;<id:canonical>;<id:cleft>;<id:cleft>;judgement;-30;submit;weiter;;;;;;;;;;;;
id;fhftnmhm67q3dvj8jp2c7ol3o7;ip;217.6.254.132;time(s);16.382.003.362.509;data;<id:prolificID>;<id:prolificID>;prolificID;615d95ba9450b1785af231b7;<id:age>;<id:age>;age;38;<id:sex>;<id:sex>;sex;female;<id:edu>;<id:edu>;edu;abgeschlossene Berufsausbildung;<id:natLang>;<id:natLang>;natLang;deutsch;submit;weiter
id;fhftnmhm67q3dvj8jp2c7ol3o7;ip;217.6.254.132;time(s);16.382.003.425.690;data;feedback;;;;;;;;;;;;;;;;;;;;;
id;hj98jir8ukoq7quihgachvlfk4;ip;185.68.78.70;time(s);16.382.025.129.251;data;submit;Ich möchte an dem Experiment teilnehmen!;;;;;;;;;;;;;;;;;;;;
id;hj98jir8ukoq7quihgachvlfk4;ip;185.68.78.70;time(s);16.382.025.347.086;data;judgement;-100;submit;Experiment starten;;;;;;;;;;;;;;;;;;
id;hj98jir8ukoq7quihgachvlfk4;ip;185.68.78.70;time(s);16.382.025.488.503;data;<id:control-3>;<id:control-3>;<id:definite>;<id:definite>;<id:pro>;<id:pro>;judgement;-79;submit;weiter;;;;;;;;;;;;
id;hj98jir8ukoq7quihgachvlfk4;ip;185.68.78.70;time(s);16.382.025.619.431;data;<id:c3-t5>;<id:c3-t5>;<id:cleft>;<id:cleft>;<id:canonical>;<id:canonical>;judgement;0;submit;weiter;;;;;;;;;;;;
id;hj98jir8ukoq7quihgachvlfk4;ip;185.68.78.70;time(s);16.382.025.825.009;data;<id:f-1>;<id:f-1>;<id:front>;<id:front>;<id:unfront>;<id:unfront>;judgement;-12;submit;weiter;;;;;;;;;;;;
id;hj98jir8ukoq7quihgachvlfk4;ip;185.68.78.70;time(s);16.382.025.945.395;data;<id:control-1>;<id:control-1>;<id:definite>;<id:definite>;<id:pro>;<id:pro>;judgement;-34;submit;weiter;;;;;;;;;;;;
id;hj98jir8ukoq7quihgachvlfk4;ip;185.68.78.70;time(s);16.382.026.003.780;data;<id:c1-t2>;<id:c1-t2>;<id:canonical>;<id:canonical>;<id:cleft>;<id:cleft>;judgement;-20;submit;weiter;;;;;;;;;;;;
id;hj98jir8ukoq7quihgachvlfk4;ip;185.68.78.70;time(s);16.382.026.088.208;data;<id:f-3>;<id:f-3>;<id:unfront>;<id:unfront>;<id:front>;<id:front>;judgement;-16;submit;weiter;;;;;;;;;;;;
id;hj98jir8ukoq7quihgachvlfk4;ip;185.68.78.70;time(s);16.382.026.177.414;data;<id:f-5>;<id:f-5>;<id:dm>;<id:dm>;<id:no_dm>;<id:no_dm>;judgement;-64;submit;weiter;;;;;;;;;;;;
id;hj98jir8ukoq7quihgachvlfk4;ip;185.68.78.70;time(s);16.382.026.267.404;data;<id:f-8>;<id:f-8>;<id:dm>;<id:dm>;<id:no_dm>;<id:no_dm>;judgement;-61;submit;weiter;;;;;;;;;;;;
id;hj98jir8ukoq7quihgachvlfk4;ip;185.68.78.70;time(s);16.382.026.346.847;data;<id:control-4>;<id:control-4>;<id:pro>;<id:pro>;<id:definite>;<id:definite>;judgement;-5;submit;weiter;;;;;;;;;;;;
id;hj98jir8ukoq7quihgachvlfk4;ip;185.68.78.70;time(s);16.382.026.426.442;data;<id:f-2>;<id:f-2>;<id:unfront>;<id:unfront>;<id:front>;<id:front>;judgement;0;submit;weiter;;;;;;;;;;;;
id;hj98jir8ukoq7quihgachvlfk4;ip;185.68.78.70;time(s);16.382.026.481.203;data;<id:c1-t1>;<id:c1-t1>;<id:cleft>;<id:cleft>;<id:canonical>;<id:canonical>;judgement;14;submit;weiter;;;;;;;;;;;;
id;hj98jir8ukoq7quihgachvlfk4;ip;185.68.78.70;time(s);16.382.026.524.359;data;<id:f-4>;<id:f-4>;<id:front>;<id:front>;<id:unfront>;<id:unfront>;judgement;15;submit;weiter;;;;;;;;;;;;
id;hj98jir8ukoq7quihgachvlfk4;ip;185.68.78.70;time(s);16.382.026.604.420;data;<id:f-7>;<id:f-7>;<id:no_dm>;<id:no_dm>;<id:dm>;<id:dm>;judgement;-67;submit;weiter;;;;;;;;;;;;
id;hj98jir8ukoq7quihgachvlfk4;ip;185.68.78.70;time(s);16.382.026.693.201;data;<id:control-2>;<id:control-2>;<id:pro>;<id:pro>;<id:definite>;<id:definite>;judgement;37;submit;weiter;;;;;;;;;;;;
id;hj98jir8ukoq7quihgachvlfk4;ip;185.68.78.70;time(s);16.382.026.738.162;data;<id:f-6>;<id:f-6>;<id:dm>;<id:dm>;<id:no_dm>;<id:no_dm>;judgement;-55;submit;weiter;;;;;;;;;;;;
id;hj98jir8ukoq7quihgachvlfk4;ip;185.68.78.70;time(s);16.382.026.835.066;data;<id:c3-t4>;<id:c3-t4>;<id:cleft>;<id:cleft>;<id:canonical>;<id:canonical>;judgement;-12;submit;weiter;;;;;;;;;;;;
id;hj98jir8ukoq7quihgachvlfk4;ip;185.68.78.70;time(s);16.382.026.976.201;data;<id:prolificID>;<id:prolificID>;prolificID;5fef891f9bf07d29c1ee7bfe;<id:age>;<id:age>;age;22;<id:sex>;<id:sex>;sex;male;<id:edu>;<id:edu>;edu;bachelor;<id:natLang>;<id:natLang>;natLang;Deutsch;submit;weiter
id;hj98jir8ukoq7quihgachvlfk4;ip;185.68.78.70;time(s);16.382.026.985.628;data;feedback;;;;;;;;;;;;;;;;;;;;;
id;krro4e84h4s1ksf3p1kc69evu1;ip;84.137.26.131;time(s);16.382.008.168.355;data;submit;Ich möchte an dem Experiment teilnehmen!;;;;;;;;;;;;;;;;;;;;
id;krro4e84h4s1ksf3p1kc69evu1;ip;84.137.26.131;time(s);16.382.008.387.301;data;judgement;-100;submit;Experiment starten;;;;;;;;;;;;;;;;;;
id;krro4e84h4s1ksf3p1kc69evu1;ip;84.137.26.131;time(s);16.382.008.571.859;data;<id:control-1>;<id:control-1>;<id:definite>;<id:definite>;<id:pro>;<id:pro>;judgement;-100;submit;weiter;;;;;;;;;;;;
id;krro4e84h4s1ksf3p1kc69evu1;ip;84.137.26.131;time(s);16.382.008.708.546;data;<id:f-3>;<id:f-3>;<id:unfront>;<id:unfront>;<id:front>;<id:front>;judgement;-64;submit;weiter;;;;;;;;;;;;
id;krro4e84h4s1ksf3p1kc69evu1;ip;84.137.26.131;time(s);16.382.008.827.927;data;<id:f-7>;<id:f-7>;<id:no_dm>;<id:no_dm>;<id:dm>;<id:dm>;judgement;75;submit;weiter;;;;;;;;;;;;
id;krro4e84h4s1ksf3p1kc69evu1;ip;84.137.26.131;time(s);16.382.008.990.725;data;<id:f-1>;<id:f-1>;<id:front>;<id:front>;<id:unfront>;<id:unfront>;judgement;-25;submit;weiter;;;;;;;;;;;;
id;krro4e84h4s1ksf3p1kc69evu1;ip;84.137.26.131;time(s);16.382.009.108.722;data;<id:c3-t5>;<id:c3-t5>;<id:canonical>;<id:canonical>;<id:cleft>;<id:cleft>;judgement;80;submit;weiter;;;;;;;;;;;;
id;krro4e84h4s1ksf3p1kc69evu1;ip;84.137.26.131;time(s);16.382.009.196.907;data;<id:c1-t1>;<id:c1-t1>;<id:canonical>;<id:canonical>;<id:cleft>;<id:cleft>;judgement;-73;submit;weiter;;;;;;;;;;;;
id;krro4e84h4s1ksf3p1kc69evu1;ip;84.137.26.131;time(s);16.382.009.286.292;data;<id:control-3>;<id:control-3>;<id:pro>;<id:pro>;<id:definite>;<id:definite>;judgement;-77;submit;weiter;;;;;;;;;;;;
id;krro4e84h4s1ksf3p1kc69evu1;ip;84.137.26.131;time(s);16.382.009.395.302;data;<id:control-2>;<id:control-2>;<id:pro>;<id:pro>;<id:definite>;<id:definite>;judgement;85;submit;weiter;;;;;;;;;;;;
id;krro4e84h4s1ksf3p1kc69evu1;ip;84.137.26.131;time(s);16.382.009.587.377;data;<id:c3-t4>;<id:c3-t4>;<id:cleft>;<id:cleft>;<id:canonical>;<id:canonical>;judgement;-45;submit;weiter;;;;;;;;;;;;
id;krro4e84h4s1ksf3p1kc69evu1;ip;84.137.26.131;time(s);16.382.009.651.455;data;<id:f-6>;<id:f-6>;<id:dm>;<id:dm>;<id:no_dm>;<id:no_dm>;judgement;-39;submit;weiter;;;;;;;;;;;;
id;krro4e84h4s1ksf3p1kc69evu1;ip;84.137.26.131;time(s);16.382.009.688.170;data;<id:f-4>;<id:f-4>;<id:front>;<id:front>;<id:unfront>;<id:unfront>;judgement;100;submit;weiter;;;;;;;;;;;;
id;krro4e84h4s1ksf3p1kc69evu1;ip;84.137.26.131;time(s);16.382.009.754.398;data;<id:c1-t2>;<id:c1-t2>;<id:canonical>;<id:canonical>;<id:cleft>;<id:cleft>;judgement;-71;submit;weiter;;;;;;;;;;;;
id;krro4e84h4s1ksf3p1kc69evu1;ip;84.137.26.131;time(s);16.382.009.850.422;data;<id:f-5>;<id:f-5>;<id:no_dm>;<id:no_dm>;<id:dm>;<id:dm>;judgement;90;submit;weiter;;;;;;;;;;;;
id;krro4e84h4s1ksf3p1kc69evu1;ip;84.137.26.131;time(s);16.382.009.944.782;data;<id:f-8>;<id:f-8>;<id:dm>;<id:dm>;<id:no_dm>;<id:no_dm>;judgement;-75;submit;weiter;;;;;;;;;;;;
id;krro4e84h4s1ksf3p1kc69evu1;ip;84.137.26.131;time(s);16.382.010.012.548;data;<id:control-4>;<id:control-4>;<id:pro>;<id:pro>;<id:definite>;<id:definite>;judgement;-67;submit;weiter;;;;;;;;;;;;
id;krro4e84h4s1ksf3p1kc69evu1;ip;84.137.26.131;time(s);16.382.010.061.704;data;<id:f-2>;<id:f-2>;<id:front>;<id:front>;<id:unfront>;<id:unfront>;judgement;69;submit;weiter;;;;;;;;;;;;
id;krro4e84h4s1ksf3p1kc69evu1;ip;84.137.26.131;time(s);16.382.010.264.066;data;<id:prolificID>;<id:prolificID>;prolificID;5ca5e2db5a0bd300176fd54c;<id:age>;<id:age>;age;25;<id:sex>;<id:sex>;sex;male;<id:edu>;<id:edu>;edu;Fachabitur;<id:natLang>;<id:natLang>;natLang;Deutsch;submit;weiter
id;krro4e84h4s1ksf3p1kc69evu1;ip;84.137.26.131;time(s);16.382.010.293.504;data;feedback;;;;;;;;;;;;;;;;;;;;;
id;tvbj3e26kc9o4ee417k9ncpj27;ip;62.155.162.165;time(s);16.381.976.237.563;data;submit;Ich möchte an dem Experiment teilnehmen!;;;;;;;;;;;;;;;;;;;;
id;tvbj3e26kc9o4ee417k9ncpj27;ip;62.155.162.165;time(s);16.381.976.882.526;data;judgement;-98;submit;Experiment starten;;;;;;;;;;;;;;;;;;
id;tvbj3e26kc9o4ee417k9ncpj27;ip;62.155.162.165;time(s);16.381.977.119.908;data;<id:c3-t5>;<id:c3-t5>;<id:canonical>;<id:canonical>;<id:cleft>;<id:cleft>;judgement;100;submit;weiter;;;;;;;;;;;;
id;tvbj3e26kc9o4ee417k9ncpj27;ip;62.155.162.165;time(s);16.381.977.249.931;data;<id:f-2>;<id:f-2>;<id:unfront>;<id:unfront>;<id:front>;<id:front>;judgement;0;submit;weiter;;;;;;;;;;;;
id;tvbj3e26kc9o4ee417k9ncpj27;ip;62.155.162.165;time(s);16.381.977.287.650;data;<id:f-3>;<id:f-3>;<id:front>;<id:front>;<id:unfront>;<id:unfront>;judgement;1;submit;weiter;;;;;;;;;;;;
id;tvbj3e26kc9o4ee417k9ncpj27;ip;62.155.162.165;time(s);16.381.977.480.783;data;<id:control-1>;<id:control-1>;<id:pro>;<id:pro>;<id:definite>;<id:definite>;judgement;54;submit;weiter;;;;;;;;;;;;
id;tvbj3e26kc9o4ee417k9ncpj27;ip;62.155.162.165;time(s);16.381.977.658.466;data;<id:f-5>;<id:f-5>;<id:no_dm>;<id:no_dm>;<id:dm>;<id:dm>;judgement;-89;submit;weiter;;;;;;;;;;;;
id;tvbj3e26kc9o4ee417k9ncpj27;ip;62.155.162.165;time(s);16.381.977.794.791;data;<id:f-7>;<id:f-7>;<id:no_dm>;<id:no_dm>;<id:dm>;<id:dm>;judgement;83;submit;weiter;;;;;;;;;;;;
id;tvbj3e26kc9o4ee417k9ncpj27;ip;62.155.162.165;time(s);16.381.977.928.844;data;<id:c1-t1>;<id:c1-t1>;<id:cleft>;<id:cleft>;<id:canonical>;<id:canonical>;judgement;69;submit;weiter;;;;;;;;;;;;
id;tvbj3e26kc9o4ee417k9ncpj27;ip;62.155.162.165;time(s);16.381.978.025.833;data;<id:f-4>;<id:f-4>;<id:unfront>;<id:unfront>;<id:front>;<id:front>;judgement;-91;submit;weiter;;;;;;;;;;;;
id;tvbj3e26kc9o4ee417k9ncpj27;ip;62.155.162.165;time(s);16.381.978.161.768;data;<id:control-2>;<id:control-2>;<id:definite>;<id:definite>;<id:pro>;<id:pro>;judgement;-91;submit;weiter;;;;;;;;;;;;
id;tvbj3e26kc9o4ee417k9ncpj27;ip;62.155.162.165;time(s);16.381.978.278.388;data;<id:control-3>;<id:control-3>;<id:pro>;<id:pro>;<id:definite>;<id:definite>;judgement;80;submit;weiter;;;;;;;;;;;;
id;tvbj3e26kc9o4ee417k9ncpj27;ip;62.155.162.165;time(s);16.381.978.390.341;data;<id:c1-t2>;<id:c1-t2>;<id:cleft>;<id:cleft>;<id:canonical>;<id:canonical>;judgement;75;submit;weiter;;;;;;;;;;;;
id;tvbj3e26kc9o4ee417k9ncpj27;ip;62.155.162.165;time(s);16.381.978.531.837;data;<id:f-1>;<id:f-1>;<id:unfront>;<id:unfront>;<id:front>;<id:front>;judgement;-87;submit;weiter;;;;;;;;;;;;
id;tvbj3e26kc9o4ee417k9ncpj27;ip;62.155.162.165;time(s);16.381.978.623.574;data;<id:f-6>;<id:f-6>;<id:no_dm>;<id:no_dm>;<id:dm>;<id:dm>;judgement;85;submit;weiter;;;;;;;;;;;;
id;tvbj3e26kc9o4ee417k9ncpj27;ip;62.155.162.165;time(s);16.381.978.726.578;data;<id:c3-t4>;<id:c3-t4>;<id:cleft>;<id:cleft>;<id:canonical>;<id:canonical>;judgement;-8;submit;weiter;;;;;;;;;;;;
id;tvbj3e26kc9o4ee417k9ncpj27;ip;62.155.162.165;time(s);16.381.978.873.357;data;<id:f-8>;<id:f-8>;<id:dm>;<id:dm>;<id:no_dm>;<id:no_dm>;judgement;-86;submit;weiter;;;;;;;;;;;;
id;tvbj3e26kc9o4ee417k9ncpj27;ip;62.155.162.165;time(s);16.381.978.999.826;data;<id:control-4>;<id:control-4>;<id:pro>;<id:pro>;<id:definite>;<id:definite>;judgement;75;submit;weiter;;;;;;;;;;;;
id;tvbj3e26kc9o4ee417k9ncpj27;ip;62.155.162.165;time(s);16.381.979.375.818;data;<id:prolificID>;<id:prolificID>;prolificID;5ea5d79c37cb2805c2e6f08e;<id:age>;<id:age>;age;58;<id:sex>;<id:sex>;sex;male;<id:edu>;<id:edu>;edu;Abitur;<id:natLang>;<id:natLang>;natLang;deutsch;submit;weiter
id;tvbj3e26kc9o4ee417k9ncpj27;ip;62.155.162.165;time(s);16.381.979.442.170;data;feedback;;;;;;;;;;;;;;;;;;;;;
